<?xml version="1.0" encoding="UTF-8"?>
<window>
	<!-- virtualkeyboard -->
	<defaultcontrol always="true">21</defaultcontrol>
	<controls>
		<!-- Background -->
		<control type="group">
			<include>DialogBackgroundImage</include>
			<visible>!Window.IsVisible(virtualkeyboard)</visible>
		</control>
		<!-- Dialog group -->
		<control type="group">
			<top>-34</top>
			<width>1920</width>
			<height>740</height>
			<animation easing="inout" effect="slide" end="0,0" start="0,-444" time="120" tween="sine">WindowOpen</animation>
			<animation easing="inout" effect="slide" end="0,0" start="0,-444" time="120" tween="sine">WindowOpen</animation>
			<!-- Background -->
			<control type="image">
				<centerleft>50%</centerleft>
				<width>960</width>
				<height>444</height>
				<texture border="32">dialogs/DialogMessageBackground.png</texture>
			</control>
			<!-- Control group -->
			<control type="group">
				<top>38</top>
				<width>868</width>
				<centerleft>50%</centerleft>
				<!-- icon -->
				<control type="group">
					<top>10</top>
					<width>116</width>
					<height>116</height>
					<!-- Icon back -->
					<control type="image">
						<width>116</width>
						<height>116</height>
						<texture>dialogs/progress/bg.png</texture>
					</control>
					<control type="image">
						<width>116</width>
						<height>116</height>
						<texture>dialogs/progress/bg_circle.png</texture>
					</control>
					<!-- Icon -->
					<control type="image">
						<width>116</width>
						<height>116</height>
						<texture>dialogs/icons/123.png</texture>
					</control>
				</control>
				<!-- Heading -->
				<control type="label">
					<left>132</left>
					<top>24</top>
					<width>736</width>
					<height>54</height>
					<font>Light30</font>
					<textcolor>fff4f4f4</textcolor>
					<label>31524</label>
				</control>
				<control id="1" type="label">
					<left>132</left>
					<top>58</top>
					<width>736</width>
					<height>54</height>
					<font>Reg27</font>
					<textcolor>ff7f7f7f</textcolor>
					<label>$LOCALIZE[16028]</label>
				</control>
				<!-- Edit -->
				<control id="4" type="label">
					<left>10</left>
					<top>294</top>
					<width>788</width>
					<height>48</height>
					<font>Light39</font>
					<align>left</align>
					<textcolor>ffffc24b</textcolor>
					<disabledcolor>ffdadada</disabledcolor>
				</control>
				<!-- Edit Text line -->
				<control type="image">
					<top>259</top>
					<centerleft>50%</centerleft>
					<width>898</width>
					<height>2</height>
					<texture border="1">dialogs/KeyboardEditLine2.png</texture>
				</control>
				<!-- Keys -->
				<control type="group">
					<top>171</top>
					<!-- Control button edit field -->
					<control id="21" type="button">
						<right>0</right>
						<top>124</top>
						<onup>11</onup>
						<include content="BottomControlButtons">
							<param name="name">enter</param>
						</include>
					</control>
					<!-- Numbers -->
					<control id="1000" type="grouplist">
						<width>788</width>
						<height>48</height>
						<itemgap>12</itemgap>
						<onleft>noop</onleft>
						<onright>20</onright>
						<align>left</align>
						<orientation>horizontal</orientation>
						<!-- '1' -->
						<control id="11" type="button">
							<ondown>21</ondown>
							<label>12311</label>
							<include>SmallKeyboardButtons</include>
						</control>
						<!-- '2' -->
						<control id="12" type="button">
							<ondown>21</ondown>
							<label>12312</label>
							<include>SmallKeyboardButtons</include>
						</control>
						<!-- '3' -->
						<control id="13" type="button">
							<ondown>21</ondown>
							<label>12313</label>
							<include>SmallKeyboardButtons</include>
						</control>
						<!-- '4' -->
						<control id="14" type="button">
							<ondown>21</ondown>
							<label>12314</label>
							<include>SmallKeyboardButtons</include>
						</control>
						<!-- '5' -->
						<control id="15" type="button">
							<ondown>21</ondown>
							<label>12315</label>
							<include>SmallKeyboardButtons</include>
						</control>
						<!-- '6' -->
						<control id="16" type="button">
							<ondown>21</ondown>
							<label>12316</label>
							<include>SmallKeyboardButtons</include>
						</control>
						<!-- '7' -->
						<control id="17" type="button">
							<ondown>21</ondown>
							<label>12317</label>
							<include>SmallKeyboardButtons</include>
						</control>
						<!-- '8' -->
						<control id="18" type="button">
							<ondown>21</ondown>
							<label>12318</label>
							<include>SmallKeyboardButtons</include>
						</control>
						<!-- '9' -->
						<control id="19" type="button">
							<ondown>21</ondown>
							<label>12319</label>
							<include>SmallKeyboardButtons</include>
						</control>
						<!-- '0' -->
						<control id="10" type="button">
							<ondown>21</ondown>
							<label>12310</label>
							<include>SmallKeyboardButtons</include>
						</control>
					</control>
					<!-- Controls -->
					<control id="2000" type="grouplist">
						<right>0</right>
						<width>228</width>
						<height>48</height>
						<itemgap>12</itemgap>
						<onleft>10</onleft>
						<onright>noop</onright>
						<align>right</align>
						<orientation>horizontal</orientation>
						<!-- 'previous' -->
						<control id="20" type="button">
							<ondown>21</ondown>
							<label>12310</label>
							<include content="BottomControlButtons">
								<param name="name">previous</param>
							</include>
						</control>
						<!-- 'next' -->
						<control id="22" type="button">
							<ondown>21</ondown>
							<label>12310</label>
							<include content="BottomControlButtons">
								<param name="name">next</param>
							</include>
						</control>
						<!-- 'backspace' -->
						<control id="23" type="button">
							<ondown>21</ondown>
							<label>12310</label>
							<include content="BottomControlButtons">
								<param name="name">backspace</param>
							</include>
						</control>
						<!-- 'cancel' -->
						<control id="301" type="button">
							<ondown>21</ondown>
							<label>12310</label>
							<include content="BottomControlButtons">
								<param name="name">cancel</param>
							</include>
						</control>
					</control>
				</control>
			</control>
		</control>
	</controls>
</window>