<?xml version="1.0" encoding="UTF-8"?>
<window>
	<backgroundcolor>0xff12161b</backgroundcolor>
	<defaultcontrol always="true">40</defaultcontrol>
	<onload>SetProperty(preload,1,Home)</onload>
	<controls>
		<!-- splash -->
		<control type="image">
			<left>-96</left>
			<top>-54</top>
			<width>2112</width>
			<height>1188</height>
			<texture>special://skin/extras/backgrounds/loading.jpg</texture>
		</control>
		<control type="grouplist">
			<top>765</top>
			<left>-10</left>
			<width>1920</width>
			<align>center</align>			
			<height>200</height>
			<orientation>horizontal</orientation>
			<control type="image">
				<width>47</width>
				<height>46</height>
				<aspectratio>keep</aspectratio>
				<texture>home/loading_icon.png</texture>
				<colordiffuse>ffb0b4b7</colordiffuse>
			</control>
			<control type="label">
				<font>Light32</font>
				<textcolor>ffb0b4b7</textcolor>
				<width>auto</width>
				<height>41</height>
				<label>$LOCALIZE[31531]</label>
			</control>
		</control>
		<control type="image">
			<top>735</top>
			<left>700</left>
			<height>100</height>
			<width>89</width>
			<aspectratio>keep</aspectratio>
			<colordiffuse>ffffffff</colordiffuse>
			<texture>dialogs/gradient_animation.png</texture>
			<animation effect="slide" time="4000" tween="sine" easing="inout" start="0,0" end="420,0" loop="true" condition="true">Conditional</animation>
		</control>
		<!-- trigger -->
		<control type="button" id="40">
			<onfocus>SetProperty(Preload,1,Home)</onfocus>
			<onfocus condition="!StringCompare(Skin.String(QuestionsAsked),1)">SetFocus(10)</onfocus>
			<onfocus condition="StringCompare(Skin.String(QuestionsAsked),1)">SetFocus(30)</onfocus>
			<texturenofocus>-</texturenofocus>
			<texturefocus>-</texturefocus>
		</control>
		<!-- ask to change stuff -->
		<control type="button" id="10">
			<onfocus condition="System.HasAddon(script.skin.helper.service) + System.GetBool(input.enablemouse)">RunScript(script.toolbox,info=yesnodialog,header=$LOCALIZE[31535],text=$LOCALIZE[31536],yesaction=RunScript(script.skin.helper.service,action=togglekodisetting,setting=input.enablemouse)||SetFocus(20),noaction=SetFocus(20),yeslabel=$LOCALIZE[107],nolabel=$LOCALIZE[106])</onfocus>
			<onfocus condition="!System.HasAddon(script.skin.helper.service) + System.GetBool(input.enablemouse)">RunScript(script.toolbox,info=okdialog,header=$LOCALIZE[31535],text=$LOCALIZE[31537])</onfocus>
			<onfocus condition="!System.HasAddon(script.skin.helper.service) | !System.GetBool(input.enablemouse)">SetFocus(20)</onfocus>
			<texturenofocus>-</texturenofocus>
			<texturefocus>-</texturefocus>
		</control>
		<!-- ask to change stuff -->
		<control type="button" id="20">
			<onfocus condition="System.HasAddon(script.skin.helper.service) + System.GetBool(filelists.showparentdiritems) + System.GetBool(musiclibrary.showallitems)">RunScript(script.toolbox,info=yesnodialog,header=$LOCALIZE[31538],text=$LOCALIZE[31539],yesaction=RunScript(script.skin.helper.service,action=togglekodisetting,setting=filelists.showparentdiritems)||RunScript(script.skin.helper.service,action=togglekodisetting,setting=musiclibrary.showallitems)||SetFocus(30),noaction=SetFocus(30),yeslabel=$LOCALIZE[107],nolabel=$LOCALIZE[106])</onfocus>
			<onfocus condition="System.HasAddon(script.skin.helper.service) + System.GetBool(filelists.showparentdiritems) + !System.GetBool(musiclibrary.showallitems)">RunScript(script.toolbox,info=yesnodialog,header=$LOCALIZE[31538],text=$LOCALIZE[31539],yesaction=RunScript(script.skin.helper.service,action=togglekodisetting,setting=filelists.showparentdiritems)||SetFocus(30),noaction=SetFocus(30),yeslabel=$LOCALIZE[107],nolabel=$LOCALIZE[106])</onfocus>
			<onfocus condition="System.HasAddon(script.skin.helper.service) + !System.GetBool(filelists.showparentdiritems) + System.GetBool(musiclibrary.showallitems)">RunScript(script.toolbox,info=yesnodialog,header=$LOCALIZE[31538],text=$LOCALIZE[31539],yesaction=RunScript(script.skin.helper.service,action=togglekodisetting,setting=musiclibrary.showallitems)||SetFocus(30),noaction=SetFocus(30),yeslabel=$LOCALIZE[107],nolabel=$LOCALIZE[106])</onfocus>
			<onfocus condition="!System.HasAddon(script.skin.helper.service) | [!System.GetBool(filelists.showparentdiritems) + !System.GetBool(musiclibrary.showallitems)]">SetFocus(30)</onfocus>
			<texturenofocus>-</texturenofocus>
			<texturefocus>-</texturefocus>
		</control>
		<!-- switch to home -->
		<control type="button" id="30">
			<onfocus condition="!StringCompare(Skin.String(QuestionsAsked),1)">Skin.SetString(QuestionsAsked,1)</onfocus>
			<!-- workaround to fill the tv channel list correclty -->
			<onfocus>SetProperty(WaitForControl,1,Home)</onfocus>
			<onfocus>AlarmClock(WaitForControl,ClearProperty(WaitForControl),00:05,silent)</onfocus>
			<onfocus>AlarmClock(PreloadTimeout,ClearProperty(PreloadTimout),00:30,silent)</onfocus>
			<onfocus condition="System.GetBool(pvrmanager.enabled)">AlarmClock(PVRWidgetWorkaround,ReplaceWindow($INFO[System.StartupWindow]),00:02,silent)</onfocus>
			<onfocus condition="!System.GetBool(pvrmanager.enabled)">ReplaceWindow($INFO[System.StartupWindow])</onfocus>
			<texturenofocus>-</texturenofocus>
			<texturefocus>-</texturefocus>
		</control>
	</controls>
</window>