<?xml version="1.0" encoding="UTF-8"?>
<window>
	<menucontrol>1000</menucontrol>
	<backgroundcolor>0xff12161b</backgroundcolor>
	<defaultcontrol always="true">58</defaultcontrol>
	<views>58,59</views>
	<controls>
		<!-- Fanart -->
		<include>PVRFanart</include>
		<!-- Heading / Current item / Total items -->
		<control type="group">
			<animation delay="400" effect="fade" end="100" start="0" time="200" condition="Control.IsVisible(59)">WindowOpen</animation>
			<animation delay="200" effect="fade" end="100" start="0" time="200" condition="Control.IsVisible(58)">WindowOpen</animation>
			<animation effect="slide" start="0,0" end="88,34" time="0" condition="Control.IsVisible(59)">Conditional</animation>
			<control type="grouplist">
				<left>110</left>
				<top>100</top>
				<height>80</height>
				<itemgap>10</itemgap>
				<orientation>horizontal</orientation>
				<usecontrolcoords>true</usecontrolcoords>
				<control type="label">
					<width>auto</width>
					<height>60</height>
					<font>Med48</font>
					<aligny>bottom</aligny>
					<textcolor>ffdadada</textcolor>
					<label>$LOCALIZE[19023]$INFO[Container.FolderName,  “,”]  </label>
				</control>
				<control type="label">
					<top>15</top>
					<width>auto</width>
					<height>60</height>
					<font>Med32</font>
					<aligny>bottom</aligny>
					<textcolor>ffdadada</textcolor>
					<label>$INFO[Container.CurrentItem]</label>
					<visible>Integer.IsGreater(Container.NumItems,0)</visible>
				</control>
				<control type="label">
					<top>14</top>
					<width>auto</width>
					<height>60</height>
					<font>Light36</font>
					<aligny>bottom</aligny>
					<textcolor>ff505050</textcolor>
					<label>|</label>
					<visible>Integer.IsGreater(Container.NumItems,0)</visible>
				</control>
				<control type="label">
					<top>15</top>
					<width>auto</width>
					<height>60</height>
					<font>Light32</font>
					<aligny>bottom</aligny>
					<textcolor>ff505050</textcolor>
					<label>$INFO[Container.NumItems]</label>
					<visible>Integer.IsGreater(Container.NumItems,0)</visible>
				</control>
			</control>
			<!-- Controls -->
			<control type="grouplist" id="1000">
				<left>108</left>
				<top>178</top>
				<height>40</height>
				<itemgap>47</itemgap>
				<orientation>horizontal</orientation>
				<onright>1004</onright>
				<onleft>1001</onleft>
				<ondown>59</ondown>
				<control type="button" id="1001">
					<width>auto</width>
					<height>40</height>
					<font>Light32</font>
					<aligny>bottom</aligny>
					<textcolor>ff505559</textcolor>
					<focusedcolor>ffffc24b</focusedcolor>
					<label>$LOCALIZE[31345]</label>
					<onclick>NextChannelGroup</onclick>
					<include>NoTextures</include>
				</control>
				<control type="button" id="1002">
					<width>auto</width>
					<height>40</height>
					<font>Light32</font>
					<aligny>bottom</aligny>
					<textcolor>ff505559</textcolor>
					<focusedcolor>ffffc24b</focusedcolor>
					<label>$LOCALIZE[31347]</label>
					<onclick>ActivateWindow(tvguide)</onclick>
					<include>NoTextures</include>
				</control>
				<control type="button" id="1003">
					<width>auto</width>
					<height>40</height>
					<font>Light32</font>
					<aligny>bottom</aligny>
					<textcolor>ff505559</textcolor>
					<focusedcolor>ffffc24b</focusedcolor>
					<label>$LOCALIZE[31344]</label>
					<onclick>ActivateWindow(tvrecordings)</onclick>
					<include>NoTextures</include>
				</control>
				<control type="button" id="1004">
					<width>auto</width>
					<height>40</height>
					<font>Light32</font>
					<aligny>bottom</aligny>
					<textcolor>ff505559</textcolor>
					<focusedcolor>ffffc24b</focusedcolor>
					<label>$LOCALIZE[31346]</label>
					<onclick>ActivateWindow(TVTimers)</onclick>
					<include>NoTextures</include>
				</control>
				<control type="button" id="1005">
					<width>auto</width>
					<height>40</height>
					<font>Light32</font>
					<aligny>bottom</aligny>
					<textcolor>ff505559</textcolor>
					<focusedcolor>ffffc24b</focusedcolor>
					<label>$LOCALIZE[457]</label>
					<onclick>Container.NextViewMode</onclick>
					<include>NoTextures</include>
				</control>
			</control>
		</control>
		<!-- Time -->		
		<control type="group">
			<animation delay="400" effect="fade" end="100" start="0" time="200" condition="Control.IsVisible(59)">WindowOpen</animation>
			<animation delay="200" effect="fade" end="100" start="0" time="200" condition="Control.IsVisible(58)">WindowOpen</animation>
			<animation effect="slide" start="0,0" end="-10,34" time="0" condition="Control.IsVisible(59)">Conditional</animation>
			<control type="grouplist">
				<right>110</right>
				<top>119</top>
				<width>440</width>
				<height>60</height>
				<align>right</align>
				<itemgap>6</itemgap>
				<orientation>horizontal</orientation>
				<usecontrolcoords>true</usecontrolcoords>
				<control type="label">
					<width>auto</width>
					<height>30</height>
					<font>Light28</font>
					<align>right</align>
					<textcolor>ffa4a4a4</textcolor>
					<label>$LOCALIZE[31217]</label>
				</control>
				<control type="label">
					<top>1</top>
					<width>auto</width>
					<height>30</height>
					<align>right</align>
					<font>Med28</font>
					<textcolor>ffa4a4a4</textcolor>
					<label>$INFO[System.Time]</label>
				</control>
			</control>
		</control>
		<!-- Viewtypes -->
		<include>ViewPVRChannelsPanel</include>
		<include>ViewPVRChannelsList</include>
	</controls>
</window>