<?xml version="1.0" encoding="UTF-8"?>
<window id="1110" type="dialog">
	<zorder>100</zorder>
	<visible>Player.HasMedia + !Window.IsVisible(fullscreenvideo) + !Window.IsVisible(visualisation) + !Skin.HasSetting(HideNowPlaying)</visible>
	<controls>
		<!-- Main group -->
		<control type="group">
			<animation condition="Window.IsActive(volumebar) | Window.IsActive(shutdownmenu) | Window.IsActive(notification) | Window.IsActive(extendedprogressdialog) | [Window.IsActive(home) + !String.IsEmpty(Window(Home).Property(WidgetHasFocus))] | Window.IsActive(movieinformation) | Window.IsActive(musicinformation) | Window.IsActive(script-script.extendedinfo-DialogInfo.xml) | Window.IsActive(script-script.extendedinfo-DialogVideoInfo.xml) | Window.IsActive(script-skinshortcuts.xml) | Window.IsActive(addoninformation) | Window.IsActive(1105) | Window.IsActive(virtualkeyboard) | Window.IsActive(selectdialog) | Window.IsActive(busydialog) | Window.IsActive(DialogConfirm.xml) | Window.IsActive(1149)" reversible="false" type="Conditional">
				<effect type="fade" start="100" end="0" time="0" />
			</animation>
			<right>12</right>
			<top>12</top>
			<width>536</width>
			<height>223</height>
			<!-- Background image -->
			<control type="image">
				<width>536</width>
				<height>223</height>
				<texture border="48">views/shadow_fo.png</texture>
			</control>
			<control type="image">
				<left>48</left>
				<top>48</top>
				<width>440</width>
				<height>127</height>
				<texture border="4">dialogs/DialogNotificationBackground.png</texture>
			</control>
			<!-- Progress -->
			<control type="progress">
				<left>49</left>
				<top>166</top>
				<width>438</width>
				<height>8</height>
				<texturebg border="2">views/ProgressBack.png</texturebg>
				<lefttexture>-</lefttexture>
				<midtexture border="2">views/ProgressBar.png</midtexture>
				<righttexture>-</righttexture>
				<overlaytexture>-</overlaytexture>
				<info>Player.Progress</info>
			</control>
			<!-- Icon -->
			<control type="image">
				<left>63</left>
				<top>63</top>
				<width>97</width>
				<height>97</height>
				<texture>dialogs/notification_play.png</texture>
				<bordersize>5</bordersize>
				<visible>!Player.Paused</visible>
			</control>
			<control type="image">
				<left>63</left>
				<top>63</top>
				<width>97</width>
				<height>97</height>
				<texture>dialogs/notification_paused.png</texture>
				<bordersize>5</bordersize>
				<visible>Player.Paused</visible>
			</control>
			<!-- Heading -->
			<control id="401" type="label">
				<left>182</left>
				<top>70</top>
				<width>288</width>
				<height>44</height>
				<font>Med30</font>
				<label>$LOCALIZE[31106]</label>
				<textcolor>ffdadada</textcolor>
				<visible>!Player.Paused</visible>
			</control>
			<control id="401" type="label">
				<left>182</left>
				<top>70</top>
				<width>288</width>
				<height>44</height>
				<font>Med30</font>
				<label>$LOCALIZE[112]</label>
				<textcolor>ffdadada</textcolor>
				<visible>Player.Paused</visible>
			</control>
			<!-- Details -->
			<control id="402" type="label">
				<left>182</left>
				<top>112</top>
				<width>288</width>
				<height>36</height>
				<font>Reg25</font>
				<scroll>true</scroll>
				<label>$VAR[PlayerBigLabel]</label>
				<textcolor>ffdadada</textcolor>
			</control>
		</control>
	</controls>
</window>