<?xml version="1.0" encoding="UTF-8"?>
<includes>
	<!-- Default -->
	<include name="IncludeDialogMusicInfoDefault">
		<!-- Hidden Button -->
		<control id="7" type="button">
			<include>HiddenControl</include>
		</control>
		<!-- Hidden Description -->
		<control type="textbox">
			<left>-1200</left>
			<width>792</width>
			<height>528</height>
			<align>left</align>
			<font>Light30</font>
			<pagecontrol>96</pagecontrol>
			<autoscroll>false</autoscroll>
			<textcolor>ffa4a4a4</textcolor>
			<label>$VAR[MusicInfoDescription]</label>
		</control>
		<control type="textbox">
			<left>-1200</left>
			<width>792</width>
			<height>528</height>
			<align>left</align>
			<font>Light30</font>
			<pagecontrol>97</pagecontrol>
			<autoscroll>false</autoscroll>
			<textcolor>ffa4a4a4</textcolor>
			<label>$VAR[MusicInfoAlbumsTracks]</label>
		</control>
		<!-- Hidden scrollbar -->
		<control id="96" type="scrollbar">
			<left>-1200</left>
			<top>295</top>
			<width>792</width>
			<height>528</height>
			<showonepage>false</showonepage>
			<orientation>vertical</orientation>
		</control>
		<control id="97" type="scrollbar">
			<left>-1200</left>
			<top>295</top>
			<width>792</width>
			<height>528</height>
			<showonepage>false</showonepage>
			<orientation>vertical</orientation>
			<visible>String.IsEqual(ListItem.DBType,artist) | String.IsEqual(ListItem.DBType,album)</visible>
		</control>
		<!-- Background -->
		<include>BackgroundImage</include>
		<!-- Fanart -->
		<control type="group">
			<control type="image">
				<include>FullscreenDimensions</include>
				<colordiffuse>26ffffff</colordiffuse>
				<texture background="true">$VAR[Fanart]</texture>
			</control>
		</control>
		<control type="group">
			<left>90</left>
			<top>99</top>
			<animation effect="fade" end="100" start="0" time="200">WindowOpen</animation>
			<!-- Icon -->
			<control type="image">
				<width>336</width>
				<height>336</height>
				<texture fallback="views/music_fallback.png">$VAR[MusicInfoIcon]</texture>
				<aspectratio>scale</aspectratio>
			</control>
			<control id="7000" type="button">
				<top>374</top>
				<width>480</width>
				<height>35</height>
				<onup condition="!Control.IsVisible(96)">Close</onup>
				<onup condition="Control.IsVisible(96)">3002</onup>
				<ondown>7001</ondown>
				<onleft>Close</onleft>
				<onright>9000</onright>
				<onfocus>ClearProperty(AlbumDetails,home)</onfocus>
				<font>Light35</font>
				<textcolor>ffdadada</textcolor>
				<focusedcolor>ffffc24b</focusedcolor>
				<label>$LOCALIZE[31026]</label>
				<include>NoTextures</include>
				<animation condition="!String.IsEmpty(Window(home).Property(AlbumDetails))" effect="fade" end="50" start="100" time="0">Conditional</animation>
			</control>
			<control id="7001" type="button">
				<top>429</top>
				<width>480</width>
				<height>35</height>
				<onup>7000</onup>
				<ondown>noop</ondown>
				<onleft>Close</onleft>
				<onright condition="Control.IsVisible(96)">3002</onright>
				<onright condition="!Control.IsVisible(96) + Control.IsVisible(97)">3003</onright>
				<onright condition="!Control.IsVisible(96) + !Control.IsVisible(97)">50</onright>
				<onfocus>SetProperty(AlbumDetails,1,home)</onfocus>
				<font>Light35</font>
				<textcolor>ffdadada</textcolor>
				<focusedcolor>ffffc24b</focusedcolor>
				<label>$LOCALIZE[33029]</label>
				<include>NoTextures</include>
				<animation condition="String.IsEmpty(Window(home).Property(AlbumDetails))" effect="fade" end="50" start="100" time="0">Conditional</animation>
			</control>
		</control>
		<control type="group">
			<left>460</left>
			<top>99</top>
			<animation effect="fade" end="100" start="0" time="200" delay="400">WindowOpen</animation>
			<!-- Heading -->
			<control type="label">
				<top>-7</top>
				<width>1170</width>
				<height>48</height>
				<font>Med48</font>
				<scroll>true</scroll>
				<textcolor>ffdadada</textcolor>
				<scrollspeed>100</scrollspeed>
				<label>$VAR[MusicInfoLabel]</label>
			</control>
			<control type="grouplist">
				<top>57</top>
				<width>1192</width>
				<height>200</height>
				<itemgap>0</itemgap>
				<orientation>vertical</orientation>
				<!-- Composer -->
				<control type="group">
					<height>40</height>
					<visible>String.IsEqual(ListItem.DBType,song) + !String.IsEmpty(ListItem.Property(Role.Composer))</visible>
					<animation condition="Control.HasFocus(1500) | Control.HasFocus(2500)" effect="fade" end="0" start="100" time="0">Conditional</animation>
					<animation condition="!Control.HasFocus(1500) + !Control.HasFocus(2500)" delay="200" effect="fade" end="100" start="0" time="80">Conditional</animation>
					<control type="textbox">
						<width>1192</width>
						<height>40</height>
						<align>left</align>
						<font>Reg30Spaced</font>
						<autoscroll>false</autoscroll>
						<textcolor>ffbbbbbb</textcolor>
						<label>[LIGHT]$INFO[ListItem.Property(Role.Composer),[B]$LOCALIZE[29903]:[/B] ][/LIGHT]</label>
					</control>
				</control>
				<!-- Conductor -->
				<control type="group">
					<height>40</height>
					<visible>String.IsEqual(ListItem.DBType,song) + !String.IsEmpty(ListItem.Property(Role.Conductor))</visible>
					<animation condition="Control.HasFocus(1500) | Control.HasFocus(2500)" effect="fade" end="0" start="100" time="0">Conditional</animation>
					<animation condition="!Control.HasFocus(1500) + !Control.HasFocus(2500)" delay="200" effect="fade" end="100" start="0" time="80">Conditional</animation>
					<control type="textbox">
						<width>1192</width>
						<height>40</height>
						<align>left</align>
						<font>Reg30Spaced</font>
						<autoscroll>false</autoscroll>
						<textcolor>ffbbbbbb</textcolor>
						<label>[LIGHT]$INFO[ListItem.Property(Role.Conductor),[B]$LOCALIZE[29905]:[/B] ][/LIGHT]</label>
					</control>
				</control>
				<!-- Engineer -->
				<control type="group">
					<height>40</height>
					<visible>String.IsEqual(ListItem.DBType,song) + !String.IsEmpty(ListItem.Property(Role.Engineer))</visible>
					<animation condition="Control.HasFocus(1500) | Control.HasFocus(2500)" effect="fade" end="0" start="100" time="0">Conditional</animation>
					<animation condition="!Control.HasFocus(1500) + !Control.HasFocus(2500)" delay="200" effect="fade" end="100" start="0" time="80">Conditional</animation>
					<control type="textbox">
						<width>1192</width>
						<height>40</height>
						<align>left</align>
						<font>Reg30Spaced</font>
						<autoscroll>false</autoscroll>
						<textcolor>ffbbbbbb</textcolor>
						<label>[LIGHT]$INFO[ListItem.Property(Role.Engineer),[B]$LOCALIZE[38038]:[/B] ][/LIGHT]</label>
					</control>
				</control>
				<!-- DJMixer -->
				<control type="group">
					<height>40</height>
					<visible>String.IsEqual(ListItem.DBType,song) + !String.IsEmpty(ListItem.Property(Role.DJMixer))</visible>
					<animation condition="Control.HasFocus(1500) | Control.HasFocus(2500)" effect="fade" end="0" start="100" time="0">Conditional</animation>
					<animation condition="!Control.HasFocus(1500) + !Control.HasFocus(2500)" delay="200" effect="fade" end="100" start="0" time="80">Conditional</animation>
					<control type="textbox">
						<width>1192</width>
						<height>40</height>
						<align>left</align>
						<font>Reg30Spaced</font>
						<autoscroll>false</autoscroll>
						<textcolor>ffbbbbbb</textcolor>
						<label>[LIGHT]$INFO[ListItem.Property(Role.DJMixer),[B]$LOCALIZE[38040]:[/B] ][/LIGHT]</label>
					</control>
				</control>
				<!-- Formed -->
				<control type="group">
					<height>40</height>
					<visible>String.IsEqual(ListItem.DBType,artist) + !String.IsEmpty(ListItem.Property(Artist_Formed))</visible>
					<animation condition="Control.HasFocus(1500) | Control.HasFocus(2500)" effect="fade" end="0" start="100" time="0">Conditional</animation>
					<animation condition="!Control.HasFocus(1500) + !Control.HasFocus(2500)" delay="200" effect="fade" end="100" start="0" time="80">Conditional</animation>
					<control type="textbox">
						<width>1192</width>
						<height>40</height>
						<align>left</align>
						<font>Reg30Spaced</font>
						<autoscroll>false</autoscroll>
						<textcolor>ffbbbbbb</textcolor>
						<label>[LIGHT]$INFO[ListItem.Property(Artist_Formed),[B]$LOCALIZE[21894]:[/B] ][/LIGHT]</label>
					</control>
				</control>
				<!-- Year -->
				<control type="group">
					<height>40</height>
					<visible>String.IsEqual(ListItem.DBType,album) + !String.IsEmpty(ListItem.Year)</visible>
					<animation condition="Control.HasFocus(1500) | Control.HasFocus(2500)" effect="fade" end="0" start="100" time="0">Conditional</animation>
					<animation condition="!Control.HasFocus(1500) + !Control.HasFocus(2500)" delay="200" effect="fade" end="100" start="0" time="80">Conditional</animation>
					<control type="textbox">
						<width>1192</width>
						<height>40</height>
						<align>left</align>
						<font>Reg30Spaced</font>
						<autoscroll>false</autoscroll>
						<textcolor>ffbbbbbb</textcolor>
						<label>[LIGHT]$INFO[ListItem.Year,[B]$LOCALIZE[345]:[/B] ][/LIGHT]</label>
					</control>
				</control>
				<!-- Genre -->
				<control type="group">
					<height>40</height>
					<animation condition="Control.HasFocus(1500) | Control.HasFocus(2500)" effect="fade" end="0" start="100" time="0">Conditional</animation>
					<animation condition="!Control.HasFocus(1500) + !Control.HasFocus(2500)" delay="200" effect="fade" end="100" start="0" time="80">Conditional</animation>
					<control type="textbox">
						<width>1192</width>
						<height>40</height>
						<align>left</align>
						<font>Reg30Spaced</font>
						<autoscroll>false</autoscroll>
						<textcolor>ffbbbbbb</textcolor>
						<label>[LIGHT]$INFO[ListItem.Genre,[B]$LOCALIZE[515]:[/B] ][/LIGHT]</label>
					</control>
				</control>
				<!-- Album Style -->
				<control type="group">
					<height>40</height>
					<visible>String.IsEqual(ListItem.DBType,album) + !String.IsEmpty(ListItem.Property(Album_Style))</visible>
					<animation condition="Control.HasFocus(1500) | Control.HasFocus(2500)" effect="fade" end="0" start="100" time="0">Conditional</animation>
					<animation condition="!Control.HasFocus(1500) + !Control.HasFocus(2500)" delay="200" effect="fade" end="100" start="0" time="80">Conditional</animation>
					<control type="textbox">
						<width>1192</width>
						<height>40</height>
						<align>left</align>
						<font>Reg30Spaced</font>
						<autoscroll>false</autoscroll>
						<textcolor>ffbbbbbb</textcolor>
						<label>[LIGHT]$INFO[ListItem.Property(Album_Style),[B]$LOCALIZE[736]:[/B] ][/LIGHT]</label>
					</control>
				</control>
				<!-- Album Mood -->
				<control type="group">
					<height>40</height>
					<visible>String.IsEqual(ListItem.DBType,album) + !String.IsEmpty(ListItem.Property(Album_Mood))</visible>
					<animation condition="Control.HasFocus(1500) | Control.HasFocus(2500)" effect="fade" end="0" start="100" time="0">Conditional</animation>
					<animation condition="!Control.HasFocus(1500) + !Control.HasFocus(2500)" delay="200" effect="fade" end="100" start="0" time="80">Conditional</animation>
					<control type="textbox">
						<width>1192</width>
						<height>40</height>
						<align>left</align>
						<font>Reg30Spaced</font>
						<autoscroll>false</autoscroll>
						<textcolor>ffbbbbbb</textcolor>
						<label>[LIGHT]$INFO[ListItem.Property(Album_Mood),[B]$LOCALIZE[31318]:[/B] ][/LIGHT]</label>
					</control>
				</control>
				<!-- Tracks -->
				<control type="group">
					<height>40</height>
					<visible>String.IsEqual(ListItem.DBType,album) + !String.IsEmpty(Window(Home).Property(SkinHelper.Music.SongCount))</visible>
					<animation condition="Control.HasFocus(1500) | Control.HasFocus(2500)" effect="fade" end="0" start="100" time="0">Conditional</animation>
					<animation condition="!Control.HasFocus(1500) + !Control.HasFocus(2500)" delay="200" effect="fade" end="100" start="0" time="80">Conditional</animation>
					<control type="textbox">
						<width>1192</width>
						<height>40</height>
						<align>left</align>
						<font>Reg30Spaced</font>
						<autoscroll>false</autoscroll>
						<textcolor>ffbbbbbb</textcolor>
						<label>[LIGHT]$INFO[Window(Home).Property(SkinHelper.Music.SongCount),[B]$LOCALIZE[182]:[/B] ][/LIGHT]</label>
					</control>
				</control>
				<!-- Active -->
				<control type="group">
					<height>40</height>
					<visible>String.IsEqual(ListItem.DBType,artist) + !String.IsEmpty(ListItem.Property(Artist_YearsActive))</visible>
					<animation condition="Control.HasFocus(1500) | Control.HasFocus(2500)" effect="fade" end="0" start="100" time="0">Conditional</animation>
					<animation condition="!Control.HasFocus(1500) + !Control.HasFocus(2500)" delay="200" effect="fade" end="100" start="0" time="80">Conditional</animation>
					<control type="textbox">
						<width>1192</width>
						<height>40</height>
						<align>left</align>
						<font>Reg30Spaced</font>
						<autoscroll>false</autoscroll>
						<textcolor>ffbbbbbb</textcolor>
						<label>[LIGHT]$INFO[ListItem.Property(Artist_YearsActive),[B]$LOCALIZE[19074]:[/B] ][/LIGHT]</label>
					</control>
				</control>
				<!-- Artist -->
				<control type="group">
					<height>40</height>
					<visible>String.IsEqual(ListItem.DBType,artist) + !String.IsEmpty(ListItem.Artist)</visible>
					<animation condition="Control.HasFocus(1500) | Control.HasFocus(2500)" effect="fade" end="0" start="100" time="0">Conditional</animation>
					<animation condition="!Control.HasFocus(1500) + !Control.HasFocus(2500)" delay="200" effect="fade" end="100" start="0" time="80">Conditional</animation>
					<control type="textbox">
						<width>1192</width>
						<height>40</height>
						<align>left</align>
						<font>Reg30Spaced</font>
						<autoscroll>false</autoscroll>
						<textcolor>ffbbbbbb</textcolor>
						<label>[LIGHT]$INFO[ListItem.Artist,[B]$LOCALIZE[557]:[/B] ][/LIGHT]</label>
					</control>
				</control>
				<!-- Star rating / Rating -->
				<control type="grouplist">
					<height>40</height>
					<itemgap>10</itemgap>
					<width>250</width>
					<orientation>horizontal</orientation>
					<usecontrolcoords>true</usecontrolcoords>
					<visible>!String.IsEmpty(ListItem.Rating)</visible>
					<animation effect="fade" end="0" start="100" time="0">Hidden</animation>
					<animation delay="200" effect="fade" end="100" start="0" time="80">Visible</animation>
					<control type="image">
						<top>2</top>
						<width>147</width>
						<height>24</height>
						<texture>$INFO[ListItem.Rating,rating/rating,.png]</texture>
						<aspectratio align="left">keep</aspectratio>
					</control>
					<control type="label">
						<top>-13</top>
						<width>auto</width>
						<height>34</height>
						<font>Bold30</font>
						<aligny>bottom</aligny>
						<textcolor>ffbcbcbc</textcolor>
						<label>$INFO[ListItem.Rating,,/10]</label>
					</control>
				</control>
			</control>
			<control type="group">
				<animation condition="!String.IsEmpty(Window(home).Property(AlbumDetails))" effect="fade" end="0" start="100" time="0">Conditional</animation>
				<!-- Button grouplist -->
				<control id="9000" type="grouplist">
					<left>-12</left>
					<top>346</top>
					<width>1620</width>
					<height>116</height>
					<itemgap>0</itemgap>
					<onleft>7000</onleft>
					<onright>noop</onright>
					<orientation>horizontal</orientation>
					<defaultcontrol always="true">9001</defaultcontrol>
					<!-- Dummy to always set focus to first visible button -->
					<control id="9001" type="button">
						<width>0</width>
						<height>0</height>
						<label>-</label>
						<onfocus>Right</onfocus>
						<include>NoTextures</include>
						<visible>!Control.HasFocus(6) + !Control.HasFocus(1002) + !Control.HasFocus(10) + !Control.HasFocus(12)</visible>
					</control>
					<!-- Refresh Button -->
					<control type="button" id="6">
						<width min="124" max="224">auto</width>
						<wrapmultiline>true</wrapmultiline>
						<height>116</height>
						<onup>Close</onup>
						<font>Med24</font>
						<label>$LOCALIZE[184]</label>
						<textoffsetx>28</textoffsetx>
						<textcolor>ffdadada</textcolor>
						<focusedcolor>ff222222</focusedcolor>
						<texturefocus border="13,5,6,8">views/button_fo.png</texturefocus>
						<texturenofocus border="13,3,6,6">views/button_nf.png</texturenofocus>
						<visible>Control.IsEnabled(6)</visible>
					</control>
					<!-- User Rating Button -->
					<control id="1002" type="button">
						<width min="124" max="254">auto</width>
						<wrapmultiline>true</wrapmultiline>
						<height>116</height>
						<onclick>SetProperty(SetUserRating,music,home)</onclick>
						<onclick>SendClick(7)</onclick>
						<onup>Close</onup>
						<font>Med24</font>
						<label>[CAPITALIZE]$LOCALIZE[31270][/CAPITALIZE][CR][COLOR=00ffffff]$LOCALIZE[31271][/COLOR]</label>
						<textoffsetx>28</textoffsetx>
						<textcolor>ffdadada</textcolor>
						<focusedcolor>ff222222</focusedcolor>
						<visible>Control.IsVisible(7)</visible>
						<texturefocus border="13,5,6,8">views/button_fo.png</texturefocus>
						<texturenofocus border="13,3,6,6">views/button_nf.png</texturenofocus>
					</control>
					<!-- Get Thumb Button -->
					<control type="button" id="10">
						<width min="124" max="224">auto</width>
						<wrapmultiline>true</wrapmultiline>
						<height>116</height>
						<onup>Close</onup>
						<font>Med24</font>
						<label>$LOCALIZE[31062]</label>
						<textoffsetx>28</textoffsetx>
						<textcolor>ffdadada</textcolor>
						<focusedcolor>ff222222</focusedcolor>
						<texturefocus border="13,5,6,8">views/button_fo.png</texturefocus>
						<texturenofocus border="13,3,6,6">views/button_nf.png</texturenofocus>
						<visible>Control.IsEnabled(10)</visible>
					</control>
					<!-- Fanart Button -->
					<control type="button" id="12">
						<width min="124" max="294">auto</width>
						<wrapmultiline>true</wrapmultiline>
						<height>116</height>
						<onup>Close</onup>
						<font>Med24</font>
						<label>$LOCALIZE[31067]</label>
						<textoffsetx>28</textoffsetx>
						<textcolor>ffdadada</textcolor>
						<focusedcolor>ff222222</focusedcolor>
						<texturefocus border="13,5,6,8">views/button_fo.png</texturefocus>
						<texturenofocus border="13,3,6,6">views/button_nf.png</texturenofocus>
						<visible>Control.IsEnabled(12)</visible>
					</control>
				</control>
				<!-- Dummy Button grouplist -->
				<control type="grouplist">
					<left>-12</left>
					<top>346</top>
					<width>1620</width>
					<height>116</height>
					<itemgap>0</itemgap>
					<orientation>horizontal</orientation>
					<usecontrolcoords>true</usecontrolcoords>
					<!-- Play/Browse Button -->
					<control type="button">
						<width min="124" max="224">auto</width>
						<wrapmultiline>true</wrapmultiline>
						<height>116</height>
						<font>Med24</font>
						<label>$INFO[Control.GetLabel(6)]</label>
						<textoffsetx>28</textoffsetx>
						<textcolor>00ffffff</textcolor>
						<focusedcolor>00ffffff</focusedcolor>
						<visible>Control.IsVisible(6)</visible>
						<texturefocus>-</texturefocus>
						<texturenofocus>-</texturenofocus>
					</control>
					<!-- User Rating Button -->
					<control type="image">
						<left>29</left>
						<top>65</top>
						<width>115</width>
						<height>22</height>
						<visible>Control.IsVisible(7)</visible>
						<texture>$VAR[UserRatingButton]</texture>
					</control>
				</control>
			</control>
			<control type="group">
				<animation condition="!String.IsEmpty(Window(home).Property(AlbumDetails))" effect="fade" end="0" start="100" time="0">Conditional</animation>
				<animation effect="fade" end="100" start="0" time="200" delay="800">WindowOpen</animation>
				<top>50</top>
				<!-- Fanart -->
				<control type="image">
					<left>-48</left>
					<top>456</top>
					<width>761</width>
					<height>470</height>
					<texture border="66,66,51,51">views/shadow_nf.png</texture>
					<visible>!String.IsEmpty(ListItem.Art(fanart))</visible>
				</control>
				<control type="image">
					<top>504</top>
					<width>665</width>
					<height>374</height>
					<texture>$INFO[ListItem.Art(fanart)]</texture>
				</control>
			</control>
			<control type="group">
				<animation condition="String.IsEmpty(Window(home).Property(AlbumDetails))" effect="fade" end="0" start="100" time="0">Conditional</animation>
				<top>50</top>
				<!-- Description -->
				<control type="label">
					<top>235</top>
					<width>742</width>
					<height>32</height>
					<align>left</align>
					<font>Med32</font>
					<textcolor>ffdadada</textcolor>
					<label>$VAR[MusicInfoLabel]</label>
				</control>
				<!-- Info -->
				<control type="textbox">
					<top>291</top>
					<width>742</width>
					<height>528</height>
					<align>left</align>
					<font>Light30</font>
					<autoscroll>false</autoscroll>
					<textcolor>ffa4a4a4</textcolor>
					<label>$VAR[MusicInfoDescription]</label>
				</control>
				<!-- More button -->
				<control id="3002" type="button">
					<left>744</left>
					<top>788</top>
					<width>37</width>
					<height>23</height>
					<onleft>7001</onleft>
					<onright condition="Control.IsVisible(97)">3003</onright>
					<onclick>left</onclick>
					<onclick>RunScript(script.toolbox,info=textviewer,header=,text='$ESCVAR[MusicInfoDescription]')</onclick>
					<texturefocus>views/more_fo.png</texturefocus>
					<texturenofocus>views/more_nf.png</texturenofocus>
					<visible>Control.IsVisible(96)</visible>
				</control>
				<!-- Albums -->
				<control type="label">
					<left>850</left>
					<top>235</top>
					<width>470</width>
					<height>32</height>
					<align>left</align>
					<font>Med32</font>
					<textcolor>ffdadada</textcolor>
					<label>$LOCALIZE[31316]</label>
					<visible>String.IsEqual(ListItem.DBType,artist) + !String.IsEmpty(Window(Home).Property(SkinHelper.Music.Albums))</visible>
				</control>
				<!-- Tracks -->
				<control type="label">
					<left>850</left>
					<top>235</top>
					<width>470</width>
					<height>32</height>
					<align>left</align>
					<font>Med32</font>
					<textcolor>ffdadada</textcolor>
					<label>$LOCALIZE[31317]</label>
					<visible>String.IsEqual(ListItem.DBType,album) + !String.IsEmpty(Window(Home).Property(SkinHelper.Music.TrackList))</visible>
				</control>
				<control type="textbox">
					<left>850</left>
					<top>291</top>
					<width>470</width>
					<height>528</height>
					<align>left</align>
					<font>Light30</font>
					<autoscroll>false</autoscroll>
					<textcolor>ffa4a4a4</textcolor>
					<label>$VAR[MusicInfoAlbumsTracks]</label>
				</control>
				<!-- More button -->
				<control id="3003" type="button">
					<left>1322</left>
					<top>788</top>
					<width>37</width>
					<height>23</height>
					<onleft condition="Control.IsVisible(96)">3002</onleft>
					<onleft condition="!Control.IsVisible(96)">7001</onleft>
					<onclick condition="!Control.IsVisible(96)">left</onclick>
					<onclick condition="Control.IsVisible(96)">left</onclick>
					<onclick condition="Control.IsVisible(96)">left</onclick>
					<onclick>RunScript(script.toolbox,info=textviewer,header=$LOCALIZE[31317],text='$ESCVAR[MusicInfoAlbumsTracks]')</onclick>
					<texturefocus>views/more_fo.png</texturefocus>
					<texturenofocus>views/more_nf.png</texturenofocus>
					<visible>Control.IsVisible(97)</visible>
				</control>
			</control>
		</control>
	</include>
	<!-- Textviewer style-->
	<include name="IncludeDialogMusicInfoSpecial">
		<control type="group">
			<!-- Background -->
			<include>DialogTextBackgroundImage</include>
			<control type="group">
				<animation reversible="true" type="WindowOpen">
					<effect center="auto" easing="inout" end="100" start="92" time="120" tween="sine" type="zoom" />
					<effect easing="inout" end="100" start="0" time="120" tween="sine" type="fade" />
				</animation>
				<animation reversible="true" type="WindowClose">
					<effect center="auto" easing="inout" end="92" start="100" time="120" tween="sine" type="zoom" />
					<effect easing="inout" end="0" start="100" time="120" tween="sine" type="fade" />
				</animation>
				<!-- Plot background -->
				<control type="image">
					<centerleft>50%</centerleft>
					<centertop>50%</centertop>
					<width>973</width>
					<height>760</height>
					<texture border="4,7,4,7">views/text_viewer_background.png</texture>
				</control>
				<control id="100" type="textbox">
					<centerleft>50%</centerleft>
					<centertop>50%</centertop>
					<width>788</width>
					<height>452</height>
					<align>left</align>
					<font>Reg36Spaced</font>
					<pagecontrol>8</pagecontrol>
					<autoscroll>false</autoscroll>
					<textcolor>ffdadada</textcolor>
					<label>$INFO[ListItem.Label,[B],[/B][CR]]$VAR[MusicInfoDescription,[LIGHT],[/LIGHT]]</label>
				</control>	
				<!-- Arrow up -->
				<control type="image">
					<left>942</left>
					<top>216</top>
					<width>36</width>
					<height>20</height>
					<texture>views/arrow_up.png</texture>
					<visible>Container(100).HasPrevious</visible>
					<animation delay="80" effect="fade" end="100" start="0" time="120">Visible</animation>
					<animation delay="80" effect="fade" end="0" start="100" time="120">Hidden</animation>
				</control>
				<!-- Arrow down -->
				<control type="image">
					<left>942</left>
					<top>844</top>
					<width>36</width>
					<height>20</height>
					<texture>views/arrow_down.png</texture>
					<visible>Container(100).HasNext</visible>
					<animation delay="80" effect="fade" end="100" start="0" time="120">Visible</animation>
					<animation delay="80" effect="fade" end="0" start="100" time="120">Hidden</animation>
				</control>
				<!-- Scrollbar -->
				<control id="8" type="scrollbar">
					<left>1394</left>
					<centertop>50%</centertop>
					<width>8</width>
					<height>446</height>
					<onup>noop</onup>
					<ondown>noop</ondown>
					<onleft>Close</onleft>
					<onright>Close</onright>
					<showonepage>false</showonepage>
					<orientation>vertical</orientation>
					<texturesliderbarfocus border="3">common/Scrollbar.png</texturesliderbarfocus>
					<visible allowhiddenfocus="true">Control.HasFocus(8)</visible>
					<animation condition="System.IdleTime(1)" effect="fade" end="0" start="100" time="200">Conditional</animation>
				</control>
			</control>
		</control>
	</include>
</includes>
