<?xml version="1.0" encoding="UTF-8"?>
<window>
	<menucontrol>1000</menucontrol>
	<backgroundcolor>0xff12161b</backgroundcolor>
	<defaultcontrol always="true">59</defaultcontrol>
	<views>59</views>
	<controls>
		<!-- Hidden Controls -->
		<!-- Fanart -->
		<include>PVRFanart</include>
		<!-- Window Layout -->
		<control type="group">
			<include>VisibleDelayFadeAnimation</include>
			<animation delay="400" effect="fade" end="100" start="0" time="200">WindowOpen</animation>
			<!-- Heading / Current item / Total items -->
			<control type="grouplist">
				<left>198</left>
				<top>134</top>
				<height>80</height>
				<itemgap>10</itemgap>
				<orientation>horizontal</orientation>
				<usecontrolcoords>true</usecontrolcoords>
				<include>VisibleDelayFadeAnimation</include>
				<control type="label">
					<width>auto</width>
					<height>60</height>
					<font>Med48</font>
					<aligny>bottom</aligny>
					<textcolor>ffdadada</textcolor>
					<label>$LOCALIZE[19142]  </label>
				</control>
				<control type="label">
					<top>15</top>
					<width>auto</width>
					<height>60</height>
					<font>Med32</font>
					<aligny>bottom</aligny>
					<textcolor>ffdadada</textcolor>
					<label>$INFO[Container.CurrentItem]</label>
					<visible>Integer.IsGreater(Container.NumItems,0)</visible>
				</control>
				<control type="label">
					<top>14</top>
					<width>auto</width>
					<height>60</height>
					<font>Light36</font>
					<aligny>bottom</aligny>
					<textcolor>ff505050</textcolor>
					<label>|</label>
					<visible>Integer.IsGreater(Container.NumItems,0)</visible>
				</control>
				<control type="label">
					<top>15</top>
					<width>auto</width>
					<height>60</height>
					<font>Light32</font>
					<aligny>bottom</aligny>
					<textcolor>ff505050</textcolor>
					<label>$INFO[Container.NumItems]</label>
					<visible>Integer.IsGreater(Container.NumItems,0)</visible>
				</control>
			</control>
			<!-- Time -->
			<control type="grouplist">
				<left>1360</left>
				<top>153</top>
				<width>440</width>
				<height>60</height>
				<align>right</align>
				<itemgap>6</itemgap>
				<orientation>horizontal</orientation>
				<usecontrolcoords>true</usecontrolcoords>
				<include>VisibleDelayFadeAnimation</include>
				<control type="label">
					<width>auto</width>
					<height>30</height>
					<font>Light28</font>
					<align>right</align>
					<textcolor>ffa4a4a4</textcolor>
					<label>$LOCALIZE[31217]</label>
				</control>
				<control type="label">
					<top>1</top>
					<width>auto</width>
					<height>30</height>
					<align>right</align>
					<font>Med28</font>
					<textcolor>ffa4a4a4</textcolor>
					<label>$INFO[System.Time]</label>
				</control>
			</control>
			<!-- Controls -->
			<control type="grouplist" id="1000">
				<left>196</left>
				<top>212</top>
				<height>40</height>
				<itemgap>47</itemgap>
				<orientation>horizontal</orientation>
				<onright>4</onright>
				<onleft>28</onleft>
				<ondown>59</ondown>
				<control type="button" id="28">
					<width>auto</width>
					<height>40</height>
					<font>Light32</font>
					<aligny>bottom</aligny>
					<textcolor>$VAR[PVRButtonColor]</textcolor>
					<focusedcolor>ffffc24b</focusedcolor>
					<label>$LOCALIZE[31345]</label>
					<include>NoTextures</include>
				</control>
				<control type="button" id="3">
					<width>auto</width>
					<height>40</height>
					<font>Light32</font>
					<aligny>bottom</aligny>
					<textcolor>$VAR[PVRButtonColor]</textcolor>
					<focusedcolor>ffffc24b</focusedcolor>
					<include>NoTextures</include>
				</control>
				<control type="togglebutton" id="4">
					<width>auto</width>
					<height>40</height>
					<font>Light32</font>
					<aligny>bottom</aligny>
					<textcolor>$VAR[PVRButtonColor]</textcolor>
					<focusedcolor>ffffc24b</focusedcolor>
					<label>$LOCALIZE[31086]: $VAR[SortDirectionLabel]</label>
					<include>NoTextures</include>
				</control>
			</control>
			<!-- Lower group -->
			<control type="group">
				<left>196</left>
				<top>767</top>
				<include>VisibleDelayFadeAnimation</include>
				<!-- Small Details -->
				<control type="grouplist">
					<top>110</top>
					<height>26</height>
					<itemgap>10</itemgap>
					<orientation>horizontal</orientation>
					<usecontrolcoords>true</usecontrolcoords>
					<control type="label">
						<width>auto</width>
						<height>24</height>
						<font>Med24Num</font>
						<aligny>bottom</aligny>
						<textcolor>ffFFC24B</textcolor>
						<label>$INFO[ListItem.ChannelNumber,,. ]$INFO[ListItem.ChannelName]</label>
					</control>
					<control type="label">
						<width>auto</width>
						<height>24</height>
						<font>Med24Num</font>
						<aligny>bottom</aligny>
						<textcolor>ffbebebe</textcolor>
						<label>$INFO[ListItem.StartTime,,,  •  ]$INFO[ListItem.EndTime, - ,]</label>
					</control>
					<control type="label">
						<width>auto</width>
						<height>24</height>
						<font>Med24Num</font>
						<aligny>bottom</aligny>
						<textcolor>ffbebebe</textcolor>
						<label>$INFO[ListItem.Genre]</label>
						<visible>!String.IsEqual(ListItem.Genre,$LOCALIZE[19499])</visible>
					</control>
				</control>
				<!-- Details -->
				<control type="textbox">
					<top>143</top>
					<width>1192</width>
					<height>124</height>
					<align>left</align>
					<font>Reg30Spaced</font>
					<pagecontrol>99</pagecontrol>
					<autoscroll>false</autoscroll>
					<textcolor>ffbcbcbc</textcolor>
					<label>[B]$INFO[ListItem.Title][/B] $VAR[Plot]</label>
				</control>
				<control id="99" type="scrollbar">
					<top>103</top>
					<width>1192</width>
					<height>126</height>
					<showonepage>false</showonepage>
					<orientation>vertical</orientation>
				</control>
				<!-- More button -->
				<control id="3000" type="button">
					<left>1194</left>
					<top>232</top>
					<width>37</width>
					<height>23</height>
					<onup>59</onup>
					<ondown>noop</ondown>
					<onleft>59</onleft>
					<onright>59</onright>
					<onclick>RunScript(script.toolbox,info=textviewer,header='$ESCINFO[ListItem.Label]',text='$ESCVAR[Plot]')</onclick>
					<visible>Control.IsVisible(99)</visible>
					<texturefocus>views/more_fo.png</texturefocus>
					<texturenofocus>views/more_nf.png</texturenofocus>
					<visible>!Window.IsVisible(textviewer)</visible>
				</control>
				<!-- More button -->
				<control type="image">
					<left>1194</left>
					<top>192</top>
					<width>37</width>
					<height>23</height>
					<texture>views/more_nf.png</texture>
					<visible>Window.IsVisible(textviewer)</visible>
				</control>
			</control>
		</control>
		<control type="group">
			<top>293</top>
			<!-- Columns -->
			<control type="group">
				<left>198</left>
				<width>1850</width>
				<height>420</height>
				<control type="label">
					<left>0</left>
					<width>315</width>
					<aligny>center</aligny>
					<height>67</height>
					<textcolor>ffbebebe</textcolor>
					<font>Bold20</font>
					<label>$LOCALIZE[19019]</label>
				</control>
				<control type="label">
					<left>350</left>
					<width>1260</width>
					<aligny>center</aligny>
					<height>67</height>
					<textcolor>ffbebebe</textcolor>
					<font>Bold20</font>
					<label>$LOCALIZE[369]</label>
				</control>
				<control type="label">
					<left>1229</left>
					<width>1260</width>
					<aligny>center</aligny>
					<height>67</height>
					<font>Bold20</font>
					<textcolor>ffbebebe</textcolor>
					<label>$LOCALIZE[21820]</label>
				</control>
			</control>
			<!-- Results-->
			<control type="list" id="59">				   
				<left>198</left>
				<top>57</top>
				<width>1850</width>
				<height>500</height>
				<onup>28</onup>
				<onleft>28</onleft>
				<onright condition="Control.IsVisible(99)">3000</onright>
				<ondown condition="Control.IsVisible(99)">3000</ondown>
				<ondown condition="!Control.IsVisible(99)">noop</ondown>
				<viewtype label="19069">list</viewtype>
				<scrolltime tween="quadratic">300</scrolltime>
				<include>ViewPVRSearchTimer</include>
			</control>
		</control>
	</controls>
</window>