<?xml version="1.0" encoding="UTF-8" standalone="yes"?>
<addon id="plugin.video.xstream" name="xStream" version="7.3.3" provider-name="xStream-Team (originator: Lynx187, murphy, MaxMustermann)">
 <requires>
   <import addon="xbmc.python"                 version="2.14.0"/>
 </requires>
 <extension point="xbmc.python.pluginsource" library="default.py">
   <provides>video</provides>
 </extension>
 <extension point="xbmc.addon.metadata">
   <summary lang="de">Watch xStream!</summary>
   <description lang="de">Mit diesem Addon kannst du auf alle angebotenen Streams verschiedenster deutschen Quellen zugreifen.</description>
   <disclaimer lang="de">Die von diesem Addon dargestellten Inhalte werden von den Erstellern des Addons weder gehostet oder verbreitet, noch stehen die Ersteller in irgendeiner Beziehung zu den Content-Anbietern.</disclaimer>
   <summary lang="en">Watch xStream!</summary>
   <description lang="en">With this addon you can watch all the streams from various german sources.</description>
   <disclaimer lang="en">The creators of this addon do not host or distribute any of the content displayed by the addon nor do they have any affiliation with the content providers.</disclaimer>
   <forum></forum>
   <website></website>
   <source></source>
   <license>GNU GPLv3</license>
   <platform>all</platform>
   <news>Big THX to all contributors!
   For more information check out the commit history at GitHub.</news>
   <assets>
     <icon>icon.png</icon>
     <fanart>fanart.jpg</fanart>
     <screenshot>resources/art/screenshot-01.png</screenshot>
     <screenshot>resources/art/screenshot-02.png</screenshot>
     <screenshot>resources/art/screenshot-03.png</screenshot>
     <screenshot>resources/art/screenshot-04.png</screenshot>
     <screenshot>resources/art/screenshot-05.png</screenshot>
   </assets>
 </extension>
</addon>
