<?xml version="1.0" encoding="UTF-8"?>
<window>
	<!-- notification -->
	<zorder>2</zorder>
	<controls>
		<!-- Main group -->
		<control type="group">
			<include>DialogAnimation</include>
			<right>12</right>
			<top>12</top>
			<width>636</width>
			<height>223</height>
			<!-- Background image -->
			<control type="image">
				<width>636</width>
				<height>223</height>
				<texture border="48">views/shadow_fo.png</texture>
			</control>
			<control type="image">
				<left>48</left>
				<top>48</top>
				<width>540</width>
				<height>127</height>
				<texture border="4">dialogs/DialogNotificationBackground.png</texture>
			</control>
			<!-- Icon back -->
			<control type="image">
				<left>63</left>
				<top>63</top>
				<width>97</width>
				<height>97</height>
				<texture>dialogs/notification_icon_small.png</texture>
				<visible>String.IsEmpty(Control.GetLabel(400))</visible>
			</control>
			<!-- Info default -->
			<control type="image">
				<left>63</left>
				<top>63</top>
				<width>97</width>
				<height>97</height>
				<texture>DefaultIconInfo.png</texture>
				<visible>String.IsEmpty(Control.GetLabel(400))</visible>
			</control>
			<!-- Info -->
			<control id="400" type="image">
				<left>63</left>
				<top>63</top>
				<width>97</width>
				<height>97</height>
			</control>
			<!-- Heading -->
			<control id="401" type="label">
				<left>182</left>
				<top>70</top>
				<width>388</width>
				<height>44</height>
				<font>Med30</font>
				<textcolor>ffdadada</textcolor>
			</control>
			<!-- Details -->
			<control id="402" type="label">
				<left>182</left>
				<top>112</top>
				<width>388</width>
				<height>36</height>
				<font>Reg25</font>
				<scroll>true</scroll>
				<textcolor>ffdadada</textcolor>
			</control>
		</control>
	</controls>
</window>