<?xml version="1.0" encoding="utf-8"?>
<fonts>
	<fontset id="Default" unicode="true">
		<!-- OSD -->
		<font>
			<name>OSD40</name>
			<filename>Amazon-Ember-Regular.ttf</filename>
			<size>40</size>
		</font>
		<font>
			<name>OSD35</name>
			<filename>Amazon-Ember-Light.ttf</filename>
			<size>35</size>
		</font>
		<font>
			<name>OSD32</name>
			<filename>Amazon-Ember-Light.ttf</filename>
			<size>32</size>
		</font>
		<font>
			<name>OSD31</name>
			<filename>Amazon-Ember-Light.ttf</filename>
			<size>31</size>
		</font>
		<font>
			<name>OSD20</name>
			<filename>Amazon-Ember-Light.ttf</filename>
			<size>20</size>
		</font>
		<!-- Regular -->
		<font>
			<name>invisible</name>
			<filename>invisible1.ttf</filename>
			<linespacing>1.15</linespacing>
			<size>10</size>
		</font>
		<font>
 			<name>Reg37</name>
 			<filename>HelveticaNeue.ttf</filename>
 			<size>37</size>
 		</font>
		<font>
			<name>Reg36Spaced</name>
			<filename>HelveticaNeue.ttf</filename>
			<linespacing>1.15</linespacing>
			<size>36</size>
		</font>
		<font>
			<name>Reg36SpacedLight</name>
			<filename>HelveticaNeue.ttf</filename>
			<style>lighten</style>
			<linespacing>1.15</linespacing>
			<size>36</size>
		</font>
		<font>
 			<name>Reg32</name>
 			<filename>HelveticaNeue.ttf</filename>
 			<size>32</size>
 		</font>
		<font>
			<name>Reg30Spaced</name>
			<filename>HelveticaNeue.ttf</filename>
			<linespacing>1.15</linespacing>
			<size>30</size>
		</font>
		<font>
			<name>Reg27</name>
			<filename>HelveticaNeue.ttf</filename>
			<size>27</size>
		</font>
		<font>
			<name>Reg25</name>
			<filename>HelveticaNeue.ttf</filename>
			<size>25</size>
		</font>
		<font>
			<name>Reg24</name>
			<filename>HelveticaNeue.ttf</filename>
			<size>24</size>
		</font>
		<font>
			<name>Reg22</name>
			<filename>HelveticaNeue.ttf</filename>
			<size>22</size>
		</font>
		<font>
			<name>Reg20</name>
			<filename>HelveticaNeue.ttf</filename>
			<size>20</size>
		</font>
		<!-- Light -->
		<font>
			<name>Light148</name>
			<filename>HelveticaNeue_Lt.ttf</filename>
			<size>148</size>
		</font>
		<font>
			<name>Light144</name>
			<filename>HelveticaNeue_Lt.ttf</filename>
			<size>144</size>
		</font>
		<font>
			<name>Light80</name>
			<filename>HelveticaNeue_Lt.ttf</filename>
			<size>80</size>
		</font>
		<font>
			<name>Light60</name>
			<filename>HelveticaNeue_Lt.ttf</filename>
			<linespacing>1.06</linespacing>
			<size>60</size>
		</font>
		<font>
			<name>Light49</name>
			<filename>HelveticaNeue_Lt.ttf</filename>
			<size>49</size>
		</font>
		<font>
			<name>Light40</name>
			<filename>HelveticaNeue_Lt.ttf</filename>
			<size>40</size>
		</font>
		<font>
			<name>Light39</name>
			<filename>HelveticaNeue_Lt.ttf</filename>
			<size>39</size>
		</font>
		<font>
			<name>Light36</name>
			<filename>HelveticaNeue_Lt.ttf</filename>
			<size>36</size>
			<linespacing>1.18</linespacing>
		</font>
		<font>
			<name>Light36Spaced</name>
			<filename>HelveticaNeue_Lt.ttf</filename>
			<size>36</size>
			<linespacing>1.12</linespacing>
		</font>
		<font>
			<name>Light35</name>
			<filename>HelveticaNeue_Lt.ttf</filename>
			<size>35</size>
		</font>
		<font>
			<name>Light32</name>
			<filename>HelveticaNeue_Lt.ttf</filename>
			<size>32</size>
		</font>
		<font>
			<name>Light32Spaced</name>
			<filename>HelveticaNeue_Lt.ttf</filename>
			<size>32</size>
			<linespacing>1.12</linespacing>
		</font>
		<font>
			<name>Light31</name>
			<filename>HelveticaNeue_Lt.ttf</filename>
			<size>31</size>
		</font>
		<font>
			<name>Light30Spaced</name>
			<filename>HelveticaNeue_Lt.ttf</filename>
			<size>30</size>
			<linespacing>1.1</linespacing>
		</font>
		<font>
			<name>Light30</name>
			<filename>HelveticaNeue_Lt.ttf</filename>
			<size>30</size>
		</font>
		<font>
			<name>Light28</name>
			<filename>HelveticaNeue_Lt.ttf</filename>
			<size>28</size>
			<linespacing>1.06</linespacing>
		</font>
		<font>
			<name>Light27</name>
			<filename>HelveticaNeue_Lt.ttf</filename>
			<size>27</size>
		</font>
		<font>
			<name>Light26</name>
			<filename>HelveticaNeue_Lt.ttf</filename>
			<size>26</size>
		</font>
		<font>
			<name>Light26Spaced</name>
			<filename>HelveticaNeue_Lt.ttf</filename>
			<size>26</size>
			<linespacing>1.1</linespacing>
		</font>
		<font>
			<name>Light24</name>
			<filename>HelveticaNeue_Lt.ttf</filename>
			<size>24</size>
		</font>
		<font>
			<name>Light23</name>
			<filename>HelveticaNeue_Lt.ttf</filename>
			<size>23</size>
		</font>
		<!-- Light Capitalised -->
		<font>
			<name>LightCap48</name>
			<filename>HelveticaNeue.ttf</filename>
			<style>lighten capitalize</style>
			<size>48</size>
		</font>
		<font>
			<name>LightCap38</name>
			<filename>HelveticaNeue.ttf</filename>
			<style>lighten capitalize</style>
			<size>38</size>
		</font>
		<font>
			<name>LightCap36</name>
			<filename>HelveticaNeue.ttf</filename>
			<style>lighten capitalize</style>
			<size>36</size>
			<linespacing>1.18</linespacing>
		</font>
		<!-- Medium -->
		<font>
			<name>Med59</name>
			<filename>HelveticaNeue_Med.ttf</filename>
			<size>59</size>
			<linespacing>1.05</linespacing>
		</font>
		<font>
			<name>Med58</name>
			<filename>HelveticaNeue_Med.ttf</filename>
			<size>58</size>
		</font>
		<font>
			<name>Med54</name>
			<filename>HelveticaNeue_Med.ttf</filename>
			<size>54</size>
		</font>
		<font>
			<name>Med48</name>
			<filename>HelveticaNeue_Med.ttf</filename>
			<size>48</size>
		</font>
		<font>
			<name>Med40</name>
			<filename>HelveticaNeue_Med.ttf</filename>
			<size>40</size>
		</font>
		<font>
			<name>Med36</name>
			<filename>HelveticaNeue_Med.ttf</filename>
			<size>36</size>
		</font>
		<font>
			<name>Med34</name>
			<filename>HelveticaNeue_Med.ttf</filename>
			<size>34</size>
		</font>
		<font>
			<name>Med32</name>
			<filename>HelveticaNeue_Med.ttf</filename>
			<size>32</size>
		</font>
		<font>
			<name>Med32Num</name>
			<filename>HelveticaNeue_Med.ttf</filename>
			<size>32</size>
		</font>
		<font>
			<name>Med30</name>
			<filename>HelveticaNeue_Med.ttf</filename>
			<size>30</size>
		</font>
		<font>
			<name>Med28</name>
			<filename>HelveticaNeue_Med.ttf</filename>
			<size>28</size>
		</font>
		<font>
			<name>Med26</name>
			<filename>HelveticaNeue_Med.ttf</filename>
			<size>26</size>
		</font>
		<font>
			<name>Med24</name>
			<filename>HelveticaNeue_Med.ttf</filename>
			<size>24</size>
			<linespacing>1.1</linespacing>
		</font>
		<font>
			<name>Med24Num</name>
			<filename>HelveticaNeue_Med.ttf</filename>
			<size>24</size>
			<linespacing>1.1</linespacing>
		</font>
		<font>
			<name>Med24CR</name>
			<filename>HelveticaNeue_Med.ttf</filename>
			<size>24</size>
			<linespacing>2.2</linespacing>
		</font>
		<font>
			<name>Med23Spaced</name>
			<filename>HelveticaNeue_Med.ttf</filename>
			<size>23</size>
			<linespacing>0.96</linespacing>
		</font>
		<font>
			<name>Med22</name>
			<filename>HelveticaNeue_Med.ttf</filename>
			<size>22</size>
		</font>
		<font>
			<name>Med20</name>
			<filename>HelveticaNeue_Med.ttf</filename>
			<size>20</size>
		</font>
		<font>
			<name>Med18</name>
			<filename>HelveticaNeue_Med.ttf</filename>
			<size>18</size>
		</font>
		<font>
			<name>Med16</name>
			<filename>HelveticaNeue_Med.ttf</filename>
			<size>16</size>
		</font>
		<!-- Med uppercase -->
		<font>
			<name>MedUpper24</name>
			<filename>HelveticaNeue_Med.ttf</filename>
			<style>uppercase</style>
			<size>24</size>
		</font>
		<!-- Bold -->
		<font>
			<name>Bold46</name>
			<filename>HelveticaNeue_Bold.ttf</filename>
			<size>46</size>
		</font>
		<font>
			<name>Bold44</name>
			<filename>HelveticaNeue_Bold.ttf</filename>
			<size>44</size>
		</font>
		<font>
			<name>Bold42</name>
			<filename>HelveticaNeue_Bold.ttf</filename>
			<size>42</size>
		</font>
		<font>
			<name>Bold38</name>
			<filename>HelveticaNeue_Bold.ttf</filename>
			<size>38</size>
		</font>
		<font>
			<name>Bold36</name>
			<filename>HelveticaNeue_Bold.ttf</filename>
			<size>36</size>
		</font>
		<font>
			<name>Bold34</name>
			<filename>HelveticaNeue_Bold.ttf</filename>
			<size>34</size>
			<linespacing>0.98</linespacing>
		</font>
		<font>
			<name>Bold32</name>
			<filename>HelveticaNeue_Bold.ttf</filename>
			<size>32</size>
		</font>
		<font>
			<name>Bold31</name>
			<filename>HelveticaNeue_Bold.ttf</filename>
			<size>31</size>
		</font>
		<font>
			<name>Bold30</name>
			<filename>HelveticaNeue_Bold.ttf</filename>
			<size>30</size>
		</font>
		<font>
			<name>Bold30Num</name>
			<filename>HelveticaNeue_Bold.ttf</filename>
			<size>30</size>
		</font>
		<font>
			<name>Bold29</name>
			<filename>HelveticaNeue_Bold.ttf</filename>
			<size>29</size>
		</font>
		<font>
			<name>Bold28</name>
			<filename>HelveticaNeue_Bold.ttf</filename>
			<size>28</size>
		</font>
		<font>
			<name>Bold26</name>
			<filename>HelveticaNeue_Bold.ttf</filename>
			<size>26</size>
		</font>
		<font>
			<name>Bold24</name>
			<filename>HelveticaNeue_Bold.ttf</filename>
			<size>24</size>
		</font>
		<font>
			<name>Bold24Num</name>
			<filename>HelveticaNeue_Bold.ttf</filename>
			<size>24</size>
		</font>
		<font>
			<name>Bold23</name>
			<filename>HelveticaNeue_Bold.ttf</filename>
			<size>23</size>
		</font>
		<font>
			<name>Bold22</name>
			<filename>HelveticaNeue_Bold.ttf</filename>
			<size>22</size>
		</font>
		<!-- Required for system -->
		<font>
			<name>font13</name>
			<filename>Arial.ttf</filename>
			<size>21</size>
		</font>
	</fontset>
	<fontset id="Roboto" unicode="true">
		<!-- OSD -->
		<font>
			<name>OSD40</name>
			<filename>Roboto-Regular.ttf</filename>
			<size>40</size>
		</font>
		<font>
			<name>OSD35</name>
			<filename>Roboto-Light.ttf</filename>
			<size>35</size>
		</font>
		<font>
			<name>OSD32</name>
			<filename>Roboto-Light.ttf</filename>
			<size>32</size>
		</font>
		<font>
			<name>OSD31</name>
			<filename>Roboto-Light.ttf</filename>
			<size>31</size>
		</font>
		<font>
			<name>OSD20</name>
			<filename>Roboto-Light.ttf</filename>
			<size>20</size>
		</font>
		<!-- Regular -->
		<font>
			<name>invisible</name>
			<filename>invisible1.ttf</filename>
			<linespacing>1.15</linespacing>
			<size>10</size>
		</font>
		<font>
			<name>Reg37</name>
			<filename>Roboto-Regular.ttf</filename>
			<size>37</size>
		</font>
		<font>
			<name>Reg36Spaced</name>
			<filename>Roboto-Regular.ttf</filename>
			<linespacing>1.18</linespacing>
			<size>36</size>
		</font>
		<font>
			<name>Reg36SpacedLight</name>
			<filename>Roboto-Regular.ttf</filename>
			<style>lighten</style>
			<linespacing>1.18</linespacing>
			<size>36</size>
		</font>
		<font>
			<name>Reg30Spaced</name>
			<filename>Roboto-Regular.ttf</filename>
			<linespacing>1.12</linespacing>
			<size>30</size>
		</font>
		<font>
			<name>Reg27</name>
			<filename>Roboto-Regular.ttf</filename>
			<size>27</size>
		</font>
		<font>
			<name>Reg25</name>
			<filename>Roboto-Regular.ttf</filename>
			<size>25</size>
		</font>
		<font>
			<name>Reg24</name>
			<filename>Roboto-Regular.ttf</filename>
			<size>24</size>
		</font>
		<font>
			<name>Reg22</name>
			<filename>Roboto-Regular.ttf</filename>
			<size>22</size>
		</font>
		<font>
			<name>Reg20</name>
			<filename>Roboto-Regular.ttf</filename>
			<size>20</size>
		</font>
		<!-- Light -->
		<font>
			<name>Light148</name>
			<filename>Roboto-Light.ttf</filename>
			<size>148</size>
		</font>
		<font>
			<name>Light144</name>
			<filename>Roboto-Light.ttf</filename>
			<size>144</size>
		</font>
		<font>
			<name>Light80</name>
			<filename>Roboto-Light.ttf</filename>
			<size>80</size>
		</font>
		<font>
			<name>Light60</name>
			<filename>Roboto-Light.ttf</filename>
			<linespacing>1.06</linespacing>
			<size>60</size>
		</font>
		<font>
			<name>Light49</name>
			<filename>Roboto-Light.ttf</filename>
			<size>49</size>
		</font>
		<font>
			<name>Light40</name>
			<filename>Roboto-Light.ttf</filename>
			<size>40</size>
		</font>
		<font>
			<name>Light39</name>
			<filename>Roboto-Light.ttf</filename>
			<size>39</size>
		</font>
		<font>
			<name>Light36</name>
			<filename>Roboto-Light.ttf</filename>
			<size>36</size>
			<linespacing>1.18</linespacing>
		</font>
		<font>
			<name>Light36Spaced</name>
			<filename>Roboto-Light.ttf</filename>
			<size>36</size>
			<linespacing>1.12</linespacing>
		</font>
		<font>
			<name>Light35</name>
			<filename>Roboto-Light.ttf</filename>
			<size>35</size>
		</font>
		<font>
			<name>Light32</name>
			<filename>Roboto-Light.ttf</filename>
			<size>32</size>
		</font>
		<font>
			<name>Light32Spaced</name>
			<filename>Roboto-Light.ttf</filename>
			<size>32</size>
			<linespacing>1.12</linespacing>
		</font>
		<font>
			<name>Light31</name>
			<filename>Roboto-Light.ttf</filename>
			<size>31</size>
		</font>
		<font>
			<name>Light30Spaced</name>
			<filename>Roboto-Light.ttf</filename>
			<size>30</size>
			<linespacing>1.1</linespacing>
		</font>
		<font>
			<name>Light30</name>
			<filename>Roboto-Light.ttf</filename>
			<size>30</size>
		</font>
		<font>
			<name>Light28</name>
			<filename>Roboto-Light.ttf</filename>
			<size>28</size>
			<linespacing>1.06</linespacing>
		</font>
		<font>
			<name>Light27</name>
			<filename>Roboto-Light.ttf</filename>
			<size>27</size>
		</font>
		<font>
			<name>Light26</name>
			<filename>Roboto-Light.ttf</filename>
			<size>26</size>
		</font>
		<font>
			<name>Light26Spaced</name>
			<filename>Roboto-Light.ttf</filename>
			<size>26</size>
			<linespacing>1.1</linespacing>
		</font>
		<font>
			<name>Light24</name>
			<filename>Roboto-Light.ttf</filename>
			<size>24</size>
		</font>
		<font>
			<name>Light23</name>
			<filename>Roboto-Light.ttf</filename>
			<size>23</size>
		</font>
		<!-- Light Capitalised -->
		<font>
			<name>LightCap48</name>
			<filename>Roboto-Regular.ttf</filename>
			<style>lighten capitalize</style>
			<size>48</size>
		</font>
		<font>
			<name>LightCap38</name>
			<filename>Roboto-Regular.ttf</filename>
			<style>lighten capitalize</style>
			<size>38</size>
		</font>
		<font>
			<name>LightCap36</name>
			<filename>Roboto-Regular.ttf</filename>
			<style>lighten capitalize</style>
			<size>36</size>
			<linespacing>1.18</linespacing>
		</font>
		<!-- Medium -->
		<font>
			<name>Med59</name>
			<filename>Roboto-Medium.ttf</filename>
			<size>59</size>
			<linespacing>1.05</linespacing>
		</font>
		<font>
			<name>Med58</name>
			<filename>Roboto-Medium.ttf</filename>
			<size>58</size>
		</font>
		<font>
			<name>Med54</name>
			<filename>Roboto-Medium.ttf</filename>
			<size>54</size>
		</font>
		<font>
			<name>Med48</name>
			<filename>Roboto-Medium.ttf</filename>
			<size>48</size>
		</font>
		<font>
			<name>Med40</name>
			<filename>Roboto-Medium.ttf</filename>
			<size>40</size>
		</font>
		<font>
			<name>Med36</name>
			<filename>Roboto-Medium.ttf</filename>
			<size>36</size>
		</font>
		<font>
			<name>Med34</name>
			<filename>Roboto-Medium.ttf</filename>
			<size>34</size>
		</font>
		<font>
			<name>Med32</name>
			<filename>Roboto-Medium.ttf</filename>
			<size>32</size>
		</font>
		<font>
			<name>Med32Num</name>
			<filename>HelveticaNeue_Med.ttf</filename>
			<size>32</size>
		</font>
		<font>
			<name>Med30</name>
			<filename>Roboto-Medium.ttf</filename>
			<size>30</size>
		</font>
		<font>
			<name>Med28</name>
			<filename>Roboto-Medium.ttf</filename>
			<size>28</size>
		</font>
		<font>
			<name>Med26</name>
			<filename>Roboto-Medium.ttf</filename>
			<size>26</size>
		</font>
		<font>
			<name>Med24</name>
			<filename>Roboto-Medium.ttf</filename>
			<size>24</size>
			<linespacing>1.1</linespacing>
		</font>
		<font>
			<name>Med24Num</name>
			<filename>Roboto-Medium.ttf</filename>
			<size>21</size>
			<linespacing>1.1</linespacing>
		</font>
		<font>
			<name>Med24CR</name>
			<filename>Roboto-Medium.ttf</filename>
			<size>24</size>
			<linespacing>2.2</linespacing>
		</font>
		<font>
			<name>Med23Spaced</name>
			<filename>Roboto-Medium.ttf</filename>
			<size>23</size>
			<linespacing>0.96</linespacing>
		</font>
		<font>
			<name>Med22</name>
			<filename>Roboto-Medium.ttf</filename>
			<size>22</size>
		</font>
		<font>
			<name>Med20</name>
			<filename>Roboto-Medium.ttf</filename>
			<size>20</size>
		</font>
		<!-- Med uppercase -->
		<font>
			<name>MedUpper24</name>
			<filename>Roboto-Medium.ttf</filename>
			<style>uppercase</style>
			<size>24</size>
		</font>
		<!-- Bold -->
		<font>
			<name>Bold46</name>
			<filename>Roboto-Bold.ttf</filename>
			<size>46</size>
		</font>
		<font>
			<name>Bold44</name>
			<filename>Roboto-Bold.ttf</filename>
			<size>44</size>
		</font>
		<font>
			<name>Bold42</name>
			<filename>Roboto-Bold.ttf</filename>
			<size>42</size>
		</font>
		<font>
			<name>Bold38</name>
			<filename>Roboto-Bold.ttf</filename>
			<size>38</size>
		</font>
		<font>
			<name>Bold36</name>
			<filename>Roboto-Bold.ttf</filename>
			<size>36</size>
		</font>
		<font>
			<name>Bold34</name>
			<filename>Roboto-Bold.ttf</filename>
			<size>34</size>
			<linespacing>0.98</linespacing>
		</font>
		<font>
			<name>Bold32</name>
			<filename>Roboto-Bold.ttf</filename>
			<size>32</size>
		</font>
		<font>
			<name>Bold31</name>
			<filename>Roboto-Bold.ttf</filename>
			<size>31</size>
		</font>
		<font>
			<name>Bold30</name>
			<filename>Roboto-Bold.ttf</filename>
			<size>30</size>
		</font>
		<font>
			<name>Bold30Num</name>
			<filename>HelveticaNeue_Bold.ttf</filename>
			<size>30</size>
		</font>
		<font>
			<name>Bold29</name>
			<filename>Roboto-Bold.ttf</filename>
			<size>29</size>
		</font>
		<font>
			<name>Bold28</name>
			<filename>Roboto-Bold.ttf</filename>
			<size>28</size>
		</font>
		<font>
			<name>Bold26</name>
			<filename>Roboto-Bold.ttf</filename>
			<size>26</size>
		</font>
		<font>
			<name>Bold24</name>
			<filename>Roboto-Bold.ttf</filename>
			<size>24</size>
		</font>
		<font>
			<name>Bold24Num</name>
			<filename>HelveticaNeue_Bold.ttf</filename>
			<size>24</size>
		</font>
		<font>
			<name>Bold23</name>
			<filename>Roboto-Bold.ttf</filename>
			<size>23</size>
		</font>
		<font>
			<name>Bold22</name>
			<filename>Roboto-Bold.ttf</filename>
			<size>22</size>
		</font>
		<!-- Required for system -->
		<font>
			<name>font13</name>
			<filename>Arial.ttf</filename>
			<size>21</size>
		</font>
	</fontset>
	<fontset id="Arial" unicode="true">
		<!-- OSD -->
		<font>
			<name>OSD40</name>
			<filename>Arial.ttf</filename>
			<aspect>0.9</aspect>
			<size>40</size>
		</font>
		<font>
			<name>OSD35</name>
			<filename>Arial.ttf</filename>
			<aspect>0.9</aspect>
			<style>lighten</style>
			<size>35</size>
		</font>
		<font>
			<name>OSD32</name>
			<filename>Arial.ttf</filename>
			<aspect>0.9</aspect>
			<style>lighten</style>
			<size>32</size>
		</font>
		<font>
			<name>OSD31</name>
			<filename>Arial.ttf</filename>
			<aspect>0.9</aspect>
			<style>lighten</style>
			<size>31</size>
		</font>
		<font>
			<name>OSD20</name>
			<filename>Arial.ttf</filename>
			<aspect>0.9</aspect>
			<style>lighten</style>
			<size>20</size>
		</font>
		<!-- Regular -->
		<font>
			<name>invisible</name>
			<filename>invisible1.ttf</filename>
			<linespacing>1.15</linespacing>
			<size>10</size>
		</font>
		<font>
			<name>Reg37</name>
			<filename>Arial.ttf</filename>
			<aspect>0.9</aspect>
			<size>37</size>
		</font>
		<font>
			<name>Reg36Spaced</name>
			<filename>Arial.ttf</filename>
			<aspect>0.9</aspect>
			<linespacing>1.18</linespacing>
			<size>36</size>
		</font>
		<font>
			<name>Reg36SpacedLight</name>
			<filename>Arial.ttf</filename>
			<aspect>0.9</aspect>
			<linespacing>1.18</linespacing>
			<style>lighten</style>
			<size>36</size>
		</font>
		<font>
			<name>Reg30Spaced</name>
			<filename>Arial.ttf</filename>
			<aspect>0.9</aspect>
			<linespacing>1.12</linespacing>
			<size>30</size>
		</font>
		<font>
			<name>Reg27</name>
			<filename>Arial.ttf</filename>
			<aspect>0.9</aspect>
			<size>27</size>
		</font>
		<font>
			<name>Reg25</name>
			<filename>Arial.ttf</filename>
			<aspect>0.9</aspect>
			<size>25</size>
		</font>
		<font>
			<name>Reg24</name>
			<filename>Arial.ttf</filename>
			<aspect>0.9</aspect>
			<size>24</size>
		</font>
		<font>
			<name>Reg22</name>
			<filename>Arial.ttf</filename>
			<aspect>0.9</aspect>
			<size>22</size>
		</font>
		<font>
			<name>Reg20</name>
			<filename>Arial.ttf</filename>
			<aspect>0.9</aspect>
			<size>20</size>
		</font>
		<!-- Light -->
		<font>
			<name>Light148</name>
			<filename>Arial.ttf</filename>
			<aspect>0.9</aspect>
			<style>lighten</style>
			<size>148</size>
		</font>
		<font>
			<name>Light144</name>
			<filename>Arial.ttf</filename>
			<aspect>0.9</aspect>
			<style>lighten</style>
			<size>144</size>
		</font>
		<font>
			<name>Light80</name>
			<filename>Arial.ttf</filename>
			<aspect>0.9</aspect>
			<style>lighten</style>
			<size>80</size>
		</font>
		<font>
			<name>Light60</name>
			<filename>Arial.ttf</filename>
			<aspect>0.9</aspect>
			<style>lighten</style>
			<linespacing>1.06</linespacing>
			<size>60</size>
		</font>
		<font>
			<name>Light49</name>
			<filename>Arial.ttf</filename>
			<aspect>0.9</aspect>
			<size>49</size>
		</font>
		<font>
			<name>Light40</name>
			<filename>Arial.ttf</filename>
			<aspect>0.9</aspect>
			<style>lighten</style>
			<size>40</size>
		</font>
		<font>
			<name>Light39</name>
			<filename>Arial.ttf</filename>
			<aspect>0.9</aspect>
			<style>lighten</style>
			<size>39</size>
		</font>
		<font>
			<name>Light36</name>
			<filename>Arial.ttf</filename>
			<aspect>0.9</aspect>
			<style>lighten</style>
			<size>36</size>
			<linespacing>1.18</linespacing>
		</font>
		<font>
			<name>Light36Spaced</name>
			<filename>Arial.ttf</filename>
			<aspect>0.9</aspect>
			<style>lighten</style>
			<size>36</size>
			<linespacing>1.12</linespacing>
		</font>
		<font>
			<name>Light35</name>
			<filename>Arial.ttf</filename>
			<aspect>0.9</aspect>
			<style>lighten</style>
			<size>35</size>
		</font>
		<font>
			<name>Light32</name>
			<filename>Arial.ttf</filename>
			<aspect>0.9</aspect>
			<style>lighten</style>
			<size>32</size>
		</font>
		<font>
			<name>Light32Spaced</name>
			<filename>Arial.ttf</filename>
			<aspect>0.9</aspect>
			<style>lighten</style>
			<size>32</size>
			<linespacing>1.12</linespacing>
		</font>
		<font>
			<name>Light31</name>
			<filename>Arial.ttf</filename>
			<aspect>0.9</aspect>
			<style>lighten</style>
			<size>31</size>
		</font>
		<font>
			<name>Light30Spaced</name>
			<filename>Arial.ttf</filename>
			<aspect>0.9</aspect>
			<style>lighten</style>
			<size>30</size>
			<linespacing>1.1</linespacing>
		</font>
		<font>
			<name>Light30</name>
			<filename>Arial.ttf</filename>
			<aspect>0.9</aspect>
			<style>lighten</style>
			<size>30</size>
		</font>
		<font>
			<name>Light28</name>
			<filename>Arial.ttf</filename>
			<aspect>0.9</aspect>
			<style>lighten</style>
			<size>28</size>
			<linespacing>1.06</linespacing>
		</font>
		<font>
			<name>Light27</name>
			<filename>Arial.ttf</filename>
			<aspect>0.9</aspect>
			<style>lighten</style>
			<size>27</size>
		</font>
		<font>
			<name>Light26</name>
			<filename>Arial.ttf</filename>
			<aspect>0.9</aspect>
			<style>lighten</style>
			<size>26</size>
		</font>
		<font>
			<name>Light26Spaced</name>
			<filename>Arial.ttf</filename>
			<aspect>0.9</aspect>
			<style>lighten</style>
			<size>26</size>
			<linespacing>1.1</linespacing>
		</font>
		<font>
			<name>Light24</name>
			<filename>Arial.ttf</filename>
			<aspect>0.9</aspect>
			<style>lighten</style>
			<size>24</size>
		</font>
		<font>
			<name>Light23</name>
			<filename>Arial.ttf</filename>
			<aspect>0.9</aspect>
			<style>lighten</style>
			<size>23</size>
		</font>
		<!-- Light Capitalised -->
		<font>
			<name>LightCap48</name>
			<filename>Arial.ttf</filename>
			<aspect>0.9</aspect>
			<style>lighten capitalize</style>
			<size>48</size>
		</font>
		<font>
			<name>LightCap38</name>
			<filename>Arial.ttf</filename>
			<aspect>0.9</aspect>
			<style>lighten capitalize</style>
			<size>38</size>
		</font>
		<font>
			<name>LightCap36</name>
			<filename>Arial.ttf</filename>
			<aspect>0.9</aspect>
			<style>lighten capitalize</style>
			<size>36</size>
			<linespacing>1.18</linespacing>
		</font>
		<!-- Medium -->
		<font>
			<name>Med59</name>
			<filename>Arial.ttf</filename>
			<aspect>0.9</aspect>
			<style>bold</style>
			<size>59</size>
			<linespacing>1.05</linespacing>
		</font>
		<font>
			<name>Med58</name>
			<filename>Arial.ttf</filename>
			<aspect>0.9</aspect>
			<style>bold</style>
			<size>58</size>
		</font>
		<font>
			<name>Med54</name>
			<filename>Arial.ttf</filename>
			<aspect>0.9</aspect>
			<style>bold</style>
			<size>54</size>
		</font>
		<font>
			<name>Med48</name>
			<filename>Arial.ttf</filename>
			<aspect>0.9</aspect>
			<style>bold</style>
			<size>48</size>
		</font>
		<font>
			<name>Med40</name>
			<filename>Arial.ttf</filename>
			<aspect>0.9</aspect>
			<style>bold</style>
			<size>40</size>
		</font>
		<font>
			<name>Med36</name>
			<filename>Arial.ttf</filename>
			<aspect>0.9</aspect>
			<style>bold</style>
			<size>36</size>
		</font>
		<font>
			<name>Med34</name>
			<filename>Arial.ttf</filename>
			<aspect>0.9</aspect>
			<style>bold</style>
			<size>34</size>
		</font>
		<font>
			<name>Med32</name>
			<filename>Arial.ttf</filename>
			<aspect>0.9</aspect>
			<style>bold</style>
			<size>32</size>
		</font>
		<font>
			<name>Med32Num</name>
			<filename>HelveticaNeue_Med.ttf</filename>
			<size>32</size>
		</font>
		<font>
			<name>Med30</name>
			<filename>Arial.ttf</filename>
			<aspect>0.9</aspect>
			<style>bold</style>
			<size>30</size>
		</font>
		<font>
			<name>Med28</name>
			<filename>Arial.ttf</filename>
			<aspect>0.9</aspect>
			<style>bold</style>
			<size>28</size>
		</font>
		<font>
			<name>Med26</name>
			<filename>Arial.ttf</filename>
			<aspect>0.9</aspect>
			<style>bold</style>
			<size>26</size>
		</font>
		<font>
			<name>Med24</name>
			<filename>Arial.ttf</filename>
			<aspect>0.9</aspect>
			<style>bold</style>
			<size>24</size>
			<linespacing>1.1</linespacing>
		</font>
		<font>
			<name>Med24Num</name>
			<filename>Arial.ttf</filename>
			<size>24</size>
			<linespacing>1.1</linespacing>
		</font>
		<font>
			<name>Med24CR</name>
			<filename>Arial.ttf</filename>
			<aspect>0.9</aspect>
			<style>bold</style>
			<size>24</size>
			<linespacing>2.2</linespacing>
		</font>
		<font>
			<name>Med23Spaced</name>
			<filename>Arial.ttf</filename>
			<aspect>0.9</aspect>
			<style>bold</style>
			<size>23</size>
			<linespacing>0.96</linespacing>
		</font>
		<font>
			<name>Med22</name>
			<filename>Arial.ttf</filename>
			<aspect>0.9</aspect>
			<style>bold</style>
			<size>22</size>
		</font>
		<font>
			<name>Med20</name>
			<filename>Arial.ttf</filename>
			<aspect>0.9</aspect>
			<style>bold</style>
			<size>20</size>
		</font>
		<!-- Med uppercase -->
		<font>
			<name>MedUpper24</name>
			<filename>Arial.ttf</filename>
			<aspect>0.9</aspect>
			<style>bold</style>
			<style>uppercase</style>
			<size>24</size>
		</font>
		<!-- Bold -->
		<font>
			<name>Bold46</name>
			<filename>Arial.ttf</filename>
			<aspect>0.9</aspect>
			<style>bold</style>
			<size>46</size>
		</font>
		<font>
			<name>Bold44</name>
			<filename>Arial.ttf</filename>
			<aspect>0.9</aspect>
			<style>bold</style>
			<size>44</size>
		</font>
		<font>
			<name>Bold42</name>
			<filename>Arial.ttf</filename>
			<aspect>0.9</aspect>
			<style>bold</style>
			<size>42</size>
		</font>
		<font>
			<name>Bold38</name>
			<filename>Arial.ttf</filename>
			<aspect>0.9</aspect>
			<style>bold</style>
			<size>38</size>
		</font>
		<font>
			<name>Bold36</name>
			<filename>Arial.ttf</filename>
			<aspect>0.9</aspect>
			<style>bold</style>
			<size>36</size>
		</font>
		<font>
			<name>Bold34</name>
			<filename>Arial.ttf</filename>
			<aspect>0.9</aspect>
			<style>bold</style>
			<size>34</size>
			<linespacing>0.98</linespacing>
		</font>
		<font>
			<name>Bold32</name>
			<filename>Arial.ttf</filename>
			<aspect>0.9</aspect>
			<style>bold</style>
			<size>32</size>
		</font>
		<font>
			<name>Bold31</name>
			<filename>Arial.ttf</filename>
			<aspect>0.9</aspect>
			<style>bold</style>
			<size>31</size>
		</font>
		<font>
			<name>Bold30</name>
			<filename>Arial.ttf</filename>
			<aspect>0.9</aspect>
			<style>bold</style>
			<size>30</size>
		</font>
		<font>
			<name>Bold30Num</name>
			<filename>HelveticaNeue_Bold.ttf</filename>
			<size>30</size>
		</font>
		<font>
			<name>Bold29</name>
			<filename>Arial.ttf</filename>
			<aspect>0.9</aspect>
			<style>bold</style>
			<size>29</size>
		</font>
		<font>
			<name>Bold28</name>
			<filename>Arial.ttf</filename>
			<aspect>0.9</aspect>
			<style>bold</style>
			<size>28</size>
		</font>
		<font>
			<name>Bold26</name>
			<filename>Arial.ttf</filename>
			<aspect>0.9</aspect>
			<style>bold</style>
			<size>26</size>
		</font>
		<font>
			<name>Bold24</name>
			<filename>Arial.ttf</filename>
			<aspect>0.9</aspect>
			<style>bold</style>
			<size>24</size>
		</font>
		<font>
			<name>Bold24Num</name>
			<filename>HelveticaNeue_Bold.ttf</filename>
			<size>24</size>
		</font>
		<font>
			<name>Bold23</name>
			<filename>Arial.ttf</filename>
			<aspect>0.9</aspect>
			<style>bold</style>
			<size>23</size>
		</font>
		<font>
			<name>Bold22</name>
			<filename>Arial.ttf</filename>
			<aspect>0.9</aspect>
			<style>bold</style>
			<size>22</size>
		</font>
		<!-- Required for system -->
		<font>
			<name>font13</name>
			<filename>Arial.ttf</filename>
			<aspect>0.9</aspect>
			<size>21</size>
		</font>
	</fontset>
</fonts>