<?xml version="1.0" encoding="UTF-8"?>
<window>
	<!-- notification -->
	<zorder>2</zorder>
	<controls>
		<!-- Hidden Control-->
		<control type="image" id="400">
			<top>-100</top>
			<include>HiddenControl</include>
		</control>
		<!-- Main group -->
		<control type="group">
			<include>DialogAnimation</include>
			<right>12</right>
			<top>12</top>
			<width>636</width>
			<height>224</height>
			<!-- Background image -->
			<control type="image">
				<width>636</width>
				<height>224</height>
				<texture border="48">views/shadow_fo.png</texture>
			</control>
			<control type="image">
				<left>48</left>
				<top>48</top>
				<width>540</width>
				<height>128</height>
				<texture border="4">dialogs/DialogNotificationBackground.png</texture>
			</control>
			<!-- icon -->
			<control type="group">
				<left>54</left>
				<top>54</top>
				<width>116</width>
				<height>116</height>
				<!-- Icon back -->
				<control type="image">
					<width>116</width>
					<height>116</height>
					<texture>dialogs/progress/bg.png</texture>
					<visible>String.StartsWith(Control.GetLabel(400),Default) | String.IsEmpty(Control.GetLabel(400))</visible>
				</control>
				<control type="image">
					<width>116</width>
					<height>116</height>
					<texture>dialogs/progress/bg_circle.png</texture>
					<visible>String.StartsWith(Control.GetLabel(400),Default) | String.IsEmpty(Control.GetLabel(400))</visible>
				</control>
				<!-- Icon -->
				<control type="image">
					<width>116</width>
					<height>116</height>
					<texture>dialogs/icons/info.png</texture>
					<visible>String.IsEmpty(Control.GetLabel(400))</visible>
				</control>
				<control type="image">
					<width>116</width>
					<height>116</height>
					<aspectratio>keep</aspectratio>
					<texture>$INFO[Control.GetLabel(400)]</texture>
					<visible>String.StartsWith(Control.GetLabel(400),Default)</visible>
				</control>
				<control type="image">
					<left>10</left>
					<top>10</top>
					<width>96</width>
					<height>96</height>
					<aspectratio>keep</aspectratio>
					<texture>$INFO[Control.GetLabel(400)]</texture>
					<visible>!String.StartsWith(Control.GetLabel(400),Default) + !String.IsEmpty(Control.GetLabel(400))</visible>
				</control>
			</control>
			<!-- Heading -->
			<control id="401" type="label">
				<left>182</left>
				<top>72</top>
				<width>388</width>
				<height>44</height>
				<font>Med30</font>
				<textcolor>ffdadada</textcolor>
			</control>
			<!-- Details -->
			<control id="402" type="label">
				<left>182</left>
				<top>114</top>
				<width>388</width>
				<height>36</height>
				<font>Reg25</font>
				<scroll>true</scroll>
				<textcolor>ffdadada</textcolor>
			</control>
		</control>
	</controls>
</window>