<?xml version="1.0" encoding="UTF-8"?>
<window>
	<!-- subtitlesearch -->
	<defaultcontrol>150</defaultcontrol>
	<controls>
		<control type="image">
			<width>1980</width>
			<height>210</height>
			<texture border="1">osd/mask_top.png</texture>
		</control>
		<control type="grouplist">
			<left>20</left>
			<top>64</top>
			<width>1880</width>
			<height>50</height>
			<align>center</align>
			<itemgap>0</itemgap>
			<orientation>horizontal</orientation>
			<!--  Movie title -->
			<control type="label">
				<width>auto</width>
				<height>50</height>
				<font>Med40</font>
				<textcolor>ffeaeaea</textcolor>
				<shadowcolor>ff000000</shadowcolor>
				<label>$INFO[VideoPlayer.Title]</label>
				<visible>String.IsEmpty(VideoPlayer.TVShowTitle)</visible>
			</control>
			<!--  TV Show title -->
			<control type="label">
				<width>auto</width>
				<height>50</height>
				<font>Med40</font>
				<textcolor>ffeaeaea</textcolor>
				<shadowcolor>ff000000</shadowcolor>
				<label>$INFO[VideoPlayer.TVShowTitle]</label>
				<visible>!String.IsEmpty(VideoPlayer.TVShowTitle)</visible>
			</control>
			<!-- Season/Episode number -->
			<control type="label">
				<width>auto</width>
				<height>50</height>
				<font>Med40</font>
				<textcolor>ffeaeaea</textcolor>
				<shadowcolor>ff000000</shadowcolor>
				<label>$VAR[PlayerEpisodeValue]</label>
			</control>
		</control>
		<!--  Episode title -->
		<control type="label">
			<left>20</left>
			<top>127</top>
			<width>1880</width>
			<height>40</height>
			<align>center</align>
			<font>Light26</font>
			<textcolor>fffe8e8e8</textcolor>
			<shadowcolor>ff000000</shadowcolor>
			<label>$INFO[VideoPlayer.Title]</label>
			<visible>!String.IsEmpty(VideoPlayer.TVShowTitle)</visible>
		</control>
		<control type="group">
			<top>655</top>
			<!-- Background -->
			<control type="image">
				<width>1920</width>
				<height>425</height>
				<texture>osd/mask.png</texture>
			</control>
			<!-- Heading label -->
			<control type="label" id="100">
				<left>92</left>
				<top>20</top>
				<width>1400</width>
				<height>36</height>
				<font>Bold30</font>
				<textcolor>ffdadada</textcolor>
			</control>
			<!-- Notification -->
			<control type="label" id="130">
				<left>92</left>
				<top>20</top>
				<width>1400</width>
				<height>36</height>
				<font>Bold30</font>
				<align>right</align>
				<label>31044</label>
				<textcolor>ffffffff</textcolor>
			</control>
			<!-- List -->
			<control type="list" id="120">
				<left>92</left>
				<top>60</top>
				<width>1400</width>
				<height>348</height>
				<onleft>noop</onleft>
				<onright>150</onright>
				<onup>noop</onup>
				<ondown>noop</ondown>
				<viewtype label="535">list</viewtype>
				<scrolltime tween="sine" easing="out">240</scrolltime>
				<itemlayout width="1400" height="58">
					<control type="image">
						<top>5</top>
						<width>48</width>
						<height>48</height>
						<texture>$INFO[ListItem.Thumb,language/,.png]</texture>
					</control>
					<control type="label">
						<left>86</left>
						<width>120</width>
						<height>58</height>
						<font>Light32</font>
						<textcolor>ffffffff</textcolor>
						<label>$INFO[ListItem.Label]</label>
					</control>
					<control type="label">
						<left>226</left>
						<width>70</width>
						<height>58</height>
						<font>Light32</font>
						<textcolor>ffffffff</textcolor>
						<label>[CC]</label>
						<visible>ListItem.Property(hearingimp)</visible>
					</control>
					<control type="label">
						<left>316</left>
						<width>120</width>
						<height>58</height>
						<font>Light32</font>
						<textcolor>ffffffff</textcolor>
						<label>(SYNC)</label>
						<visible>ListItem.Property(sync)</visible>
					</control>
					<control type="label">
						<left>456</left>
						<width>784</width>
						<height>58</height>
						<font>Light32</font>
						<textcolor>ffffffff</textcolor>
						<label>$INFO[ListItem.Label2]</label>
					</control>
					<control type="image">
						<left>1263</left>
						<top>17</top>
						<width>137</width>
						<height>24</height>
						<texture>$INFO[ListItem.ActualIcon,rating,.png]</texture>
					</control>
				</itemlayout>
				<focusedlayout width="1400" height="58">
					<control type="group">
						<control type="image">
							<top>5</top>
							<width>48</width>
							<height>48</height>
							<texture>$INFO[ListItem.Thumb,language/,.png]</texture>
						</control>
						<control type="group">
							<visible>Control.HasFocus(120)</visible>
							<control type="label">
								<left>86</left>
								<width>120</width>
								<height>58</height>
								<font>Light32</font>
								<textcolor>ffffc04b</textcolor>
								<label>$INFO[ListItem.Label]</label>
							</control>
							<control type="label">
								<left>226</left>
								<width>70</width>
								<height>58</height>
								<font>Light32</font>
								<textcolor>ffffc04b</textcolor>
								<label>[CC]</label>
								<visible>ListItem.Property(hearingimp)</visible>
							</control>
							<control type="label">
								<left>316</left>
								<width>120</width>
								<height>58</height>
								<font>Light32</font>
								<textcolor>ffffc04b</textcolor>
								<label>(SYNC)</label>
								<visible>ListItem.Property(sync)</visible>
							</control>
							<control type="label">
								<left>456</left>
								<width>784</width>
								<height>58</height>
								<font>Light32</font>
								<textcolor>ffffc04b</textcolor>
								<label>$INFO[ListItem.Label2]</label>
							</control>
						</control>
						<control type="group">
							<visible>!Control.HasFocus(120)</visible>
							<control type="label">
								<left>86</left>
								<width>120</width>
								<height>58</height>
								<font>Light32</font>
								<textcolor>88ffffff</textcolor>
								<label>$INFO[ListItem.Label]</label>
							</control>
							<control type="label">
								<left>226</left>
								<width>70</width>
								<height>58</height>
								<font>Light32</font>
								<textcolor>88ffffff</textcolor>
								<label>[CC]</label>
								<visible>ListItem.Property(hearingimp)</visible>
							</control>
							<control type="label">
								<left>316</left>
								<width>120</width>
								<height>58</height>
								<font>Light32</font>
								<textcolor>88ffffff</textcolor>
								<label>(SYNC)</label>
								<visible>ListItem.Property(sync)</visible>
							</control>
							<control type="label">
								<left>456</left>
								<width>784</width>
								<height>58</height>
								<font>Light32</font>
								<textcolor>88ffffff</textcolor>
								<label>$INFO[ListItem.Label2]</label>
							</control>
						</control>
						<control type="image">
							<left>1263</left>
							<top>17</top>
							<width>137</width>
							<height>24</height>
							<texture>$INFO[ListItem.ActualIcon,rating,.png]</texture>
						</control>
					</control>
				</focusedlayout>
			</control>
			<!-- Heading -->
			<control type="label">
				<left>1528</left>
				<top>20</top>
				<height>36</height>
				<font>Bold30</font>
				<textcolor>ffdadada</textcolor>
				<label>24018</label>
			</control>
			<!-- Right list -->
			<control type="list" id="150">
				<left>1528</left>
				<top>60</top>
				<width>1400</width>
				<height>290</height>
				<onleft>120</onleft>
				<onright>noop</onright>
				<onup>noop</onup>
				<ondown>160</ondown>
				<viewtype label="535">list</viewtype>
				<scrolltime tween="sine" easing="out">240</scrolltime>
				<itemlayout width="300" height="58">
					<control type="label">
						<width>300</width>
						<height>58</height>
						<font>Light32</font>
						<textcolor>ffffffff</textcolor>
						<label>$INFO[ListItem.Label]</label>
					</control>
				</itemlayout>
				<focusedlayout width="300" height="58">
					<control type="label">
						<width>300</width>
						<height>58</height>
						<font>Light32</font>
						<textcolor>ffffc04b</textcolor>
						<selectedcolor>ffffc04b</selectedcolor>
						<label>$INFO[ListItem.Label]</label>
						<visible>Control.HasFocus(150)</visible>
					</control>
					<control type="label">
						<width>300</width>
						<height>58</height>
						<font>Light32</font>
						<textcolor>88ffffff</textcolor>
						<selectedcolor>88ffffff</selectedcolor>
						<label>$INFO[ListItem.Label]</label>
						<visible>!Control.HasFocus(150)</visible>
					</control>
				</focusedlayout>
			</control>
			<!-- Manual search button -->
			<control type="button" id="160">
				<left>1528</left>
				<top>350</top>
				<width>300</width>
				<height>58</height>
				<onleft>120</onleft>
				<onright>noop</onright>
				<onup>150</onup>
				<ondown>noop</ondown>
				<label>24120</label>
				<align>center</align>
				<textcolor>ffffffff</textcolor>
				<focusedcolor>ff000000</focusedcolor>
			</control>
		</control>
	</controls>
</window>