<?xml version="1.0" encoding="UTF-8"?>
<window>
	<!-- smartplaylisteditor -->
	<defaultcontrol always="true">22</defaultcontrol>
	<controls>
		<include>DialogBackgroundImage</include>
		<!-- Main group -->
		<control type="group">
			<left>190</left>
			<centertop>50%</centertop>
			<width>1540</width>
			<height>648</height>
			<include>DialogZoomAnimation</include>
			<control type="image">
				<width>1540</width>
				<height>648</height>
				<texture border="5,65,5,5">dialogs/dialog_back.png</texture>
			</control>
			<!-- Heading -->
			<control type="label" id="2">
				<left>40</left>
				<top>14</top>
				<height>30</height>
				<width>1540</width>
				<aligny>center</aligny>
				<font>Bold30</font>
				<label>21432</label>
				<textcolor>ffdadada</textcolor>
			</control>
			<!-- Left group -->
			<control type="group" id="100">
				<top>60</top>
				<width>770</width>
				<height>648</height>
				<!-- Set Playlist type -->
				<control type="spincontrolex" id="22">
					<width>770</width>
					<height>84</height>
					<onleft>back</onleft>
					<onright>200</onright>
					<ondown>12</ondown>
					<font>Light32</font>
					<label>467</label>
					<textoffsetx>40</textoffsetx>
					<textcolor>ff505153</textcolor>
					<focusedcolor>ffffaf37</focusedcolor>
					<texturefocus border="3">settings/button_focus.png</texturefocus>
					<texturenofocus border="3">settings/button_no_focus.png</texturenofocus>
					<aligny>center</aligny>
					<reverse>true</reverse>
				</control>
				<!-- Name Button -->
				<control type="edit" id="12">
					<top>84</top>
					<width>770</width>
					<height>84</height>
					<onup>22</onup>
					<onleft>noop</onleft>
					<onright>200</onright>
					<ondown>10</ondown>
					<font>Light32</font>
					<textoffsetx>40</textoffsetx>
					<textcolor>ff505153</textcolor>
					<focusedcolor>ffffaf37</focusedcolor>
					<hinttext>21433</hinttext>
					<texturefocus border="3">settings/button_focus.png</texturefocus>
					<texturenofocus border="3">settings/button_no_focus.png</texturenofocus>
				</control>
				<!-- Rules label -->
				<control type="label">
					<top>168</top>
					<left>40</left>
					<width>690</width>
					<height>84</height>
					<font>Bold30</font>
					<textcolor>ffdadada</textcolor>
					<label>21434</label>
				</control>
				<control type="image">
					<top>168</top>
					<width>770</width>
					<height>84</height>
					<texture border="3">settings/button_no_focus.png</texture>
				</control>
				<!-- Rules list -->
				<control type="list" id="10">
					<top>252</top>
					<width>550</width>
					<height>252</height>
					<onup>12</onup>
					<ondown>9001</ondown>
					<onleft>noop</onleft>
					<onright>300</onright>
					<itemgap>0</itemgap>
					<scrolltime>0</scrolltime>
					<orientation>vertical</orientation>
					<itemlayout height="84" width="550">
						<control type="image">
							<width>550</width>
							<height>84</height>
							<texture border="3">settings/button_no_focus.png</texture>
						</control>
						<control type="label">
							<left>40</left>
							<width>490</width>
							<height>84</height>
							<font>Light32</font>
							<textcolor>ff505153</textcolor>
							<label>$INFO[ListItem.Label]</label>
						</control>
					</itemlayout>
					<focusedlayout height="84" width="550">
						<control type="image">
							<width>550</width>
							<height>84</height>
							<texture border="3">settings/button_focus.png</texture>
							<visible>Control.HasFocus(10)</visible>
						</control>
						<control type="image">
							<width>550</width>
							<height>84</height>
							<texture border="3">settings/button_no_focus.png</texture>
							<visible>!Control.HasFocus(10)</visible>
						</control>
						<control type="label">
							<left>40</left>
							<width>490</width>
							<height>84</height>
							<font>Light32</font>
							<textcolor>ffffaf37</textcolor>
							<label>$INFO[ListItem.Label]</label>
							<visible>Control.HasFocus(10)</visible>
						</control>
						<control type="label">
							<left>40</left>
							<width>490</width>
							<height>84</height>
							<font>Light32</font>
							<scroll>false</scroll>
							<textcolor>ffffffff</textcolor>
							<label>$INFO[ListItem.Label]</label>
							<visible>!Control.HasFocus(10)</visible>
						</control>
					</focusedlayout>
				</control>
				<control type="grouplist" id="300">
					<left>550</left>
					<top>252</top>
					<width>220</width>
					<height>252</height>
					<itemgap>0</itemgap>
					<onleft>10</onleft>
					<onright>200</onright>
					<onup>12</onup>
					<ondown>9001</ondown>
					<orientation>vertical</orientation>
					<!-- Add Rule Button -->
					<control type="button" id="13">
						<width>220</width>
						<height>84</height>
						<font>Light32</font>
						<textwidth>220</textwidth>
						<textoffsetx>40</textoffsetx>
						<textcolor>ff505153</textcolor>
						<focusedcolor>ffffaf37</focusedcolor>
						<texturefocus border="3">settings/button_focus.png</texturefocus>
						<texturenofocus border="3">settings/button_no_focus.png</texturenofocus>
						<label>15019</label>
					</control>
					<!-- Remove Rule Button -->
					<control type="button" id="14">
						<width>220</width>
						<height>84</height>
						<font>Light32</font>
						<textwidth>220</textwidth>
						<textoffsetx>40</textoffsetx>
						<textcolor>ff505153</textcolor>
						<focusedcolor>ffffaf37</focusedcolor>
						<texturefocus border="3">settings/button_focus.png</texturefocus>
						<texturenofocus border="3">settings/button_no_focus.png</texturenofocus>
						<label>1210</label>
					</control>
					<!-- Edit Rule Button -->
					<control type="button" id="15">
						<width>220</width>
						<height>84</height>
						<font>Light32</font>
						<textwidth>220</textwidth>
						<textoffsetx>40</textoffsetx>
						<textcolor>ff505153</textcolor>
						<focusedcolor>ffffaf37</focusedcolor>
						<texturefocus border="3">settings/button_focus.png</texturefocus>
						<texturenofocus border="3">settings/button_no_focus.png</texturenofocus>
						<label>21435</label>
					</control>	
				</control>								
				<control type="image">
					<top>420</top>
					<width>770</width>
					<height>84</height>
					<texture border="3">settings/button_no_focus.png</texture>
				</control>
			</control>
			<!-- Right group -->
			<control type="group" id="200">
				<left>770</left>
				<top>60</top>
				<width>770</width>
				<height>504</height>
				<!-- Default spin control -->
				<control type="spincontrolex" id="16">
					<top>0</top>
					<width>770</width>
					<height>84</height>
					<onleft>100</onleft>
					<onright>noop</onright>
					<ondown>17</ondown>
					<font>Light32</font>
					<label>21424</label>
					<textoffsetx>40</textoffsetx>
					<textcolor>ff505153</textcolor>
					<focusedcolor>ffffaf37</focusedcolor>
					<texturefocus border="3">settings/button_focus.png</texturefocus>
					<texturenofocus border="3">settings/button_no_focus.png</texturenofocus>
					<aligny>center</aligny>
					<reverse>true</reverse>
				</control>
				<!-- Default spin control -->
				<control type="spincontrolex" id="17">
					<top>84</top>
					<width>770</width>
					<height>84</height>
					<onleft>100</onleft>
					<onright>noop</onright>
					<onup>16</onup>
					<ondown>18</ondown>
					<font>Light32</font>
					<label>21427</label>
					<textoffsetx>40</textoffsetx>
					<textcolor>ff505153</textcolor>
					<focusedcolor>ffffaf37</focusedcolor>
					<texturefocus border="3">settings/button_focus.png</texturefocus>
					<texturenofocus border="3">settings/button_no_focus.png</texturenofocus>
					<aligny>center</aligny>
					<reverse>true</reverse>
				</control>
				<!-- Default spin control -->
				<control type="spincontrolex" id="18">
					<top>168</top>
					<width>770</width>
					<height>84</height>
					<onleft>100</onleft>
					<onright>noop</onright>
					<onup>17</onup>
					<ondown>19</ondown>
					<font>Light32</font>
					<label>21429</label>
					<textoffsetx>40</textoffsetx>
					<textcolor>ff505153</textcolor>
					<focusedcolor>ffffaf37</focusedcolor>
					<texturefocus border="3">settings/button_focus.png</texturefocus>
					<texturenofocus border="3">settings/button_no_focus.png</texturenofocus>
					<aligny>center</aligny>
					<reverse>true</reverse>
				</control>
				<!-- Default toggle -->
				<control type="togglebutton" id="19">
					<top>252</top>
					<width>770</width>
					<height>84</height>
					<onright>noop</onright>
					<onleft>100</onleft>
					<onup>18</onup>
					<ondown>23</ondown>
					<font>Light32</font>
					<align>right</align>
					<label>[CAPITALIZE]$LOCALIZE[21431][/CAPITALIZE]</label>
					<altlabel>[CAPITALIZE]$LOCALIZE[21430][/CAPITALIZE]</altlabel>
					<textoffsetx>40</textoffsetx>
					<textcolor>ff505153</textcolor>
					<focusedcolor>ffffaf37</focusedcolor>
					<texturefocus border="3">settings/button_focus.png</texturefocus>
					<texturenofocus border="3">settings/button_no_focus.png</texturenofocus>
					<alttexturefocus border="3">settings/button_focus.png</alttexturefocus>
					<alttexturenofocus border="3">settings/button_no_focus.png</alttexturenofocus>
					<aligny>center</aligny>
				</control>
				<!-- Default spin control -->
				<control type="spincontrolex" id="23">
					<top>336</top>
					<width>770</width>
					<height>84</height>
					<onleft>100</onleft>
					<onright>24</onright>
					<onup>19</onup>
					<ondown>24</ondown>
					<font>Light32</font>
					<label>21458</label>
					<textoffsetx>40</textoffsetx>
					<textcolor>ff505153</textcolor>
					<focusedcolor>ffffaf37</focusedcolor>
					<texturefocus border="3">settings/button_focus.png</texturefocus>
					<texturenofocus border="3">settings/button_no_focus.png</texturenofocus>
					<aligny>center</aligny>
					<reverse>true</reverse>
				</control>
				<!-- Default radio button -->
				<control type="radiobutton" id="24">
					<top>420</top>
					<width>770</width>
					<height>84</height>
					<onleft>100</onleft>
					<onright>noop</onright>
					<onup>23</onup>
					<ondown>9001</ondown>
					<font>Light32</font>
					<align>left</align>
					<label>[CAPITALIZE]$LOCALIZE[21459][/CAPITALIZE]</label>
					<textwidth>738</textwidth>
					<textoffsetx>40</textoffsetx>
					<textcolor>ff505153</textcolor>
					<focusedcolor>ffffaf37</focusedcolor>
					<radiowidth>125</radiowidth>
					<radioheight>53</radioheight>
					<radioposx>615</radioposx>
					<textureradioonfocus>settings/radio_on_focus.png</textureradioonfocus>
					<textureradioonnofocus>settings/radio_on_no_focus.png</textureradioonnofocus>
					<textureradioondisabled>settings/radio_on_disabled.png</textureradioondisabled>
					<textureradioofffocus>settings/radio_off_focus.png</textureradioofffocus>
					<textureradiooffnofocus>settings/radio_off_no_focus.png</textureradiooffnofocus>
					<textureradiooffdisabled>settings/radio_off_disabled.png</textureradiooffdisabled>
					<texturefocus border="3">settings/button_focus.png</texturefocus>
					<texturenofocus border="3">settings/button_no_focus.png</texturenofocus>
				</control>
			</control>
			<!-- Button grouplist -->
			<control type="grouplist" id="9001">
				<bottom>3</bottom>
				<height>76</height>
				<aligny>bottom</aligny>
				<width>1540</width>
				<itemgap>0</itemgap>
				<onup>100</onup>
				<onright>noop</onright>
				<ondown>noop</ondown>
				<align>center</align>
				<orientation>horizontal</orientation>
				<!-- Cancel Button -->
				<control type="button" id="21">
					<width>311</width>
					<height>76</height>
					<align>center</align>
					<aligny>top</aligny>
					<font>Med24</font>
					<textoffsetx>23</textoffsetx>
					<textoffsety>27</textoffsety>
					<label>222</label>
				</control>
				<!-- OK Button -->
				<control type="button" id="20">
					<width>311</width>
					<height>76</height>
					<align>center</align>
					<aligny>top</aligny>
					<font>Med24</font>
					<textoffsetx>23</textoffsetx>
					<textoffsety>27</textoffsety>
					<label>186</label>
				</control>
			</control>
			<control type="image">
				<left>510</left>
				<top>312</top>
				<width>40</width>
				<height>252</height>
				<texture flipx="true" border="0,20,0,0">common/shadow.png</texture>
			</control>
			<control type="image">
				<left>770</left>
				<top>60</top>
				<width>40</width>
				<height>504</height>
				<texture border="0,20,0,0">common/shadow.png</texture>
			</control>
		</control>
	</controls>
</window>