<?xml version="1.0" encoding="utf-8"?>
<window>
	<!-- home -->
	<backgroundcolor>0xff12161b</backgroundcolor>
	<defaultcontrol>90</defaultcontrol>
	<onload>ClearProperty(BounceRight,Home)</onload>
	<onload condition="Window.Previous(startup)">SetProperty(Preload,1,Home)</onload>
	<onload condition="Window.Previous(startup)">SetProperty(PreloadTimout,1,Home)</onload>
	<onload>RunScript(script.skinshortcuts,type=buildxml&amp;mainmenuID=99&amp;levels=0&amp;group=mainmenu|shutdown)</onload>
	<controls>
		<control type="group">
			<!-- Hide elements until  Preloading is done -->
			<animation effect="slide" time="0" start="0,0" end="0,2000" condition="!IsEmpty(Window(home).Property(Preload)) | [Control.IsVisible(91) | !IsEmpty(Window(home).Property(WaitForControl))]">Conditional</animation>
			<!-- Hidden control to load weather conditions -->
			<control type="label">
				<font>-</font>
				<label>$INFO[Weather.Conditions]</label>
			</control>
			<!-- Background -->
			<control type="image">
				<include>FullscreenDimensions</include>
				<aspectratio>scale</aspectratio>
				<texture>$INFO[Container(99).ListItem.Thumb]</texture>
				<include>VisibleFadeAnimation</include>
				<fadetime>200</fadetime>
				<visible>!IsEmpty(Container(99).ListItem.Thumb) + !StringCompare(Container(99).ListItem.Thumb,DefaultAddonNone.png)</visible>
			</control>
			<control type="image">
				<include>FullscreenDimensions</include>
				<texture>special://skin/extras/backgrounds/wp_overlay.png</texture>
			</control>			
			<control type="image">
				<include>FullscreenDimensions</include>
				<texture>special://skin/extras/backgrounds/default.png</texture>
				<colordiffuse>ccffffff</colordiffuse>
				<visible>!IsEmpty(Container(99).ListItem.Thumb) + Control.IsVisible(999)</visible>
				<animation effect="fade" end="100" start="0" time="180">Visible</animation>
				<animation effect="fade" end="0" start="100" time="180">Hidden</animation>
			</control>
			<!-- Main list -->
			<control id="99" type="list">
				<left>84</left>
				<top>111</top>
				<width>284</width>
				<height>942</height>
				<onup>noop</onup>
				<onup>SetProperty(Movement,1)</onup>
				<ondown>noop</ondown>
				<ondown>ClearProperty(Movement)</ondown>
				<onleft>noop</onleft>				
				<onfocus>SetProperty(MainMenuFocus,1,home)</onfocus>
				<onfocus>ClearProperty(ForceViewType,home)</onfocus>
				<onfocus>ClearProperty(WidgetHasFocus,Home)</onfocus>
				<!--on right-->
				<onright condition="!IsEmpty(Container(99).ListItem.Property(ftvWidget)) | StringCompare(Container(99).ListItem.Property(defaultID),settings)">ClearProperty(MainMenuFocus,home)</onright>
				<onright condition="SubString(Container(99).ListItem.Property(ftvWidget),widget)">SetProperty(WidgetHasFocus,1,Home)</onright>
				<!-- #1 -->
				<onright condition="StringCompare(Container(99).ListItem.Property(ftvWidget),widget1) + IntegerGreaterThan(Container(1009).NumItems,0) + StringCompare(Container(1000).CurrentItem,1) + !IsEmpty(Skin.String(1000-WidgetAd))">Control.Move(1000,1)</onright>
				<onright condition="StringCompare(Container(99).ListItem.Property(ftvWidget),widget1) + IntegerGreaterThan(Container(1000).NumItems,1)">SetFocus(1000)</onright>
				<onright condition="StringCompare(Container(99).ListItem.Property(ftvWidget),widget1) + !IntegerGreaterThan(Container(1000).NumItems,1) + StringCompare(Container(1000).ListItem.Property(WidgetStyle),$LOCALIZE[31159])">SetProperty(ForceViewType,wide,Home)</onright>
				<onright condition="StringCompare(Container(99).ListItem.Property(ftvWidget),widget1) + !IntegerGreaterThan(Container(1000).NumItems,1) + StringCompare(Container(1000).ListItem.Property(WidgetStyle),$LOCALIZE[31160])">SetProperty(ForceViewType,poster,Home)</onright>
				<onright condition="StringCompare(Container(99).ListItem.Property(ftvWidget),widget1) + !IntegerGreaterThan(Container(1000).NumItems,1) + !IsEmpty(Container(1000).ListItem.Property(InfoLabel1))">$INFO[Skin.String(1000-WidgetAction-1)]</onright>
				<!-- #2 -->
				<onright condition="StringCompare(Container(99).ListItem.Property(ftvWidget),widget2) + IntegerGreaterThan(Container(2009).NumItems,0) + StringCompare(Container(2000).CurrentItem,1) + !IsEmpty(Skin.String(2000-WidgetAd))">Control.Move(2000,1)</onright>
				<onright condition="StringCompare(Container(99).ListItem.Property(ftvWidget),widget2) + IntegerGreaterThan(Container(2000).NumItems,1)">SetFocus(2000)</onright>
				<onright condition="StringCompare(Container(99).ListItem.Property(ftvWidget),widget2) + !IntegerGreaterThan(Container(2000).NumItems,1) + StringCompare(Container(2000).ListItem.Property(WidgetStyle),$LOCALIZE[31159])">SetProperty(ForceViewType,wide,Home)</onright>
				<onright condition="StringCompare(Container(99).ListItem.Property(ftvWidget),widget2) + !IntegerGreaterThan(Container(2000).NumItems,1) + StringCompare(Container(2000).ListItem.Property(WidgetStyle),$LOCALIZE[31160])">SetProperty(ForceViewType,poster,Home)</onright>
				<onright condition="StringCompare(Container(99).ListItem.Property(ftvWidget),widget2) + !IntegerGreaterThan(Container(2000).NumItems,1) + !IsEmpty(Container(2000).ListItem.Property(InfoLabel1))">$INFO[Skin.String(2000-WidgetAction-1)]</onright>
				<!-- #3 -->
				<onright condition="StringCompare(Container(99).ListItem.Property(ftvWidget),widget3) + IntegerGreaterThan(Container(3009).NumItems,0) + StringCompare(Container(3000).CurrentItem,1) + !IsEmpty(Skin.String(3000-WidgetAd))">Control.Move(3000,1)</onright>
				<onright condition="StringCompare(Container(99).ListItem.Property(ftvWidget),widget3) + IntegerGreaterThan(Container(3000).NumItems,1)">SetFocus(3000)</onright>
				<onright condition="StringCompare(Container(99).ListItem.Property(ftvWidget),widget3) + !IntegerGreaterThan(Container(3000).NumItems,1) + StringCompare(Container(3000).ListItem.Property(WidgetStyle),$LOCALIZE[31159])">SetProperty(ForceViewType,wide,Home)</onright>
				<onright condition="StringCompare(Container(99).ListItem.Property(ftvWidget),widget3) + !IntegerGreaterThan(Container(3000).NumItems,1) + StringCompare(Container(3000).ListItem.Property(WidgetStyle),$LOCALIZE[31160])">SetProperty(ForceViewType,poster,Home)</onright>
				<onright condition="StringCompare(Container(99).ListItem.Property(ftvWidget),widget3) + !IntegerGreaterThan(Container(3000).NumItems,1) + !IsEmpty(Container(3000).ListItem.Property(InfoLabel1))">$INFO[Skin.String(3000-WidgetAction-1)]</onright>
				<!-- #4 -->
				<onright condition="StringCompare(Container(99).ListItem.Property(ftvWidget),widget4) + IntegerGreaterThan(Container(4009).NumItems,0) + StringCompare(Container(4000).CurrentItem,1) + !IsEmpty(Skin.String(4000-WidgetAd))">Control.Move(4000,1)</onright>
				<onright condition="StringCompare(Container(99).ListItem.Property(ftvWidget),widget4) + IntegerGreaterThan(Container(4000).NumItems,1)">SetFocus(4000)</onright>
				<onright condition="StringCompare(Container(99).ListItem.Property(ftvWidget),widget4) + !IntegerGreaterThan(Container(4000).NumItems,1) + StringCompare(Container(4000).ListItem.Property(WidgetStyle),$LOCALIZE[31159])">SetProperty(ForceViewType,wide,Home)</onright>
				<onright condition="StringCompare(Container(99).ListItem.Property(ftvWidget),widget4) + !IntegerGreaterThan(Container(4000).NumItems,1) + StringCompare(Container(4000).ListItem.Property(WidgetStyle),$LOCALIZE[31160])">SetProperty(ForceViewType,poster,Home)</onright>
				<onright condition="StringCompare(Container(99).ListItem.Property(ftvWidget),widget4) + !IntegerGreaterThan(Container(4000).NumItems,1) + !IsEmpty(Container(4000).ListItem.Property(InfoLabel1))">$INFO[Skin.String(4000-WidgetAction-1)]</onright>
				<!-- #5 -->
				<onright condition="StringCompare(Container(99).ListItem.Property(ftvWidget),widget5) + IntegerGreaterThan(Container(5009).NumItems,0) + StringCompare(Container(5000).CurrentItem,1) + !IsEmpty(Skin.String(5000-WidgetAd))">Control.Move(5000,1)</onright>
				<onright condition="StringCompare(Container(99).ListItem.Property(ftvWidget),widget5) + IntegerGreaterThan(Container(5000).NumItems,1)">SetFocus(5000)</onright>
				<onright condition="StringCompare(Container(99).ListItem.Property(ftvWidget),widget5) + !IntegerGreaterThan(Container(5000).NumItems,1) + StringCompare(Container(5000).ListItem.Property(WidgetStyle),$LOCALIZE[31159])">SetProperty(ForceViewType,wide,Home)</onright>
				<onright condition="StringCompare(Container(99).ListItem.Property(ftvWidget),widget5) + !IntegerGreaterThan(Container(5000).NumItems,1) + StringCompare(Container(5000).ListItem.Property(WidgetStyle),$LOCALIZE[31160])">SetProperty(ForceViewType,poster,Home)</onright>
				<onright condition="StringCompare(Container(99).ListItem.Property(ftvWidget),widget5) + !IntegerGreaterThan(Container(5000).NumItems,1) + !IsEmpty(Container(5000).ListItem.Property(InfoLabel1))">$INFO[Skin.String(5000-WidgetAction-1)]</onright>
				<!-- #6 -->
				<onright condition="StringCompare(Container(99).ListItem.Property(ftvWidget),widget6) + IntegerGreaterThan(Container(6009).NumItems,0) + StringCompare(Container(6000).CurrentItem,1) + !IsEmpty(Skin.String(6000-WidgetAd))">Control.Move(6000,1)</onright>
				<onright condition="StringCompare(Container(99).ListItem.Property(ftvWidget),widget6) + IntegerGreaterThan(Container(6000).NumItems,1)">SetFocus(6000)</onright>
				<onright condition="StringCompare(Container(99).ListItem.Property(ftvWidget),widget6) + !IntegerGreaterThan(Container(6000).NumItems,1) + StringCompare(Container(6000).ListItem.Property(WidgetStyle),$LOCALIZE[31159])">SetProperty(ForceViewType,wide,Home)</onright>
				<onright condition="StringCompare(Container(99).ListItem.Property(ftvWidget),widget6) + !IntegerGreaterThan(Container(6000).NumItems,1) + StringCompare(Container(6000).ListItem.Property(WidgetStyle),$LOCALIZE[31160])">SetProperty(ForceViewType,poster,Home)</onright>
				<onright condition="StringCompare(Container(99).ListItem.Property(ftvWidget),widget6) + !IntegerGreaterThan(Container(6000).NumItems,1) + !IsEmpty(Container(6000).ListItem.Property(InfoLabel1))">$INFO[Skin.String(6000-WidgetAction-1)]</onright>
				<!-- #7 -->
				<onright condition="StringCompare(Container(99).ListItem.Property(ftvWidget),widget7) + IntegerGreaterThan(Container(7009).NumItems,0) + StringCompare(Container(7000).CurrentItem,1) + !IsEmpty(Skin.String(7000-WidgetAd))">Control.Move(7000,1)</onright>
				<onright condition="StringCompare(Container(99).ListItem.Property(ftvWidget),widget7) + IntegerGreaterThan(Container(7000).NumItems,1)">SetFocus(7000)</onright>
				<onright condition="StringCompare(Container(99).ListItem.Property(ftvWidget),widget7) + !IntegerGreaterThan(Container(7000).NumItems,1) + StringCompare(Container(7000).ListItem.Property(WidgetStyle),$LOCALIZE[31159])">SetProperty(ForceViewType,wide,Home)</onright>
				<onright condition="StringCompare(Container(99).ListItem.Property(ftvWidget),widget7) + !IntegerGreaterThan(Container(7000).NumItems,1) + StringCompare(Container(7000).ListItem.Property(WidgetStyle),$LOCALIZE[31160])">SetProperty(ForceViewType,poster,Home)</onright>
				<onright condition="StringCompare(Container(99).ListItem.Property(ftvWidget),widget7) + !IntegerGreaterThan(Container(7000).NumItems,1) + !IsEmpty(Container(7000).ListItem.Property(InfoLabel1))">$INFO[Skin.String(7000-WidgetAction-1)]</onright>
				<!-- #8 -->
				<onright condition="StringCompare(Container(99).ListItem.Property(ftvWidget),widget8) + IntegerGreaterThan(Container(8009).NumItems,0) + StringCompare(Container(8000).CurrentItem,1) + !IsEmpty(Skin.String(8000-WidgetAd))">Control.Move(8000,1)</onright>
				<onright condition="StringCompare(Container(99).ListItem.Property(ftvWidget),widget8) + IntegerGreaterThan(Container(8000).NumItems,1)">SetFocus(8000)</onright>
				<onright condition="StringCompare(Container(99).ListItem.Property(ftvWidget),widget8) + !IntegerGreaterThan(Container(8000).NumItems,1) + StringCompare(Container(8000).ListItem.Property(WidgetStyle),$LOCALIZE[31159])">SetProperty(ForceViewType,wide,Home)</onright>
				<onright condition="StringCompare(Container(99).ListItem.Property(ftvWidget),widget8) + !IntegerGreaterThan(Container(8000).NumItems,1) + StringCompare(Container(8000).ListItem.Property(WidgetStyle),$LOCALIZE[31160])">SetProperty(ForceViewType,poster,Home)</onright>
				<onright condition="StringCompare(Container(99).ListItem.Property(ftvWidget),widget8) + !IntegerGreaterThan(Container(8000).NumItems,1) + !IsEmpty(Container(8000).ListItem.Property(InfoLabel1))">$INFO[Skin.String(8000-WidgetAction-1)]</onright>
				<!-- #9 -->
				<onright condition="StringCompare(Container(99).ListItem.Property(ftvWidget),widget9) + IntegerGreaterThan(Container(9009).NumItems,0) + StringCompare(Container(9000).CurrentItem,1) + !IsEmpty(Skin.String(9000-WidgetAd))">Control.Move(9000,1)</onright>
				<onright condition="StringCompare(Container(99).ListItem.Property(ftvWidget),widget9) + IntegerGreaterThan(Container(9000).NumItems,1)">SetFocus(9000)</onright>
				<onright condition="StringCompare(Container(99).ListItem.Property(ftvWidget),widget9) + !IntegerGreaterThan(Container(9000).NumItems,1) + StringCompare(Container(9000).ListItem.Property(WidgetStyle),$LOCALIZE[31159])">SetProperty(ForceViewType,wide,Home)</onright>
				<onright condition="StringCompare(Container(99).ListItem.Property(ftvWidget),widget9) + !IntegerGreaterThan(Container(9000).NumItems,1) + StringCompare(Container(9000).ListItem.Property(WidgetStyle),$LOCALIZE[31160])">SetProperty(ForceViewType,poster,Home)</onright>
				<onright condition="StringCompare(Container(99).ListItem.Property(ftvWidget),widget9) + !IntegerGreaterThan(Container(9000).NumItems,1) + !IsEmpty(Container(9000).ListItem.Property(InfoLabel1))">$INFO[Skin.String(9000-WidgetAction-1)]</onright>
				<!-- #10 -->
				<onright condition="StringCompare(Container(99).ListItem.Property(ftvWidget),widget10) + IntegerGreaterThan(Container(10009).NumItems,0) + StringCompare(Container(10000).CurrentItem,1) + !IsEmpty(Skin.String(10000-WidgetAd))">Control.Move(10000,1)</onright>
				<onright condition="StringCompare(Container(99).ListItem.Property(ftvWidget),widget10) + IntegerGreaterThan(Container(10000).NumItems,1)">SetFocus(10000)</onright>
				<onright condition="StringCompare(Container(99).ListItem.Property(ftvWidget),widget10) + !IntegerGreaterThan(Container(10000).NumItems,1) + StringCompare(Container(10000).ListItem.Property(WidgetStyle),$LOCALIZE[31159])">SetProperty(ForceViewType,wide,Home)</onright>
				<onright condition="StringCompare(Container(99).ListItem.Property(ftvWidget),widget10) + !IntegerGreaterThan(Container(10000).NumItems,1) + StringCompare(Container(10000).ListItem.Property(WidgetStyle),$LOCALIZE[31160])">SetProperty(ForceViewType,poster,Home)</onright>
				<onright condition="StringCompare(Container(99).ListItem.Property(ftvWidget),widget10) + !IntegerGreaterThan(Container(10000).NumItems,1) + !IsEmpty(Container(10000).ListItem.Property(InfoLabel1))">$INFO[Skin.String(10000-WidgetAction-1)]</onright>
				<!-- #11 -->
				<onright condition="StringCompare(Container(99).ListItem.Property(ftvWidget),widget11) + IntegerGreaterThan(Container(11009).NumItems,0) + StringCompare(Container(11000).CurrentItem,1) + !IsEmpty(Skin.String(11000-WidgetAd))">Control.Move(11000,1)</onright>
				<onright condition="StringCompare(Container(99).ListItem.Property(ftvWidget),widget11) + IntegerGreaterThan(Container(11000).NumItems,1)">SetFocus(11000)</onright>
				<onright condition="StringCompare(Container(99).ListItem.Property(ftvWidget),widget11) + !IntegerGreaterThan(Container(11000).NumItems,1) + StringCompare(Container(11000).ListItem.Property(WidgetStyle),$LOCALIZE[31159])">SetProperty(ForceViewType,wide,Home)</onright>
				<onright condition="StringCompare(Container(99).ListItem.Property(ftvWidget),widget11) + !IntegerGreaterThan(Container(11000).NumItems,1) + StringCompare(Container(11000).ListItem.Property(WidgetStyle),$LOCALIZE[31160])">SetProperty(ForceViewType,poster,Home)</onright>
				<onright condition="StringCompare(Container(99).ListItem.Property(ftvWidget),widget11) + !IntegerGreaterThan(Container(11000).NumItems,1) + !IsEmpty(Container(11000).ListItem.Property(InfoLabel1))">$INFO[Skin.String(11000-WidgetAction-1)]</onright>
				<!-- #12 -->
				<onright condition="StringCompare(Container(99).ListItem.Property(ftvWidget),widget12) + IntegerGreaterThan(Container(12009).NumItems,0) + StringCompare(Container(12000).CurrentItem,1) + !IsEmpty(Skin.String(12000-WidgetAd))">Control.Move(12000,1)</onright>
				<onright condition="StringCompare(Container(99).ListItem.Property(ftvWidget),widget12) + IntegerGreaterThan(Container(12000).NumItems,1)">SetFocus(12000)</onright>
				<onright condition="StringCompare(Container(99).ListItem.Property(ftvWidget),widget12) + !IntegerGreaterThan(Container(12000).NumItems,1) + StringCompare(Container(12000).ListItem.Property(WidgetStyle),$LOCALIZE[31159])">SetProperty(ForceViewType,wide,Home)</onright>
				<onright condition="StringCompare(Container(99).ListItem.Property(ftvWidget),widget12) + !IntegerGreaterThan(Container(12000).NumItems,1) + StringCompare(Container(12000).ListItem.Property(WidgetStyle),$LOCALIZE[31160])">SetProperty(ForceViewType,poster,Home)</onright>
				<onright condition="StringCompare(Container(99).ListItem.Property(ftvWidget),widget12) + !IntegerGreaterThan(Container(12000).NumItems,1) + !IsEmpty(Container(12000).ListItem.Property(InfoLabel1))">$INFO[Skin.String(12000-WidgetAction-1)]</onright>
				<!-- Other -->
				<onright condition="StringCompare(Container(99).ListItem.Property(ftvWidget),livetv) + IntegerGreaterThan(Container(301).NumItems,0)">ActivateWindow(1106)</onright>
				<onright condition="StringCompare(Container(99).ListItem.Property(ftvWidget),livetv) + !IntegerGreaterThan(Container(301).NumItems,0)">Select</onright>
				<onright condition="StringCompare(Container(99).ListItem.Property(ftvWidget),favourites) + IntegerGreaterThan(Container(201).NumItems,0)">ActivateWindow(favourites)</onright>
				<onright condition="StringCompare(Container(99).ListItem.Property(ftvWidget),favourites) + !IntegerGreaterThan(Container(201).NumItems,0)">Select</onright>
				<onright condition="StringCompare(Container(99).ListItem.Property(ftvWidget),weather) + !IsEmpty(Window(Weather).Property(Day0.Outlook))">ActivateWindow(weather)</onright>
				<onright condition="StringCompare(Container(99).ListItem.Property(defaultID),settings)">Select</onright>
				<onright condition="Control.IsVisible(999)">SetFocus(9991)</onright>
				<orientation>vertical</orientation>
				<scrolltime easing="out" tween="sine">180</scrolltime>
				<include>WindowHomeFadeAnimation</include>
				<include>HomeMenuSlideAnimation</include>
				<itemlayout height="74" width="284">
					<control type="label">
						<width>284</width>
						<height>74</height>
						<align>right</align>
						<label>$INFO[ListItem.Label]</label>
						<font>LightCap38</font>
						<textcolor>ff5b6064</textcolor>
						<animation condition="!Control.HasFocus(99)" easing="in" effect="fade" end="40" reversible="true" start="100" time="600" tween="linear">Conditional</animation>
					</control>
				</itemlayout>
				<focusedlayout height="128" width="284">
					<control type="button">
						<texturefocus>-</texturefocus>
						<texturenofocus>-</texturenofocus>
						<onfocus>ClearProperty(WidgetHasFocus,Home)</onfocus>
						<onfocus>SetProperty(MainMenuFocus,1,home)</onfocus>
						<onfocus>ClearProperty(Fade,Home)</onfocus>
						<onfocus>SetProperty(Fade,1,home)</onfocus>
						<onfocus condition="!StringCompare(Container(99).ListItem.Property(defaultID),Window(home).Property(MainFocus))">ClearProperty(MainFocus)</onfocus>
						<onfocus condition="!StringCompare(Container(99).ListItem.Property(defaultID),Window(home).Property(MainFocus))">ClearProperty(FocusRow)</onfocus>
						<onfocus condition="!Control.IsVisible(1000) + StringCompare(Container(1000).CurrentItem,2)">Control.Move(1000,-1)</onfocus>
						<onfocus condition="!Control.IsVisible(1000) + StringCompare(Container(1000).CurrentItem,3)">Control.Move(1000,-2)</onfocus>
						<onfocus condition="!Control.IsVisible(1000) + StringCompare(Container(1000).CurrentItem,4)">Control.Move(1000,-3)</onfocus>
						<onfocus condition="!Control.IsVisible(1000) + StringCompare(Container(1000).CurrentItem,5)">Control.Move(1000,-4)</onfocus>
						<onfocus condition="!Control.IsVisible(1000) + StringCompare(Container(1000).CurrentItem,6)">Control.Move(1000,-5)</onfocus>
						<onfocus condition="!Control.IsVisible(1000) + StringCompare(Container(1000).CurrentItem,7)">Control.Move(1000,-6)</onfocus>
						<onfocus condition="!Control.IsVisible(1000) + StringCompare(Container(1000).CurrentItem,8)">Control.Move(1000,-7)</onfocus>
						<onfocus condition="!Control.IsVisible(1000) + StringCompare(Container(1000).CurrentItem,9)">Control.Move(1000,-8)</onfocus>
						<onfocus condition="!Control.IsVisible(2000) + StringCompare(Container(2000).CurrentItem,2)">Control.Move(2000,-1)</onfocus>
						<onfocus condition="!Control.IsVisible(2000) + StringCompare(Container(2000).CurrentItem,3)">Control.Move(2000,-2)</onfocus>
						<onfocus condition="!Control.IsVisible(2000) + StringCompare(Container(2000).CurrentItem,4)">Control.Move(2000,-3)</onfocus>
						<onfocus condition="!Control.IsVisible(2000) + StringCompare(Container(2000).CurrentItem,5)">Control.Move(2000,-4)</onfocus>
						<onfocus condition="!Control.IsVisible(2000) + StringCompare(Container(2000).CurrentItem,6)">Control.Move(2000,-5)</onfocus>
						<onfocus condition="!Control.IsVisible(2000) + StringCompare(Container(2000).CurrentItem,7)">Control.Move(2000,-6)</onfocus>
						<onfocus condition="!Control.IsVisible(2000) + StringCompare(Container(2000).CurrentItem,8)">Control.Move(2000,-7)</onfocus>
						<onfocus condition="!Control.IsVisible(2000) + StringCompare(Container(2000).CurrentItem,9)">Control.Move(2000,-8)</onfocus>
						<onfocus condition="!Control.IsVisible(3000) + StringCompare(Container(3000).CurrentItem,2)">Control.Move(3000,-1)</onfocus>
						<onfocus condition="!Control.IsVisible(3000) + StringCompare(Container(3000).CurrentItem,3)">Control.Move(3000,-2)</onfocus>
						<onfocus condition="!Control.IsVisible(3000) + StringCompare(Container(3000).CurrentItem,4)">Control.Move(3000,-3)</onfocus>
						<onfocus condition="!Control.IsVisible(3000) + StringCompare(Container(3000).CurrentItem,5)">Control.Move(3000,-4)</onfocus>
						<onfocus condition="!Control.IsVisible(3000) + StringCompare(Container(3000).CurrentItem,6)">Control.Move(3000,-5)</onfocus>
						<onfocus condition="!Control.IsVisible(3000) + StringCompare(Container(3000).CurrentItem,7)">Control.Move(3000,-6)</onfocus>
						<onfocus condition="!Control.IsVisible(3000) + StringCompare(Container(3000).CurrentItem,8)">Control.Move(3000,-7)</onfocus>
						<onfocus condition="!Control.IsVisible(3000) + StringCompare(Container(3000).CurrentItem,9)">Control.Move(3000,-8)</onfocus>
						<onfocus condition="!Control.IsVisible(4000) + StringCompare(Container(4000).CurrentItem,2)">Control.Move(4000,-1)</onfocus>
						<onfocus condition="!Control.IsVisible(4000) + StringCompare(Container(4000).CurrentItem,3)">Control.Move(4000,-2)</onfocus>
						<onfocus condition="!Control.IsVisible(4000) + StringCompare(Container(4000).CurrentItem,4)">Control.Move(4000,-3)</onfocus>
						<onfocus condition="!Control.IsVisible(4000) + StringCompare(Container(4000).CurrentItem,5)">Control.Move(4000,-4)</onfocus>
						<onfocus condition="!Control.IsVisible(4000) + StringCompare(Container(4000).CurrentItem,6)">Control.Move(4000,-5)</onfocus>
						<onfocus condition="!Control.IsVisible(4000) + StringCompare(Container(4000).CurrentItem,7)">Control.Move(4000,-6)</onfocus>
						<onfocus condition="!Control.IsVisible(4000) + StringCompare(Container(4000).CurrentItem,8)">Control.Move(4000,-7)</onfocus>
						<onfocus condition="!Control.IsVisible(4000) + StringCompare(Container(4000).CurrentItem,9)">Control.Move(4000,-8)</onfocus>
						<onfocus condition="!Control.IsVisible(5000) + StringCompare(Container(5000).CurrentItem,2)">Control.Move(5000,-1)</onfocus>
						<onfocus condition="!Control.IsVisible(5000) + StringCompare(Container(5000).CurrentItem,3)">Control.Move(5000,-2)</onfocus>
						<onfocus condition="!Control.IsVisible(5000) + StringCompare(Container(5000).CurrentItem,4)">Control.Move(5000,-3)</onfocus>
						<onfocus condition="!Control.IsVisible(5000) + StringCompare(Container(5000).CurrentItem,5)">Control.Move(5000,-4)</onfocus>
						<onfocus condition="!Control.IsVisible(5000) + StringCompare(Container(5000).CurrentItem,6)">Control.Move(5000,-5)</onfocus>
						<onfocus condition="!Control.IsVisible(5000) + StringCompare(Container(5000).CurrentItem,7)">Control.Move(5000,-6)</onfocus>
						<onfocus condition="!Control.IsVisible(5000) + StringCompare(Container(5000).CurrentItem,8)">Control.Move(5000,-7)</onfocus>
						<onfocus condition="!Control.IsVisible(5000) + StringCompare(Container(5000).CurrentItem,9)">Control.Move(5000,-8)</onfocus>
						<onfocus condition="!Control.IsVisible(6000) + StringCompare(Container(6000).CurrentItem,2)">Control.Move(6000,-1)</onfocus>
						<onfocus condition="!Control.IsVisible(6000) + StringCompare(Container(6000).CurrentItem,3)">Control.Move(6000,-2)</onfocus>
						<onfocus condition="!Control.IsVisible(6000) + StringCompare(Container(6000).CurrentItem,4)">Control.Move(6000,-3)</onfocus>
						<onfocus condition="!Control.IsVisible(6000) + StringCompare(Container(6000).CurrentItem,5)">Control.Move(6000,-4)</onfocus>
						<onfocus condition="!Control.IsVisible(6000) + StringCompare(Container(6000).CurrentItem,6)">Control.Move(6000,-5)</onfocus>
						<onfocus condition="!Control.IsVisible(6000) + StringCompare(Container(6000).CurrentItem,7)">Control.Move(6000,-6)</onfocus>
						<onfocus condition="!Control.IsVisible(6000) + StringCompare(Container(6000).CurrentItem,8)">Control.Move(6000,-7)</onfocus>
						<onfocus condition="!Control.IsVisible(6000) + StringCompare(Container(6000).CurrentItem,9)">Control.Move(6000,-8)</onfocus>
						<onfocus condition="!Control.IsVisible(7000) + StringCompare(Container(7000).CurrentItem,2)">Control.Move(7000,-1)</onfocus>
						<onfocus condition="!Control.IsVisible(7000) + StringCompare(Container(7000).CurrentItem,3)">Control.Move(7000,-2)</onfocus>
						<onfocus condition="!Control.IsVisible(7000) + StringCompare(Container(7000).CurrentItem,4)">Control.Move(7000,-3)</onfocus>
						<onfocus condition="!Control.IsVisible(7000) + StringCompare(Container(7000).CurrentItem,5)">Control.Move(7000,-4)</onfocus>
						<onfocus condition="!Control.IsVisible(7000) + StringCompare(Container(7000).CurrentItem,6)">Control.Move(7000,-5)</onfocus>
						<onfocus condition="!Control.IsVisible(7000) + StringCompare(Container(7000).CurrentItem,7)">Control.Move(7000,-6)</onfocus>
						<onfocus condition="!Control.IsVisible(7000) + StringCompare(Container(7000).CurrentItem,8)">Control.Move(7000,-7)</onfocus>
						<onfocus condition="!Control.IsVisible(7000) + StringCompare(Container(7000).CurrentItem,9)">Control.Move(7000,-8)</onfocus>
						<onfocus condition="!Control.IsVisible(8000) + StringCompare(Container(8000).CurrentItem,2)">Control.Move(8000,-1)</onfocus>
						<onfocus condition="!Control.IsVisible(8000) + StringCompare(Container(8000).CurrentItem,3)">Control.Move(8000,-2)</onfocus>
						<onfocus condition="!Control.IsVisible(8000) + StringCompare(Container(8000).CurrentItem,4)">Control.Move(8000,-3)</onfocus>
						<onfocus condition="!Control.IsVisible(8000) + StringCompare(Container(8000).CurrentItem,5)">Control.Move(8000,-4)</onfocus>
						<onfocus condition="!Control.IsVisible(8000) + StringCompare(Container(8000).CurrentItem,6)">Control.Move(8000,-5)</onfocus>
						<onfocus condition="!Control.IsVisible(8000) + StringCompare(Container(8000).CurrentItem,7)">Control.Move(8000,-6)</onfocus>
						<onfocus condition="!Control.IsVisible(8000) + StringCompare(Container(8000).CurrentItem,8)">Control.Move(8000,-7)</onfocus>
						<onfocus condition="!Control.IsVisible(8000) + StringCompare(Container(8000).CurrentItem,9)">Control.Move(8000,-8)</onfocus>
						<onfocus condition="!Control.IsVisible(9000) + StringCompare(Container(9000).CurrentItem,2)">Control.Move(9000,-1)</onfocus>
						<onfocus condition="!Control.IsVisible(9000) + StringCompare(Container(9000).CurrentItem,3)">Control.Move(9000,-2)</onfocus>
						<onfocus condition="!Control.IsVisible(9000) + StringCompare(Container(9000).CurrentItem,4)">Control.Move(9000,-3)</onfocus>
						<onfocus condition="!Control.IsVisible(9000) + StringCompare(Container(9000).CurrentItem,5)">Control.Move(9000,-4)</onfocus>
						<onfocus condition="!Control.IsVisible(9000) + StringCompare(Container(9000).CurrentItem,6)">Control.Move(9000,-5)</onfocus>
						<onfocus condition="!Control.IsVisible(9000) + StringCompare(Container(9000).CurrentItem,7)">Control.Move(9000,-6)</onfocus>
						<onfocus condition="!Control.IsVisible(9000) + StringCompare(Container(9000).CurrentItem,8)">Control.Move(9000,-7)</onfocus>
						<onfocus condition="!Control.IsVisible(9000) + StringCompare(Container(9000).CurrentItem,9)">Control.Move(9000,-8)</onfocus>
						<onfocus condition="!Control.IsVisible(10000) + StringCompare(Container(10000).CurrentItem,2)">Control.Move(10000,-1)</onfocus>
						<onfocus condition="!Control.IsVisible(10000) + StringCompare(Container(10000).CurrentItem,3)">Control.Move(10000,-2)</onfocus>
						<onfocus condition="!Control.IsVisible(10000) + StringCompare(Container(10000).CurrentItem,4)">Control.Move(10000,-3)</onfocus>
						<onfocus condition="!Control.IsVisible(10000) + StringCompare(Container(10000).CurrentItem,5)">Control.Move(10000,-4)</onfocus>
						<onfocus condition="!Control.IsVisible(10000) + StringCompare(Container(10000).CurrentItem,6)">Control.Move(10000,-5)</onfocus>
						<onfocus condition="!Control.IsVisible(10000) + StringCompare(Container(10000).CurrentItem,7)">Control.Move(10000,-6)</onfocus>
						<onfocus condition="!Control.IsVisible(10000) + StringCompare(Container(10000).CurrentItem,8)">Control.Move(10000,-7)</onfocus>
						<onfocus condition="!Control.IsVisible(10000) + StringCompare(Container(10000).CurrentItem,9)">Control.Move(10000,-8)</onfocus>
						<onfocus condition="!Control.IsVisible(11000) + StringCompare(Container(11000).CurrentItem,2)">Control.Move(11000,-1)</onfocus>
						<onfocus condition="!Control.IsVisible(11000) + StringCompare(Container(11000).CurrentItem,3)">Control.Move(11000,-2)</onfocus>
						<onfocus condition="!Control.IsVisible(11000) + StringCompare(Container(11000).CurrentItem,4)">Control.Move(11000,-3)</onfocus>
						<onfocus condition="!Control.IsVisible(11000) + StringCompare(Container(11000).CurrentItem,5)">Control.Move(11000,-4)</onfocus>
						<onfocus condition="!Control.IsVisible(11000) + StringCompare(Container(11000).CurrentItem,6)">Control.Move(11000,-5)</onfocus>
						<onfocus condition="!Control.IsVisible(11000) + StringCompare(Container(11000).CurrentItem,7)">Control.Move(11000,-6)</onfocus>
						<onfocus condition="!Control.IsVisible(11000) + StringCompare(Container(11000).CurrentItem,8)">Control.Move(11000,-7)</onfocus>
						<onfocus condition="!Control.IsVisible(11000) + StringCompare(Container(11000).CurrentItem,9)">Control.Move(11000,-8)</onfocus>
						<onfocus condition="!Control.IsVisible(12000) + StringCompare(Container(12000).CurrentItem,2)">Control.Move(12000,-1)</onfocus>
						<onfocus condition="!Control.IsVisible(12000) + StringCompare(Container(12000).CurrentItem,3)">Control.Move(12000,-2)</onfocus>
						<onfocus condition="!Control.IsVisible(12000) + StringCompare(Container(12000).CurrentItem,4)">Control.Move(12000,-3)</onfocus>
						<onfocus condition="!Control.IsVisible(12000) + StringCompare(Container(12000).CurrentItem,5)">Control.Move(12000,-4)</onfocus>
						<onfocus condition="!Control.IsVisible(12000) + StringCompare(Container(12000).CurrentItem,6)">Control.Move(12000,-5)</onfocus>
						<onfocus condition="!Control.IsVisible(12000) + StringCompare(Container(12000).CurrentItem,7)">Control.Move(12000,-6)</onfocus>
						<onfocus condition="!Control.IsVisible(12000) + StringCompare(Container(12000).CurrentItem,8)">Control.Move(12000,-7)</onfocus>
						<onfocus condition="!Control.IsVisible(12000) + StringCompare(Container(12000).CurrentItem,9)">Control.Move(12000,-8)</onfocus>
					</control>
					<control type="label">
						<width>284</width>
						<height>128</height>
						<align>right</align>
						<label>$INFO[ListItem.Label]</label>
						<font>LightCap38</font>
						<textcolor>ff5b6064</textcolor>
						<animation condition="Container(99).OnNext" reversible="false" type="UnFocus">
							<effect easing="out" end="0,-28" start="0,0" time="200" tween="circle" type="slide" />
							<effect end="100" start="0" time="0" type="fade" />
						</animation>
						<animation condition="Container(99).OnPrevious" reversible="false" type="UnFocus">
							<effect easing="out" end="0,-28" start="0,-56" time="200" tween="circle" type="slide" />
							<effect end="100" start="0" time="0" type="fade" />
						</animation>
						<animation reversible="false" type="Focus">
							<effect end="0" start="0" time="0" type="fade" />
						</animation>
						<visible>Control.HasFocus(99)</visible>
					</control>
					<control type="label">
						<width>284</width>
						<height>128</height>
						<align>right</align>
						<label>$INFO[ListItem.Label]</label>
						<font>LightCap48</font>
						<textcolor>ffffc24b</textcolor>
						<animation reversible="false" type="UnFocus">
							<effect end="0" start="100" time="0" type="fade" />
						</animation>
						<visible>Control.HasFocus(99)</visible>
					</control>
					<control type="label">
						<width>284</width>
						<height>128</height>
						<align>right</align>
						<label>$INFO[ListItem.Label]</label>
						<font>LightCap48</font>
						<textcolor>ffffffff</textcolor>
						<visible>!Control.HasFocus(99)</visible>
					</control>
				</focusedlayout>
				<content>
					<include>skinshortcuts-mainmenu</include>
				</content>
			</control>
			<!-- Menu diffuse -->
			<control type="image">
				<left>0</left>
				<top>-706</top>
				<width>418</width>
				<height>1858</height>
				<aspectratio>stretch</aspectratio>
				<texture border="2" diffuse="special://skin/extras/backgrounds/diffuse.png">special://skin/extras/backgrounds/default.png</texture>
				<animation condition="Container(99).Row(0)" effect="slide" end="0,0" time="200">Conditional</animation>
				<animation condition="Container(99).Row(1)" effect="slide" end="0,65" time="200">Conditional</animation>
				<animation condition="Container(99).Row(2)" effect="slide" end="0,130" time="200">Conditional</animation>
				<animation condition="Container(99).Row(3)" effect="slide" end="0,195" time="200">Conditional</animation>
				<animation condition="Container(99).Row(4)" effect="slide" end="0,260" time="200">Conditional</animation>
				<animation condition="Container(99).Row(5)" effect="slide" end="0,325" time="200">Conditional</animation>
				<animation condition="Container(99).Row(6)" effect="slide" end="0,390" time="200">Conditional</animation>
				<animation condition="Container(99).Row(7)" effect="slide" end="0,455" time="200">Conditional</animation>
				<animation condition="Container(99).Row(8)" effect="slide" end="0,520" time="200">Conditional</animation>
				<animation condition="Container(99).Row(9)" effect="slide" end="0,585" time="200">Conditional</animation>
				<animation condition="Container(99).Row(10)" effect="slide" end="0,650" time="200">Conditional</animation>
				<animation condition="Container(99).Row(11)" effect="slide" end="0,715" time="200">Conditional</animation>
				<animation condition="StringCompare(Container(99).NumItems,10)" effect="slide" end="0,33" time="0">Conditional</animation>
				<animation condition="StringCompare(Container(99).NumItems,9)" effect="slide" end="0,66" time="0">Conditional</animation>
				<animation condition="StringCompare(Container(99).NumItems,8)" effect="slide" end="0,99" time="0">Conditional</animation>
				<animation condition="StringCompare(Container(99).NumItems,7)" effect="slide" end="0,132" time="0">Conditional</animation>
				<animation condition="StringCompare(Container(99).NumItems,6)" effect="slide" end="0,165" time="0">Conditional</animation>
				<animation condition="StringCompare(Container(99).NumItems,5)" effect="slide" end="0,198" time="0">Conditional</animation>
				<animation condition="StringCompare(Container(99).NumItems,4)" effect="slide" end="0,231" time="0">Conditional</animation>
				<animation condition="StringCompare(Container(99).NumItems,3)" effect="slide" end="0,264" time="0">Conditional</animation>
				<animation condition="StringCompare(Container(99).NumItems,2)" effect="slide" end="0,297" time="0">Conditional</animation>
				<animation condition="StringCompare(Container(99).NumItems,1)" effect="slide" end="0,330" time="0">Conditional</animation>
			</control>
			<!-- Widgets -->
			<include>HomeWidgets</include>
			<include>EmptyMessages</include>
		</control>
		<!-- Preload widgets -->
		<control type="button" id="91">
			<include>HiddenControl</include>
			<visible>!Skin.HasSetting(PreloadDeactivated) + [!IsEmpty(Window(home).Property(PreloadTimout)) | !Window.Previous(startup)]
				+ [[Container(1001).IsUpdating + Control.IsVisible(1001)]
				| [Container(1002).IsUpdating + Control.IsVisible(1002)]
				| [Container(1003).IsUpdating + Control.IsVisible(1003)]
				| [Container(1004).IsUpdating + Control.IsVisible(1004)]
				| [Container(1005).IsUpdating + Control.IsVisible(1005)]
				| [Container(1006).IsUpdating + Control.IsVisible(1006)]
				| [Container(1007).IsUpdating + Control.IsVisible(1007)]
				| [Container(1008).IsUpdating + Control.IsVisible(1008)]
				| [Container(1009).IsUpdating + Control.IsVisible(1009)]
				| [Container(2001).IsUpdating + Control.IsVisible(2001)]
				| [Container(2002).IsUpdating + Control.IsVisible(2002)]
				| [Container(2003).IsUpdating + Control.IsVisible(2003)]
				| [Container(2004).IsUpdating + Control.IsVisible(2004)]
				| [Container(2005).IsUpdating + Control.IsVisible(2005)]
				| [Container(2006).IsUpdating + Control.IsVisible(2006)]
				| [Container(2007).IsUpdating + Control.IsVisible(2007)]
				| [Container(2008).IsUpdating + Control.IsVisible(2008)]
				| [Container(2009).IsUpdating + Control.IsVisible(2009)]
				| [Container(3001).IsUpdating + Control.IsVisible(3001)]
				| [Container(3002).IsUpdating + Control.IsVisible(3002)]
				| [Container(3003).IsUpdating + Control.IsVisible(3003)]
				| [Container(3004).IsUpdating + Control.IsVisible(3004)]
				| [Container(3005).IsUpdating + Control.IsVisible(3005)]
				| [Container(3006).IsUpdating + Control.IsVisible(3006)]
				| [Container(3007).IsUpdating + Control.IsVisible(3007)]
				| [Container(3008).IsUpdating + Control.IsVisible(3008)]
				| [Container(3009).IsUpdating + Control.IsVisible(3009)]
				| [Container(4001).IsUpdating + Control.IsVisible(4001)]
				| [Container(4002).IsUpdating + Control.IsVisible(4002)]
				| [Container(4003).IsUpdating + Control.IsVisible(4003)]
				| [Container(4004).IsUpdating + Control.IsVisible(4004)]
				| [Container(4005).IsUpdating + Control.IsVisible(4005)]
				| [Container(4006).IsUpdating + Control.IsVisible(4006)]
				| [Container(4007).IsUpdating + Control.IsVisible(4007)]
				| [Container(4008).IsUpdating + Control.IsVisible(4008)]
				| [Container(4009).IsUpdating + Control.IsVisible(4009)]
				| [Container(5001).IsUpdating + Control.IsVisible(5001)]
				| [Container(5002).IsUpdating + Control.IsVisible(5002)]
				| [Container(5003).IsUpdating + Control.IsVisible(5003)]
				| [Container(5004).IsUpdating + Control.IsVisible(5004)]
				| [Container(5005).IsUpdating + Control.IsVisible(5005)]
				| [Container(5006).IsUpdating + Control.IsVisible(5006)]
				| [Container(5007).IsUpdating + Control.IsVisible(5007)]
				| [Container(5008).IsUpdating + Control.IsVisible(5008)]
				| [Container(5009).IsUpdating + Control.IsVisible(5009)]
				| [Container(6001).IsUpdating + Control.IsVisible(6001)]
				| [Container(6002).IsUpdating + Control.IsVisible(6002)]
				| [Container(6003).IsUpdating + Control.IsVisible(6003)]
				| [Container(6004).IsUpdating + Control.IsVisible(6004)]
				| [Container(6005).IsUpdating + Control.IsVisible(6005)]
				| [Container(6006).IsUpdating + Control.IsVisible(6006)]
				| [Container(6007).IsUpdating + Control.IsVisible(6007)]
				| [Container(6008).IsUpdating + Control.IsVisible(6008)]
				| [Container(6009).IsUpdating + Control.IsVisible(6009)]
				| [Container(7001).IsUpdating + Control.IsVisible(7001)]
				| [Container(7002).IsUpdating + Control.IsVisible(7002)]
				| [Container(7003).IsUpdating + Control.IsVisible(7003)]
				| [Container(7004).IsUpdating + Control.IsVisible(7004)]
				| [Container(7005).IsUpdating + Control.IsVisible(7005)]
				| [Container(7006).IsUpdating + Control.IsVisible(7006)]
				| [Container(7007).IsUpdating + Control.IsVisible(7007)]
				| [Container(7008).IsUpdating + Control.IsVisible(7008)]
				| [Container(7009).IsUpdating + Control.IsVisible(7009)]
				| [Container(8001).IsUpdating + Control.IsVisible(8001)]
				| [Container(8002).IsUpdating + Control.IsVisible(8002)]
				| [Container(8003).IsUpdating + Control.IsVisible(8003)]
				| [Container(8004).IsUpdating + Control.IsVisible(8004)]
				| [Container(8005).IsUpdating + Control.IsVisible(8005)]
				| [Container(8006).IsUpdating + Control.IsVisible(8006)]
				| [Container(8007).IsUpdating + Control.IsVisible(8007)]
				| [Container(8008).IsUpdating + Control.IsVisible(8008)]
				| [Container(8009).IsUpdating + Control.IsVisible(8009)]
				| [Container(9001).IsUpdating + Control.IsVisible(9001)]
				| [Container(9002).IsUpdating + Control.IsVisible(9002)]
				| [Container(9003).IsUpdating + Control.IsVisible(9003)]
				| [Container(9004).IsUpdating + Control.IsVisible(9004)]
				| [Container(9005).IsUpdating + Control.IsVisible(9005)]
				| [Container(9006).IsUpdating + Control.IsVisible(9006)]
				| [Container(9007).IsUpdating + Control.IsVisible(9007)]
				| [Container(9008).IsUpdating + Control.IsVisible(9008)]
				| [Container(9009).IsUpdating + Control.IsVisible(9009)]
				| [Container(10001).IsUpdating + Control.IsVisible(10001)]
				| [Container(10002).IsUpdating + Control.IsVisible(10002)]
				| [Container(10003).IsUpdating + Control.IsVisible(10003)]
				| [Container(10004).IsUpdating + Control.IsVisible(10004)]
				| [Container(10005).IsUpdating + Control.IsVisible(10005)]
				| [Container(10006).IsUpdating + Control.IsVisible(10006)]
				| [Container(10007).IsUpdating + Control.IsVisible(10007)]
				| [Container(10008).IsUpdating + Control.IsVisible(10008)]
				| [Container(10009).IsUpdating + Control.IsVisible(10009)]
				| [Container(11001).IsUpdating + Control.IsVisible(11001)]
				| [Container(11002).IsUpdating + Control.IsVisible(11002)]
				| [Container(11003).IsUpdating + Control.IsVisible(11003)]
				| [Container(11004).IsUpdating + Control.IsVisible(11004)]
				| [Container(11005).IsUpdating + Control.IsVisible(11005)]
				| [Container(11006).IsUpdating + Control.IsVisible(11006)]
				| [Container(11007).IsUpdating + Control.IsVisible(11007)]
				| [Container(11008).IsUpdating + Control.IsVisible(11008)]
				| [Container(11009).IsUpdating + Control.IsVisible(11009)]
				| [Container(12001).IsUpdating + Control.IsVisible(12001)]
				| [Container(12002).IsUpdating + Control.IsVisible(12002)]
				| [Container(12003).IsUpdating + Control.IsVisible(12003)]
				| [Container(12004).IsUpdating + Control.IsVisible(12004)]
				| [Container(12005).IsUpdating + Control.IsVisible(12005)]
				| [Container(12006).IsUpdating + Control.IsVisible(12006)]
				| [Container(12007).IsUpdating + Control.IsVisible(12007)]
				| [Container(12008).IsUpdating + Control.IsVisible(12008)]
				| [Container(12009).IsUpdating + Control.IsVisible(12009)]
				| Container(201).IsUpdating]</visible>
			</control>
			<!-- Splash -->
			<control type="group">
				<visible>[Skin.HasSetting(PreloadDeactivated) | Control.IsVisible(91)] + !Control.HasFocus(99)</visible>
				<animation type="Hidden">
					<effect center="auto" tween="circle" easing="out" end="90" start="100" time="400" type="zoom" delay="1700" />
					<effect easing="inout" end="0" start="1000" time="400" tween="sine" type="fade" delay="1700" />
				</animation>
				<control type="image">
					<left>-96</left>
					<top>-54</top>
					<width>2112</width>
					<height>1188</height>
					<texture background="true">special://skin/extras/backgrounds/loading.jpg</texture>
				</control>
				<control type="grouplist">
					<top>765</top>
					<width>1920</width>
					<align>center</align>
					<left>-10</left>
					<height>200</height>
					<orientation>horizontal</orientation>
					<control type="image">
						<width>47</width>
						<height>46</height>
						<aspectratio>keep</aspectratio>
						<texture>home/loading_icon.png</texture>
						<colordiffuse>ffb0b4b7</colordiffuse>
						<visible>Control.IsVisible(91)</visible>
					</control>
					<control type="label">
						<font>Light32</font>
						<textcolor>ffb0b4b7</textcolor>
						<width>auto</width>
						<height>41</height>
						<label>$VAR[PreloadLabel]</label>
					</control>
				</control>
				<control type="image">
					<top>735</top>
					<left>700</left>
					<height>100</height>
					<width>89</width>
					<aspectratio>keep</aspectratio>
					<colordiffuse>ffffffff</colordiffuse>
					<texture>dialogs/gradient_animation.png</texture>
					<animation effect="slide" time="4000" tween="sine" easing="inout" start="0,0" end="420,0" loop="true" condition="true">Conditional</animation>
				</control>
			</control>
			<!-- Check if Preloading is in progress -->
			<control type="button" id="90">
				<label>Loop</label>
				<include>HiddenControl</include>
				<onfocus>SetProperty(Preload,1,home)</onfocus>
				<onfocus condition="Control.IsVisible(91) | !IsEmpty(Window(home).Property(WaitForControl))">SetFocus(93)</onfocus>
				<onfocus condition="!Control.IsVisible(91) + IsEmpty(Window(home).Property(WaitForControl))">SetFocus(94)</onfocus>
			</control>
			<!-- Loop trigger -->
			<control type="button" id="93">
				<label>Loop</label>
				<include>HiddenControl</include>
				<onfocus>SetFocus(90)</onfocus>
			</control>
			<!-- Ready to focus -->
			<control type="button" id="94">
				<label>Loop stopped</label>
				<include>HiddenControl</include>
				<onfocus condition="StringCompare(Container(1000).CurrentItem,2)">Control.Move(1000,-1)</onfocus>
				<onfocus condition="StringCompare(Container(1000).CurrentItem,3)">Control.Move(1000,-2)</onfocus>
				<onfocus condition="StringCompare(Container(1000).CurrentItem,4)">Control.Move(1000,-3)</onfocus>
				<onfocus condition="StringCompare(Container(1000).CurrentItem,5)">Control.Move(1000,-4)</onfocus>
				<onfocus condition="StringCompare(Container(1000).CurrentItem,6)">Control.Move(1000,-5)</onfocus>
				<onfocus condition="StringCompare(Container(1000).CurrentItem,7)">Control.Move(1000,-6)</onfocus>
				<onfocus condition="StringCompare(Container(1000).CurrentItem,8)">Control.Move(1000,-7)</onfocus>
				<onfocus condition="StringCompare(Container(1000).CurrentItem,9)">Control.Move(1000,-8)</onfocus>
				<onfocus condition="StringCompare(Container(2000).CurrentItem,2)">Control.Move(2000,-1)</onfocus>
				<onfocus condition="StringCompare(Container(2000).CurrentItem,3)">Control.Move(2000,-2)</onfocus>
				<onfocus condition="StringCompare(Container(2000).CurrentItem,4)">Control.Move(2000,-3)</onfocus>
				<onfocus condition="StringCompare(Container(2000).CurrentItem,5)">Control.Move(2000,-4)</onfocus>
				<onfocus condition="StringCompare(Container(2000).CurrentItem,6)">Control.Move(2000,-5)</onfocus>
				<onfocus condition="StringCompare(Container(2000).CurrentItem,7)">Control.Move(2000,-6)</onfocus>
				<onfocus condition="StringCompare(Container(2000).CurrentItem,8)">Control.Move(2000,-7)</onfocus>
				<onfocus condition="StringCompare(Container(2000).CurrentItem,9)">Control.Move(2000,-8)</onfocus>
				<onfocus condition="StringCompare(Container(3000).CurrentItem,2)">Control.Move(3000,-1)</onfocus>
				<onfocus condition="StringCompare(Container(3000).CurrentItem,3)">Control.Move(3000,-2)</onfocus>
				<onfocus condition="StringCompare(Container(3000).CurrentItem,4)">Control.Move(3000,-3)</onfocus>
				<onfocus condition="StringCompare(Container(3000).CurrentItem,5)">Control.Move(3000,-4)</onfocus>
				<onfocus condition="StringCompare(Container(3000).CurrentItem,6)">Control.Move(3000,-5)</onfocus>
				<onfocus condition="StringCompare(Container(3000).CurrentItem,7)">Control.Move(3000,-6)</onfocus>
				<onfocus condition="StringCompare(Container(3000).CurrentItem,8)">Control.Move(3000,-7)</onfocus>
				<onfocus condition="StringCompare(Container(3000).CurrentItem,9)">Control.Move(3000,-8)</onfocus>
				<onfocus condition="StringCompare(Container(4000).CurrentItem,2)">Control.Move(4000,-1)</onfocus>
				<onfocus condition="StringCompare(Container(4000).CurrentItem,3)">Control.Move(4000,-2)</onfocus>
				<onfocus condition="StringCompare(Container(4000).CurrentItem,4)">Control.Move(4000,-3)</onfocus>
				<onfocus condition="StringCompare(Container(4000).CurrentItem,5)">Control.Move(4000,-4)</onfocus>
				<onfocus condition="StringCompare(Container(4000).CurrentItem,6)">Control.Move(4000,-5)</onfocus>
				<onfocus condition="StringCompare(Container(4000).CurrentItem,7)">Control.Move(4000,-6)</onfocus>
				<onfocus condition="StringCompare(Container(4000).CurrentItem,8)">Control.Move(4000,-7)</onfocus>
				<onfocus condition="StringCompare(Container(4000).CurrentItem,9)">Control.Move(4000,-8)</onfocus>
				<onfocus condition="StringCompare(Container(5000).CurrentItem,2)">Control.Move(5000,-1)</onfocus>
				<onfocus condition="StringCompare(Container(5000).CurrentItem,3)">Control.Move(5000,-2)</onfocus>
				<onfocus condition="StringCompare(Container(5000).CurrentItem,4)">Control.Move(5000,-3)</onfocus>
				<onfocus condition="StringCompare(Container(5000).CurrentItem,5)">Control.Move(5000,-4)</onfocus>
				<onfocus condition="StringCompare(Container(5000).CurrentItem,6)">Control.Move(5000,-5)</onfocus>
				<onfocus condition="StringCompare(Container(5000).CurrentItem,7)">Control.Move(5000,-6)</onfocus>
				<onfocus condition="StringCompare(Container(5000).CurrentItem,8)">Control.Move(5000,-7)</onfocus>
				<onfocus condition="StringCompare(Container(5000).CurrentItem,9)">Control.Move(5000,-8)</onfocus>
				<onfocus condition="StringCompare(Container(6000).CurrentItem,2)">Control.Move(6000,-1)</onfocus>
				<onfocus condition="StringCompare(Container(6000).CurrentItem,3)">Control.Move(6000,-2)</onfocus>
				<onfocus condition="StringCompare(Container(6000).CurrentItem,4)">Control.Move(6000,-3)</onfocus>
				<onfocus condition="StringCompare(Container(6000).CurrentItem,5)">Control.Move(6000,-4)</onfocus>
				<onfocus condition="StringCompare(Container(6000).CurrentItem,6)">Control.Move(6000,-5)</onfocus>
				<onfocus condition="StringCompare(Container(6000).CurrentItem,7)">Control.Move(6000,-6)</onfocus>
				<onfocus condition="StringCompare(Container(6000).CurrentItem,8)">Control.Move(6000,-7)</onfocus>
				<onfocus condition="StringCompare(Container(6000).CurrentItem,9)">Control.Move(6000,-8)</onfocus>
				<onfocus condition="StringCompare(Container(7000).CurrentItem,2)">Control.Move(7000,-1)</onfocus>
				<onfocus condition="StringCompare(Container(7000).CurrentItem,3)">Control.Move(7000,-2)</onfocus>
				<onfocus condition="StringCompare(Container(7000).CurrentItem,4)">Control.Move(7000,-3)</onfocus>
				<onfocus condition="StringCompare(Container(7000).CurrentItem,5)">Control.Move(7000,-4)</onfocus>
				<onfocus condition="StringCompare(Container(7000).CurrentItem,6)">Control.Move(7000,-5)</onfocus>
				<onfocus condition="StringCompare(Container(7000).CurrentItem,7)">Control.Move(7000,-6)</onfocus>
				<onfocus condition="StringCompare(Container(7000).CurrentItem,8)">Control.Move(7000,-7)</onfocus>
				<onfocus condition="StringCompare(Container(7000).CurrentItem,9)">Control.Move(7000,-8)</onfocus>
				<onfocus condition="StringCompare(Container(8000).CurrentItem,2)">Control.Move(8000,-1)</onfocus>
				<onfocus condition="StringCompare(Container(8000).CurrentItem,3)">Control.Move(8000,-2)</onfocus>
				<onfocus condition="StringCompare(Container(8000).CurrentItem,4)">Control.Move(8000,-3)</onfocus>
				<onfocus condition="StringCompare(Container(8000).CurrentItem,5)">Control.Move(8000,-4)</onfocus>
				<onfocus condition="StringCompare(Container(8000).CurrentItem,6)">Control.Move(8000,-5)</onfocus>
				<onfocus condition="StringCompare(Container(8000).CurrentItem,7)">Control.Move(8000,-6)</onfocus>
				<onfocus condition="StringCompare(Container(8000).CurrentItem,8)">Control.Move(8000,-7)</onfocus>
				<onfocus condition="StringCompare(Container(8000).CurrentItem,9)">Control.Move(8000,-8)</onfocus>
				<onfocus condition="StringCompare(Container(9000).CurrentItem,2)">Control.Move(9000,-1)</onfocus>
				<onfocus condition="StringCompare(Container(9000).CurrentItem,3)">Control.Move(9000,-2)</onfocus>
				<onfocus condition="StringCompare(Container(9000).CurrentItem,4)">Control.Move(9000,-3)</onfocus>
				<onfocus condition="StringCompare(Container(9000).CurrentItem,5)">Control.Move(9000,-4)</onfocus>
				<onfocus condition="StringCompare(Container(9000).CurrentItem,6)">Control.Move(9000,-5)</onfocus>
				<onfocus condition="StringCompare(Container(9000).CurrentItem,7)">Control.Move(9000,-6)</onfocus>
				<onfocus condition="StringCompare(Container(9000).CurrentItem,8)">Control.Move(9000,-7)</onfocus>
				<onfocus condition="StringCompare(Container(9000).CurrentItem,9)">Control.Move(9000,-8)</onfocus>
				<onfocus condition="StringCompare(Container(10000).CurrentItem,2)">Control.Move(10000,-1)</onfocus>
				<onfocus condition="StringCompare(Container(10000).CurrentItem,3)">Control.Move(10000,-2)</onfocus>
				<onfocus condition="StringCompare(Container(10000).CurrentItem,4)">Control.Move(10000,-3)</onfocus>
				<onfocus condition="StringCompare(Container(10000).CurrentItem,5)">Control.Move(10000,-4)</onfocus>
				<onfocus condition="StringCompare(Container(10000).CurrentItem,6)">Control.Move(10000,-5)</onfocus>
				<onfocus condition="StringCompare(Container(10000).CurrentItem,7)">Control.Move(10000,-6)</onfocus>
				<onfocus condition="StringCompare(Container(10000).CurrentItem,8)">Control.Move(10000,-7)</onfocus>
				<onfocus condition="StringCompare(Container(10000).CurrentItem,9)">Control.Move(10000,-8)</onfocus>
				<onfocus condition="StringCompare(Container(11000).CurrentItem,2)">Control.Move(11000,-1)</onfocus>
				<onfocus condition="StringCompare(Container(11000).CurrentItem,3)">Control.Move(11000,-2)</onfocus>
				<onfocus condition="StringCompare(Container(11000).CurrentItem,4)">Control.Move(11000,-3)</onfocus>
				<onfocus condition="StringCompare(Container(11000).CurrentItem,5)">Control.Move(11000,-4)</onfocus>
				<onfocus condition="StringCompare(Container(11000).CurrentItem,6)">Control.Move(11000,-5)</onfocus>
				<onfocus condition="StringCompare(Container(11000).CurrentItem,7)">Control.Move(11000,-6)</onfocus>
				<onfocus condition="StringCompare(Container(11000).CurrentItem,8)">Control.Move(11000,-7)</onfocus>
				<onfocus condition="StringCompare(Container(11000).CurrentItem,9)">Control.Move(11000,-8)</onfocus>
				<onfocus condition="StringCompare(Container(12000).CurrentItem,2)">Control.Move(12000,-1)</onfocus>
				<onfocus condition="StringCompare(Container(12000).CurrentItem,3)">Control.Move(12000,-2)</onfocus>
				<onfocus condition="StringCompare(Container(12000).CurrentItem,4)">Control.Move(12000,-3)</onfocus>
				<onfocus condition="StringCompare(Container(12000).CurrentItem,5)">Control.Move(12000,-4)</onfocus>
				<onfocus condition="StringCompare(Container(12000).CurrentItem,6)">Control.Move(12000,-5)</onfocus>
				<onfocus condition="StringCompare(Container(12000).CurrentItem,7)">Control.Move(12000,-6)</onfocus>
				<onfocus condition="StringCompare(Container(12000).CurrentItem,8)">Control.Move(12000,-7)</onfocus>
				<onfocus condition="StringCompare(Container(12000).CurrentItem,9)">Control.Move(12000,-8)</onfocus>
				<onfocus condition="Skin.HasSetting(SkipSearchItem) + StringCompare(Container(99).ListItem.Property(defaultID),script.globalsearch)">Control.SetFocus(99,1)</onfocus>
				<onfocus condition="!Skin.HasSetting(SkipSearchItem) | !StringCompare(Container(99).ListItem.Property(defaultID),script.globalsearch)">Control.SetFocus(99,0)</onfocus>
				<onfocus>AlarmClock(Preload,ClearProperty(Preload,Home),00:01,silent)</onfocus>
			</control>
		</controls>
	</window>