<?xml version="1.0" encoding="UTF-8"?>
<window>
	<!-- videoosd -->
	<onload condition="IsEmpty(Window(home).Property(ShowOptions)) + !Skin.HasSetting(HideOSDControls)">SetFocus(304)</onload>
	<onload condition="IsEmpty(Window(home).Property(ShowOptions)) + Skin.HasSetting(HideOSDControls)">SetFocus(400)</onload>
	<onload condition="!IsEmpty(Window(home).Property(ShowOptions)) + VideoPlayer.Content(livetv)">SetFocus(19)</onload>
	<onload condition="!IsEmpty(Window(home).Property(ShowOptions)) + !VideoPlayer.Content(livetv) + system.getbool(videoplayer.autoplaynextitem)">SetFocus(16)</onload>
	<onload condition="!IsEmpty(Window(home).Property(ShowOptions)) + !VideoPlayer.Content(livetv) + !system.getbool(videoplayer.autoplaynextitem)">SetFocus(15)</onload>
	<onunload>ClearProperty(ShowOptions,home)</onunload>
	<controls>
		<control type="group">
			<visible>!Window.IsVisible(osdvideosettings) + !Window.IsVisible(osdaudiosettings) + !Window.IsVisible(videobookmarks) + !Window.IsVisible(subtitlesearch) +  IsEmpty(Window(home).Property(ShowXRay))</visible>
			<control type="image">
				<width>1920</width>
				<height>210</height>
				<texture border="1">osd/mask_top.png</texture>
			</control>
			<control type="image">
				<bottom>0</bottom>
				<width>1920</width>
				<height>720</height>
				<texture border="1">osd/mask_bottom.png</texture>
				<visible>!IsEmpty(Window(home).Property(ShowOptions))</visible>
			</control>
			<control type="image">
				<bottom>0</bottom>
				<width>1980</width>
				<height>120</height>
				<texture>osd/mask.png</texture>
				<visible>IsEmpty(Window(home).Property(ShowOptions))</visible>
			</control>
			<include>PlayerTitles</include>
			<!-- Pause -->
			<control type="image">
				<centerleft>50%</centerleft>
				<centertop>50%</centertop>
				<width>321</width>
				<height>341</height>
				<texture>osd/Pause.png</texture>
				<visible>Player.Paused</visible>
			</control>
			<!--  Progress bar -->
			<control id="99" type="progress">
				<left>92</left>
				<bottom>93</bottom>
				<width>1735</width>
				<height>11</height>
				<reveal>true</reveal>
				<info>Player.Progress</info>
				<texturebg border="4">osd/progress_back.png</texturebg>
				<lefttexture>-</lefttexture>
				<midtexture border="4">osd/progress_bar.png</midtexture>
				<righttexture>-</righttexture>
				<overlaytexture>-</overlaytexture>
			</control>
			<control type="grouplist">
				<left>92</left>
				<bottom>38</bottom>
				<width>800</width>
				<height>40</height>
				<itemgap>4</itemgap>
				<orientation>horizontal</orientation>
				<usecontrolcoords>true</usecontrolcoords>
				<!--  Current position -->
				<control type="label">
					<width>auto</width>
					<height>34</height>
					<font>Light27</font>
					<textcolor>fff3f3f3</textcolor>
					<label>$VAR[PlayerTime]</label>
				</control>
				<!--  Divider -->
				<control type="label">
					<width>auto</width>
					<height>34</height>
					<font>Light27</font>
					<textcolor>ff696969</textcolor>
					<label>/</label>
					<visible>!IsEmpty(Player.Time) + !IsEmpty(Player.Duration)</visible>
				</control>
				<!--  Total length -->
				<control type="label">
					<width>auto</width>
					<height>34</height>
					<font>Light27</font>
					<textcolor>ff696969</textcolor>
					<label>$VAR[PlayerDuration]</label>
				</control>
				<!--  HD label -->
				<control type="label">
					<left>24</left>
					<top>-2</top>
					<width>auto</width>
					<height>34</height>
					<font>Bold28</font>
					<textcolor>ffebebeb</textcolor>
					<label>[B]HD[/B]</label>
					<visible>IntegerGreaterThan(VideoPlayer.VideoResolution,719)</visible>
				</control>
				<!--  Resolution label -->
				<control type="label">
					<left>2</left>
					<top>-2</top>
					<width>auto</width>
					<height>34</height>
					<font>Bold29</font>
					<textcolor>ffebebeb</textcolor>
					<label>$VAR[PlayerResolution]</label>
				</control>
			</control>
			<!-- Player controls -->
			<control id="300" type="grouplist">
				<centerleft>50%</centerleft>
				<bottom>26</bottom>
				<width>800</width>
				<height>64</height>
				<onup condition="!Skin.HasSetting(HideOSDControls)">SetProperty(ShowOptions,1,home)</onup>
				<onup condition="!Skin.HasSetting(HideOSDControls) + VideoPlayer.Content(livetv)">SetFocus(19)</onup>
				<onup condition="!Skin.HasSetting(HideOSDControls) + !VideoPlayer.Content(livetv) + system.getbool(videoplayer.autoplaynextitem)">SetFocus(16)</onup>
				<onup condition="!Skin.HasSetting(HideOSDControls) + !VideoPlayer.Content(livetv) + !system.getbool(videoplayer.autoplaynextitem)">SetFocus(15)</onup>
				<onup condition="Skin.HasSetting(HideOSDControls) + [VideoPlayer.Content(movies) | VideoPlayer.Content(episodes)]">Dialog.Close(videoosd,true)</onup>
				<onup condition="Skin.HasSetting(HideOSDControls) + [VideoPlayer.Content(movies) | VideoPlayer.Content(episodes)]">ActivateWindow(fullscreeninfo)</onup>
				<ondown condition="!Skin.HasSetting(HideOSDControls) + [VideoPlayer.Content(movies) | VideoPlayer.Content(episodes)]">Dialog.Close(videoosd,true)</ondown>
				<ondown condition="!Skin.HasSetting(HideOSDControls) + [VideoPlayer.Content(movies) | VideoPlayer.Content(episodes)]">ActivateWindow(fullscreeninfo)</ondown>
				<itemgap>0</itemgap>
				<align>center</align>
				<orientation>horizontal</orientation>
				<defaultcontrol always="true">204</defaultcontrol>
				<visible>!Skin.HasSetting(HideOSDControls)</visible>
				<!-- Skip Back -->
				<control type="button" id="301">
					<width>64</width>
					<height>64</height>
					<font>-</font>
					<texturefocus>osd/osd_prev_fo.png</texturefocus>
					<texturenofocus>osd/osd_prev_nf.png</texturenofocus>
					<onclick>PlayerControl(Previous)</onclick>
				</control>
				<!-- Rewind -->
				<control type="button" id="302">
					<width>64</width>
					<height>64</height>
					<font>-</font>
					<texturefocus>osd/osd_rw_fo.png</texturefocus>
					<texturenofocus>osd/osd_rw_nf.png</texturenofocus>
					<onclick>PlayerControl(Rewind)</onclick>
				</control>
				<!-- Stop -->
				<control type="button" id="303">
					<width>64</width>
					<height>64</height>
					<font>-</font>
					<texturefocus>osd/osd_stop_fo.png</texturefocus>
					<texturenofocus>osd/osd_stop_nf.png</texturenofocus>
					<onclick>PlayerControl(Stop)</onclick>
				</control>
				<!-- Play/Pause -->
				<control type="togglebutton" id="304">
					<width>64</width>
					<height>64</height>
					<font>-</font>
					<texturefocus>osd/osd_pause_fo.png</texturefocus>
					<texturenofocus>osd/osd_pause_nf.png</texturenofocus>
					<usealttexture>Player.Paused | Player.Forwarding | Player.Rewinding</usealttexture>
					<alttexturefocus>osd/osd_play_fo.png</alttexturefocus>
					<alttexturenofocus>osd/osd_play_nf.png</alttexturenofocus>
					<onclick>PlayerControl(Play)</onclick>
				</control>
				<!-- Fast Forward -->
				<control type="button" id="305">
					<width>64</width>
					<height>64</height>
					<font>-</font>
					<texturefocus>osd/osd_ff_fo.png</texturefocus>
					<texturenofocus>osd/osd_ff_nf.png</texturenofocus>
					<onclick>PlayerControl(Forward)</onclick>
				</control>
				<!-- Next -->
				<control type="button" id="306">
					<width>64</width>
					<height>64</height>
					<font>-</font>
					<texturefocus>osd/osd_next_fo.png</texturefocus>
					<texturenofocus>osd/osd_next_nf.png</texturenofocus>
					<onclick>PlayerControl(Next)</onclick>
				</control>
				<!-- Record -->
				<control type="button" id="307">
					<width>64</width>
					<height>64</height>
					<font>-</font>
					<texturefocus>osd/osd_rec_fo.png</texturefocus>
					<texturenofocus>osd/osd_rec_nf.png</texturenofocus>
					<onclick>PlayerControl(Record)</onclick>
					<visible>VideoPlayer.Content(livetv) + [Player.CanRecord | Player.Recording]</visible>
				</control>
			</control>
			<!-- Options and Cast -->
			<control type="group">
				<visible>!Control.IsVisible(200) + !Player.Forwarding + !Player.Rewinding</visible>
				<!-- Options HiddenControl -->
				<control type="button" id="400">
					<visible>Skin.HasSetting(HideOSDControls)</visible>
					<include>HiddenControl</include>
					<onup condition="[VideoPlayer.Content(movies) | VideoPlayer.Content(episodes)]">Dialog.Close(videoosd,true)</onup>
					<onup condition="[VideoPlayer.Content(movies) | VideoPlayer.Content(episodes)]">ActivateWindow(fullscreeninfo)</onup>
					<onclick condition="Skin.HasSetting(HideOSDControls)">SetProperty(ShowOptions,1,home)</onclick>
					<onclick condition="Skin.HasSetting(HideOSDControls) + VideoPlayer.Content(livetv)">SetFocus(19)</onclick>
					<onclick condition="Skin.HasSetting(HideOSDControls) + !VideoPlayer.Content(livetv) + system.getbool(videoplayer.autoplaynextitem)">SetFocus(16)</onclick>
					<onclick condition="Skin.HasSetting(HideOSDControls) + !VideoPlayer.Content(livetv) + !system.getbool(videoplayer.autoplaynextitem)">SetFocus(15)</onclick>
				</control>
				<!--Xray Icon-->
				<control type="grouplist">					
					<right>92</right>
					<bottom>40</bottom>
					<height>40</height>
					<itemgap>10</itemgap>
					<align>right</align>
					<orientation>horizontal</orientation>
					<usecontrolcoords>true</usecontrolcoords>
					<control type="label">
						<top>4</top>
						<width>auto</width>
						<height>30</height>
						<font>Reg27</font>
						<textcolor>fff3f3f3</textcolor>
						<label>$LOCALIZE[31240]</label>
						<visible>[VideoPlayer.Content(movies) | VideoPlayer.Content(episodes)]</visible>
					</control>
					<control type="image">
						<width>40</width>
						<height>40</height>
						<texture>osd/x_ray.png</texture>
						<visible>Skin.HasSetting(HideOSDControls) + [VideoPlayer.Content(movies) | VideoPlayer.Content(episodes)]</visible>
					</control>
					<control type="image">
						<width>40</width>
						<height>40</height>
						<texture flipy="true">osd/x_ray.png</texture>
						<visible>!Skin.HasSetting(HideOSDControls) + [VideoPlayer.Content(movies) | VideoPlayer.Content(episodes)]</visible>
					</control>
					<control type="label">
						<top>4</top>
						<width>auto</width>
						<height>30</height>
						<font>Reg27</font>
						<textcolor>fff3f3f3</textcolor>
						<label>    $LOCALIZE[33063]</label>
					</control>
					<control type="image">
						<width>40</width>
						<height>40</height>
						<texture>osd/options.png</texture>
						<visible>false</visible>
					</control>
					<control type="image">
						<width>40</width>
						<height>40</height>
						<texture>osd/options.png</texture>
						<visible>Skin.HasSetting(HideOSDControls)</visible>
					</control>
					<control type="image">
						<width>40</width>
						<height>40</height>
						<texture>osd/x_ray.png</texture>
						<visible>!Skin.HasSetting(HideOSDControls)</visible>
					</control>
				</control>
			</control>
			<!-- Options -->
			<control id="100" type="grouplist">
				<right>92</right>
				<bottom>128</bottom>
				<width>600</width>
				<height>600</height>
				<align>right</align>
				<itemgap>0</itemgap>
				<onup>noop</onup>
				<onleft>noop</onleft>
				<onright>noop</onright>				
				<ondown>ClearProperty(ShowOptions,home)</ondown>
				<ondown condition="Skin.HasSetting(HideOSDControls)">400</ondown>
				<ondown condition="!Skin.HasSetting(HideOSDControls)">304</ondown>
				<orientation>vertical</orientation>
				<visible>!Control.IsVisible(200) + !Player.Forwarding + !Player.Rewinding + ControlGroup(100).HasFocus + !IsEmpty(Window(home).Property(ShowOptions))</visible>
				<!-- 3D mode -->
				<control id="10" type="button">
					<width>600</width>
					<height>58</height>
					<font>Light32</font>
					<align>right</align>
					<label>$LOCALIZE[31153]</label>
					<textcolor>ffffffff</textcolor>
					<shadowcolor>ff000000</shadowcolor>
					<focusedcolor>ffffc04b</focusedcolor>
					<texturefocus>-</texturefocus>
					<texturenofocus>-</texturenofocus>
					<onclick>SetProperty(Show3DSettings,1,home)</onclick>
					<onclick>ActivateWindow(123)</onclick>
					<visible>VideoPlayer.IsStereoscopic</visible>
				</control>
				<!-- DVD menu -->
				<control id="11" type="button">
					<width>600</width>
					<height>58</height>
					<font>Light32</font>
					<align>right</align>
					<label>$LOCALIZE[31136]</label>
					<textcolor>ffffffff</textcolor>
					<shadowcolor>ff000000</shadowcolor>
					<focusedcolor>ffffc04b</focusedcolor>
					<texturefocus>-</texturefocus>
					<texturenofocus>-</texturenofocus>
					<onclick>PlayerControl(ShowVideoMenu)</onclick>
					<visible>VideoPlayer.HasMenu</visible>
				</control>
				<!-- Subtitles -->
				<control id="12" type="button">
					<width>600</width>
					<height>58</height>
					<font>Light32</font>
					<align>right</align>
					<label>287</label>
					<textcolor>ffffffff</textcolor>
					<shadowcolor>ff000000</shadowcolor>
					<focusedcolor>ffffc04b</focusedcolor>
					<texturefocus>-</texturefocus>
					<texturenofocus>-</texturenofocus>
					<onclick>SetFocus(200)</onclick>
					<visible>!VideoPlayer.Content(livetv)</visible>
				</control>
				<!-- Bookmarks -->
				<control id="13" type="button">
					<width>600</width>
					<height>58</height>
					<font>Light32</font>
					<align>right</align>
					<label>298</label>
					<textcolor>ffffffff</textcolor>
					<shadowcolor>ff000000</shadowcolor>
					<focusedcolor>ffffc04b</focusedcolor>
					<texturefocus>-</texturefocus>
					<texturenofocus>-</texturenofocus>
					<onclick>ActivateWindow(125)</onclick>
					<onclick>Close</onclick>
					<visible>!VideoPlayer.Content(livetv)</visible>
				</control>
				<!-- Video Settings -->
				<control id="14" type="button">
					<width>600</width>
					<height>58</height>
					<font>Light32</font>
					<align>right</align>
					<label>$LOCALIZE[31137]</label>
					<textcolor>ffffffff</textcolor>
					<shadowcolor>ff000000</shadowcolor>
					<focusedcolor>ffffc04b</focusedcolor>
					<texturefocus>-</texturefocus>
					<texturenofocus>-</texturenofocus>
					<onclick>ActivateWindow(123)</onclick>
				</control>
				<!-- Audio Settings -->
				<control id="15" type="button">
					<width>600</width>
					<height>58</height>
					<font>Light32</font>
					<align>right</align>
					<label>$LOCALIZE[31000]</label>
					<textcolor>ffffffff</textcolor>
					<shadowcolor>ff000000</shadowcolor>
					<focusedcolor>ffffc04b</focusedcolor>
					<texturefocus>-</texturefocus>
					<texturenofocus>-</texturenofocus>
					<onclick>ActivateWindow(124)</onclick>
				</control>
				<!-- Next Video -->
				<control id="16" type="button">
					<width>600</width>
					<height>58</height>
					<font>Light32</font>
					<align>right</align>
					<label>$VAR[NextVideo]</label>
					<textcolor>ffffffff</textcolor>
					<shadowcolor>ff000000</shadowcolor>
					<focusedcolor>ffffc04b</focusedcolor>
					<texturefocus>-</texturefocus>
					<texturenofocus>-</texturenofocus>
					<onclick>PlayerControl(Next)</onclick>
					<visible>Window.IsVisible(VideoFullScreen.xml) + system.getbool(videoplayer.autoplaynextitem)</visible>
				</control>
				<!-- Teletext -->
				<control id="17" type="button">
					<width>600</width>
					<height>58</height>
					<font>Light32</font>
					<align>right</align>
					<label>$LOCALIZE[23050]</label>
					<textcolor>ffffffff</textcolor>
					<shadowcolor>ff000000</shadowcolor>
					<focusedcolor>ffffc04b</focusedcolor>
					<texturefocus>-</texturefocus>
					<texturenofocus>-</texturenofocus>
					<onclick>Dialog.Close(VideoOSD)</onclick>
					<onclick>ActivateWindow(Teletext)</onclick>
					<visible>VideoPlayer.Content(livetv)</visible>
				</control>
				<!-- EPG -->
				<control id="18" type="button">
					<width>600</width>
					<height>58</height>
					<font>Light32</font>
					<align>right</align>
					<label>$LOCALIZE[4]</label>
					<textcolor>ffffffff</textcolor>
					<shadowcolor>ff000000</shadowcolor>
					<focusedcolor>ffffc04b</focusedcolor>
					<texturefocus>-</texturefocus>
					<texturenofocus>-</texturenofocus>
					<onclick>Dialog.Close(VideoOSD)</onclick>
					<onclick>ActivateWindow(tvguide)</onclick>
					<visible>VideoPlayer.Content(livetv)</visible>
				</control>
				<!-- Channels -->
				<control id="19" type="button">
					<width>600</width>
					<height>58</height>
					<font>Light32</font>
					<align>right</align>
					<label>$LOCALIZE[19023]</label>
					<textcolor>ffffffff</textcolor>
					<shadowcolor>ff000000</shadowcolor>
					<focusedcolor>ffffc04b</focusedcolor>
					<texturefocus>-</texturefocus>
					<texturenofocus>-</texturenofocus>
					<onclick>Dialog.Close(VideoOSD)</onclick>
					<onclick>ActivateWindow(pvrosdchannels)</onclick>
					<visible>VideoPlayer.Content(livetv)</visible>
				</control>
			</control>
			<control type="image">
				<bottom>125</bottom>
				<width>1920</width>
				<height>300</height>
				<texture>osd/mask.png</texture>
				<visible>ControlGroup(200).HasFocus</visible>
			</control>
			<control id="200" type="grouplist">
				<left>92</left>
				<bottom>161</bottom>
				<width>600</width>
				<height>228</height>
				<itemgap>27</itemgap>
				<onleft>noop</onleft>
				<onright>noop</onright>
				<onback>SetFocus(12)</onback>
				<align>right</align>
				<orientation>vertical</orientation>
				<visible allowhiddenfocus="true">ControlGroup(200).HasFocus</visible>
				<control id="201" type="button">
					<width>300</width>
					<height>58</height>
					<font>Reg22</font>
					<textoffsetx>34</textoffsetx>
					<texturefocus border="13,5,6,8">views/button_fo.png</texturefocus>
					<texturenofocus border="13,5,6,8">views/button_nf.png</texturenofocus>
					<label>$LOCALIZE[248] ($INFO[VideoPlayer.SubtitlesLanguage])</label>
					<onclick>CycleSubtitle</onclick>
					<onback>SetFocus(12)</onback>
					<visible>VideoPlayer.SubtitlesEnabled</visible>
				</control>
				<control id="202" type="togglebutton">
					<width>300</width>
					<height>58</height>
					<font>Reg22</font>
					<label>$LOCALIZE[31138]</label>
					<altlabel>$LOCALIZE[31139]</altlabel>
					<textoffsetx>34</textoffsetx>
					<texturefocus border="13,5,6,8">views/button_fo.png</texturefocus>
					<texturenofocus border="13,5,6,8">views/button_nf.png</texturenofocus>
					<alttexturefocus border="13,5,6,8">views/button_fo.png</alttexturefocus>
					<alttexturenofocus border="13,5,6,8">views/button_nf.png</alttexturenofocus>
					<usealttexture>VideoPlayer.SubtitlesEnabled</usealttexture>
					<onclick>ShowSubtitles</onclick>
					<onback>SetFocus(12)</onback>
					<visible>VideoPlayer.HasSubtitles</visible>
				</control>
				<control id="203" type="button">
					<width>300</width>
					<height>58</height>
					<font>Reg22</font>
					<label>$LOCALIZE[31140]</label>
					<textoffsetx>34</textoffsetx>
					<texturefocus border="13,5,6,8">views/button_fo.png</texturefocus>
					<texturenofocus border="13,5,6,8">views/button_nf.png</texturenofocus>
					<onclick>Close</onclick>
					<onclick>Dialog.Close(VideoOSD)</onclick>
					<onclick>ActivateWindow(SubtitleSearch)</onclick>
					<onback>SetFocus(12)</onback>
				</control>
			</control>
		</control>
	</controls>
</window>