<?xml version="1.0" encoding="UTF-8"?>
<window>
	<!-- videobookmarks -->
	<defaultcontrol always="true">1001</defaultcontrol>
	<controls>
		<!-- Background -->
		<control type="image">
			<include>FullscreenDimensions</include>
			<texture>dialogs/DialogBackground.png</texture>
		</control>
		<control type="fixedlist" id="11">
			<left>-374</left>
			<top>242</top>
			<width>2344</width>
			<height>576</height>
			<onup>Back</onup>
			<ondown>1001</ondown>
			<onleft>Back</onleft>
			<onright>noop</onright>
			<onright condition="!Window.IsVisible(1103)">SetProperty(BounceRight,1,Home)</onright>
			<preloaditems>2</preloaditems>
			<focusposition>1</focusposition>
			<viewtype label="">list</viewtype>
			<orientation>horizontal</orientation>
			<defaultcontrol always="true">0</defaultcontrol>
			<scrolltime easing="inout" tween="sine">300</scrolltime>
			<include>ViewTypeBounceAnimation</include>
			<itemlayout height="576" width="572">
				<control type="group">
					<animation center="316,288" condition="true" effect="zoom" end="85" start="85">Conditional</animation>
					<control type="image">
						<top>48</top>
						<width>640</width>
						<height>480</height>
						<aspectratio align="center">scale</aspectratio>
						<texture background="true" fallback="views/episode_fallback.png">$INFO[ListItem.Icon]</texture>
					</control>
					<control type="image">
						<left>-48</left>
						<centertop>288</centertop>
						<width>736</width>
						<height>576</height>
						<texture border="66,66,51,51">views/shadow_nf.png</texture>
					</control>
					<control type="image">
						<top>48</top>
						<width>640</width>
						<height>480</height>
						<visible>!String.IsEqual(ListItem.Label,..) + !String.Contains(ListItem.Icon,Default)</visible>
						<texture border="2">views/season_overlay.png</texture>
					</control>
					<control type="label">
						<left>18</left>
						<top>427</top>
						<width>604</width>
						<height>42</height>
						<font>Bold44</font>
						<textcolor>ffffffff</textcolor>
						<shadowcolor>88000000</shadowcolor>
						<label>$INFO[ListItem.Label]</label>
						<visible>!String.IsEqual(ListItem.Label,..)</visible>
					</control>
					<control type="image">
						<top>48</top>
						<width>640</width>
						<height>480</height>
						<texture>views/OverlayNF.png</texture>
					</control>
				</control>
			</itemlayout>
			<focusedlayout height="576" width="572">
				<control type="group">
					<animation center="316,288" easing="inout" effect="zoom" end="100" start="85" time="300" tween="sine">Focus</animation>
					<animation center="316,288" condition="Container(11).OnNext | Container(11).OnPrevious" easing="inout" effect="zoom" end="85" start="100" time="300" tween="sine">UnFocus</animation>
					<animation center="316,288" condition="Control.HasFocus(4000)" easing="inout" effect="zoom" end="85" start="100" time="300" tween="sine">Conditional</animation>
					<control type="image">
						<top>48</top>
						<width>640</width>
						<height>480</height>
						<aspectratio align="center">scale</aspectratio>
						<texture background="true" fallback="views/episode_fallback.png">$INFO[ListItem.Icon]</texture>
					</control>
					<control type="image">
						<top>48</top>
						<width>640</width>
						<height>480</height>
						<visible>!String.IsEqual(ListItem.Label,..) + !String.Contains(ListItem.Icon,Default)</visible>
						<texture border="2">views/season_overlay.png</texture>						
						<animation center="auto" condition="Control.HasFocus(11)" easing="inout" effect="fade" end="0" start="0" time="0" tween="sine">Focus</animation>
						<animation center="auto" condition="Control.HasFocus(11)" easing="inout" effect="fade" end="100" start="0" time="300" tween="sine">UnFocus</animation>						
						<visible>Control.HasFocus(11)</visible>
					</control>
					<control type="image">
						<left>-48</left>
						<centertop>288</centertop>
						<width>736</width>
						<height>576</height>
						<texture border="51">views/shadow_fo.png</texture>
						<animation center="auto" condition="Control.HasFocus(11) | Container(11).OnNext | Container(11).OnPrevious" easing="inout" effect="fade" end="100" start="0" time="300" tween="sine">Focus</animation>
						<animation center="auto" condition="Container(11).OnNext | Container(11).OnPrevious" easing="inout" effect="fade" end="0" start="100" time="300" tween="sine">UnFocus</animation>
					</control>
					<control type="image">
						<left>-48</left>
						<centertop>288</centertop>
						<width>736</width>
						<height>576</height>
						<texture border="66,66,51,51">views/shadow_nf.png</texture>
						<animation center="auto" condition="Control.HasFocus(11)" easing="inout" effect="fade" end="0" start="100" time="300" tween="sine">Focus</animation>
						<animation center="auto" condition="Control.HasFocus(11)" easing="inout" effect="fade" end="100" start="0" time="300" tween="sine">UnFocus</animation>
					</control>
					<control type="label">
						<left>18</left>
						<top>448</top>
						<width>604</width>
						<height>42</height>
						<font>Bold44</font>
						<scroll>false</scroll>
						<textcolor>ffffffff</textcolor>
						<shadowcolor>88000000</shadowcolor>
						<label>$INFO[ListItem.Label]</label>
						<visible>!String.IsEqual(ListItem.Label,..)</visible>
						<animation effect="fade" end="0" start="0" time="0">Focus</animation>
						<animation condition="Container(11).OnNext | Container(11).OnPrevious" effect="slide" end="0,-21" start="0,0" time="0">UnFocus</animation>
						<visible>Control.HasFocus(11)</visible>
					</control>
					<control type="image">
						<top>48</top>
						<width>640</width>
						<height>480</height>
						<texture>views/OverlayNF.png</texture>
						<animation center="auto" condition="Control.HasFocus(11)" easing="inout" effect="fade" end="0" start="100" time="300" tween="sine">Focus</animation>
						<animation center="auto" condition="Control.HasFocus(11)" easing="inout" effect="fade" end="100" start="0" time="300" tween="sine">UnFocus</animation>
					</control>
				</control>
			</focusedlayout>
		</control>
		<control type="group">
			<visible>!Integer.IsGreater(Container(11).NumItems,0)</visible>
			<control type="image">
				<top>290</top>
				<left>196</left>
				<width>640</width>
				<height>480</height>
				<aspectratio align="center">scale</aspectratio>
				<texture background="true">$INFO[Player.Art(fanart)]</texture>
			</control>
			<control type="image">
				<top>290</top>
				<left>196</left>
				<width>640</width>
				<height>480</height>
				<aspectratio align="center">scale</aspectratio>
				<texture>views/episode_fallback.png</texture>
			</control>
		</control>
		<control type="group">
			<animation delay="400" effect="fade" end="100" start="0" time="200">WindowOpen</animation>
			<!-- Heading / Current item / Total items -->
			<control type="grouplist">
				<left>198</left>
				<top>134</top>
				<height>80</height>
				<itemgap>10</itemgap>
				<orientation>horizontal</orientation>
				<usecontrolcoords>true</usecontrolcoords>
				<include>VisibleDelayFadeAnimation</include>
				<control type="label">
					<width>auto</width>
					<height>60</height>
					<font>Med48</font>
					<aligny>bottom</aligny>
					<textcolor>ffdadada</textcolor>
					<label>$INFO[VideoPlayer.Title]  </label>
				</control>
				<control type="label">
					<top>15</top>
					<width>auto</width>
					<height>60</height>
					<font>Med32</font>
					<aligny>bottom</aligny>
					<textcolor>ffdadada</textcolor>
					<label>$INFO[Container(11).CurrentItem]</label>
					<visible>Integer.IsGreater(Container(11).NumItems,0)</visible>
				</control>
				<control type="label">
					<top>14</top>
					<width>auto</width>
					<height>60</height>
					<font>Light36</font>
					<aligny>bottom</aligny>
					<textcolor>ff505050</textcolor>
					<label>|</label>
					<visible>Integer.IsGreater(Container(11).NumItems,0)</visible>
				</control>
				<control type="label">
					<top>15</top>
					<width>auto</width>
					<height>60</height>
					<font>Light32</font>
					<aligny>bottom</aligny>
					<textcolor>ff505050</textcolor>
					<label>$INFO[Container(11).NumItems]</label>
					<visible>Integer.IsGreater(Container(11).NumItems,0)</visible>
				</control>
			</control>
			<!-- No bookmarks available -->			
			<control type="label">
				<left>198</left>
				<top>206</top>
				<width max="1610">auto</width>
				<height>64</height>
				<aligny>top</aligny>
				<wrapmultiline>true</wrapmultiline>
				<font>Med32</font>
				<autoscroll>false</autoscroll>
				<textcolor>ffbebebe</textcolor>
				<label>$LOCALIZE[31294]</label>
				<visible>!Integer.IsGreater(Container(11).NumItems,0)</visible>
			</control>
			<!-- Lower group -->
			<control type="group">
				<left>196</left>
				<top>782</top>
				<include>VisibleDelayFadeAnimation</include>
				<!-- Controls -->
				<control id="1000" type="grouplist">
					<left>-10</left>
					<height>100</height>
					<itemgap>0</itemgap>
					<onleft>50</onleft>
					<onright>50</onright>
					<orientation>horizontal</orientation>
					<usecontrolcoords>true</usecontrolcoords>
					<defaultcontrol always="true">1001</defaultcontrol>
					<!-- Dummy to always set focus to first visible button -->
					<control id="1001" type="button">
						<width>0</width>
						<height>0</height>
						<label>-</label>
						<onfocus>Right</onfocus>
						<include>NoTextures</include>
						<visible>!Control.HasFocus(2) + !Control.HasFocus(3) + !Control.HasFocus(4)</visible>
					</control>
					<control id="2" type="button">
						<width min="144" max="264">auto</width>
						<wrapmultiline>true</wrapmultiline>
						<height>100</height>
						<onup>11</onup>
						<ondown>noop</ondown>
						<font>Med24</font>
						<label>[CAPITALIZE]$LOCALIZE[294][/CAPITALIZE]</label>
						<textoffsetx>28</textoffsetx>
						<textcolor>ffdadada</textcolor>
						<focusedcolor>ff222222</focusedcolor>
						<visible>Control.IsEnabled(2)</visible>
						<texturefocus border="13,5,6,8">views/button_fo.png</texturefocus>
						<texturenofocus border="13,3,6,6">views/button_nf.png</texturenofocus>
						<visible>!String.IsEqual(ListItem.Label,..) + !String.Contains(Container.FolderName,$LOCALIZE[20434]) + !String.StartsWith(ListItem.Path,videodb://movies/sets)</visible>
					</control>
					<control id="4" type="button">
						<width min="144" max="1000">auto</width>
						<wrapmultiline>true</wrapmultiline>
						<height>100</height>
						<onup>11</onup>
						<ondown>noop</ondown>
						<font>Med24</font>
						<label>[CAPITALIZE]$LOCALIZE[20406][/CAPITALIZE]</label>
						<textoffsetx>28</textoffsetx>
						<textcolor>ffdadada</textcolor>
						<focusedcolor>ff222222</focusedcolor>
						<visible>Control.IsEnabled(4)</visible>
						<texturefocus border="13,5,6,8">views/button_fo.png</texturefocus>
						<texturenofocus border="13,3,6,6">views/button_nf.png</texturenofocus>
					</control>
					<control id="3" type="button">
						<width min="144" max="204">auto</width>
						<wrapmultiline>true</wrapmultiline>
						<height>100</height>
						<onup>11</onup>
						<ondown>noop</ondown>
						<font>Med24</font>
						<label>[CAPITALIZE]$LOCALIZE[296][/CAPITALIZE]</label>
						<textoffsetx>28</textoffsetx>
						<textcolor>ffdadada</textcolor>
						<focusedcolor>ff222222</focusedcolor>
						<visible>Control.IsEnabled(3)</visible>
						<texturefocus border="13,5,6,8">views/button_fo.png</texturefocus>
						<texturenofocus border="13,3,6,6">views/button_nf.png</texturenofocus>
					</control>
				</control>
				<!-- Details -->
				<control type="label">
					<top>110</top>
					<width>1192</width>
					<height>30</height>
					<align>left</align>
					<font>Bold32</font>
					<textcolor>ffffffff</textcolor>
					<label>$INFO[Container(11).ListItem.Label]</label>
				</control>
				<control type="label">
					<top>151</top>
					<width>1192</width>
					<height>30</height>
					<align>left</align>
					<font>Light32</font>
					<textcolor>ffbcbcbc</textcolor>
					<label>$VAR[BookmarkLabel2]</label>
				</control>
			</control>
		</control>
	</controls>
</window>