<?xml version="1.0" encoding="UTF-8"?>
<window>
	<!-- script-script.extendedinfo-DialogVideoInfo -->
	<defaultcontrol always="true">7000</defaultcontrol>
	<onload condition="System.HasAddon(script.tvtunes)">RunScript(script.tvtunes,backend=True)</onload>
	<onload condition="Window.IsVisible(fullscreenvideo)">SetProperty(ShowXRay,true,home)</onload>
	<onunload>ClearProperty(ExActor1,home)</onunload>
	<onunload>ClearProperty(ExActor2,home)</onunload>
	<onunload>ClearProperty(ExActor3,home)</onunload>
	<onunload>ClearProperty(Similar,home)</onunload>
	<animation effect="fade" end="0" start="0" time="200">WindowClose</animation>
	<controls>
		<!-- Hidden Lists -->
		<control id="250" type="list" />
		<control id="350" type="list" />
		<control id="450" type="list" />
		<control id="550" type="list" />
		<control id="650" type="list" />
		<control id="750" type="list" />
		<control id="850" type="list" />
		<control id="950" type="list" />
		<control id="1050" type="list" />
		<control id="1150" type="list">
			<onfocus>select</onfocus>
			<include>HiddenHomeList</include>
		</control>
		<control id="1250" type="list" />
		<control id="1350" type="list" />
		<!-- Hidden Plot -->
		<control type="textbox">
			<left>-1200</left>
			<width>1192</width>
			<height>126</height>
			<align>left</align>
			<font>Light30Spaced</font>
			<pagecontrol>96</pagecontrol>
			<autoscroll>false</autoscroll>
			<textcolor>ffbbbbbb</textcolor>
			<label>$INFO[Window.Property(Plot)]</label>
		</control>
		<!-- Hidden scrollbar -->
		<control id="96" type="scrollbar">
			<left>-1200</left>
			<width>1192</width>
			<height>126</height>
			<showonepage>false</showonepage>
			<orientation>vertical</orientation>
		</control>
		<!-- Background -->
		<control type="image">
			<include>FullscreenDimensions</include>
			<texture>special://skin/extras/backgrounds/default.png</texture>
			<visible>!Window.IsVisible(fullscreenvideo)</visible>
		</control>
		<!-- Fanart -->
		<control type="group">
			<visible>String.IsEmpty(Window(home).Property(ShowXRay))</visible>
			<control type="image">
				<include>FullscreenDimensions</include>
				<colordiffuse>26ffffff</colordiffuse>
				<texture background="true">$INFO[Window.Property(fanart)]</texture>
			</control>
			<include>DialogVideoInfoAnimation</include>
		</control>
		<control type="group">
			<left>90</left>
			<top>99</top>
			<include>DialogVideoInfoAnimation</include>
			<animation effect="fade" end="100" start="0" time="200">WindowOpen</animation>
			<!-- Icon -->
			<control type="image">
				<width>320</width>
				<height>480</height>
				<texture>$INFO[Window.Property(Poster)]</texture>
				<aspectratio aligny="center">scale</aspectratio>
			</control>
			<control id="7000" type="button">
				<top>518</top>
				<width>480</width>
				<height>35</height>
				<onup condition="Control.IsVisible(96)">3002</onup>
				<onup>noop</onup>
				<onright condition="!Control.IsVisible(96)">1000</onright>
				<onright condition="Control.IsVisible(96)">3002</onright>
				<ondown condition="Control.IsVisible(7002)">7002</ondown>
				<ondown condition="!Control.IsVisible(7002)">7001</ondown>
				<onleft>Close</onleft>
				<onfocus>ClearProperty(Similar,home)</onfocus>
				<onfocus>ClearProperty(Trailer,home)</onfocus>
				<font>Light35</font>
				<textcolor>ffdadada</textcolor>
				<focusedcolor>ffffc24b</focusedcolor>
				<label>$LOCALIZE[31026]</label>
				<include>NoTextures</include>
				<animation condition="!String.IsEmpty(Window(home).Property(Similar)) | !String.IsEmpty(Window(home).Property(Trailer))" effect="fade" end="50" start="100" time="0">Conditional</animation>
			</control>
			<control id="7002" type="button">
				<top>573</top>
				<width>480</width>
				<height>35</height>
				<onup>7000</onup>
				<ondown>7001</ondown>
				<onleft>Close</onleft>
				<onclick>SetProperty(Dialog.1.Label,$INFO[Container(1150).ListItemPosition(0).Label])</onclick>
				<onclick>SetProperty(Dialog.1.BuiltIn,Control.SetFocus(1150,0))</onclick>
				<onclick condition="!String.IsEmpty(Container(1150).ListItemPosition(1).Label)">SetProperty(Dialog.2.Label,$INFO[Container(1150).ListItemPosition(1).Label])</onclick>
				<onclick condition="!String.IsEmpty(Container(1150).ListItemPosition(1).Label)">SetProperty(Dialog.2.BuiltIn,Control.SetFocus(1150,1))</onclick>
				<onclick condition="!String.IsEmpty(Container(1150).ListItemPosition(2).Label)">SetProperty(Dialog.3.Label,$INFO[Container(1150).ListItemPosition(2).Label])</onclick>
				<onclick condition="!String.IsEmpty(Container(1150).ListItemPosition(2).Label)">SetProperty(Dialog.3.BuiltIn,Control.SetFocus(1150,2))</onclick>
				<onclick condition="!String.IsEmpty(Container(1150).ListItemPosition(3).Label)">SetProperty(Dialog.4.Label,$INFO[Container(1150).ListItemPosition(3).Label])</onclick>
				<onclick condition="!String.IsEmpty(Container(1150).ListItemPosition(3).Label)">SetProperty(Dialog.4.BuiltIn,Control.SetFocus(1150,3))</onclick>
				<onclick condition="!String.IsEmpty(Container(1150).ListItemPosition(4).Label)">SetProperty(Dialog.5.Label,$INFO[Container(1150).ListItemPosition(4).Label])</onclick>
				<onclick condition="!String.IsEmpty(Container(1150).ListItemPosition(4).Label)">SetProperty(Dialog.5.BuiltIn,Control.SetFocus(1150,4))</onclick>
				<onclick>RunScript(script.toolbox,info=selectdialog,header=$LOCALIZE[31075])</onclick>
				<onright>up</onright>
				<onright>right</onright>
				<onfocus>SetProperty(Trailer,1,home)</onfocus>
				<onfocus>ClearProperty(Similar,home)</onfocus>
				<font>Light35</font>
				<textcolor>ffdadada</textcolor>
				<focusedcolor>ffffc24b</focusedcolor>
				<label>$LOCALIZE[31075]</label>
				<include>NoTextures</include>				
				<animation condition="!String.IsEmpty(Window(home).Property(Similar)) | String.IsEmpty(Window(home).Property(Trailer))" effect="fade" end="50" start="100" time="0">Conditional</animation>
				<visible>Integer.IsGreater(Container(1150).NumItems,0)</visible>
			</control>
			<control id="7001" type="button">
				<top>629</top>
				<width>480</width>
				<height>35</height>
				<onup condition="Control.IsVisible(7002)">7002</onup>
				<onup condition="!Control.IsVisible(7002)">7001</onup>
				<ondown>noop</ondown>
				<onleft>Close</onleft>
				<onright condition="!String.IsEmpty(Container(150).ListItem.Label)">150</onright>
				<onright condition="String.IsEmpty(Container(150).ListItem.Label)">9001</onright>
				<onfocus>SetProperty(Similar,1,home)</onfocus>
				<font>Light35</font>
				<textcolor>ffdadada</textcolor>
				<focusedcolor>ffffc24b</focusedcolor>
				<label>$LOCALIZE[31070]</label>
				<include>NoTextures</include>
				<animation condition="String.IsEmpty(Window(home).Property(Similar))" effect="fade" end="50" start="100" time="0">Conditional</animation>
			</control>
		</control>
		<control type="group">
			<left>510</left>
			<top>99</top>
			<animation effect="fade" end="100" start="0" time="200" delay="400">WindowOpen</animation>
			<!-- Heading -->
			<control type="label">
				<top>-7</top>
				<width>1170</width>
				<height>48</height>
				<font>Med48</font>
				<scroll>true</scroll>
				<textcolor>ffdadada</textcolor>
				<scrollspeed>100</scrollspeed>
				<label>$INFO[Window.Property(Title)]</label>
				<include>DialogVideoInfoAnimation</include>
			</control>
			<!-- Year / Runtime / Rating -->
			<control type="grouplist">
				<top>60</top>
				<height>32</height>
				<itemgap>22</itemgap>
				<orientation>horizontal</orientation>
				<usecontrolcoords>true</usecontrolcoords>
				<visible>!Control.HasFocus(1000) + !Control.HasFocus(150)</visible>
				<animation effect="fade" end="0" start="100" time="0">Hidden</animation>
				<animation delay="200" effect="fade" end="100" start="0" time="80">Visible</animation>
				<control type="label">
					<top>-6</top>
					<width>auto</width>
					<height>32</height>
					<font>Light32</font>
					<aligny>bottom</aligny>
					<textcolor>ffbebebe</textcolor>
					<label>$INFO[Window.Property(year)]</label>
					<visible>!String.IsEmpty(Window.Property(year))</visible>
				</control>
				<control type="label">
					<top>-6</top>
					<width>auto</width>
					<height>32</height>
					<font>Light32</font>
					<aligny>bottom</aligny>
					<textcolor>ffbebebe</textcolor>
					<label>$VAR[ExtendedDuration] </label>
					<visible>!String.IsEmpty(Window.Property(Duration))</visible>
				</control>
				<control type="image">
					<top>3</top>
					<width>35</width>
					<height>23</height>
					<colordiffuse>ffdadada</colordiffuse>
					<texture>flags/cc.png</texture>
					<visible>!String.IsEmpty(Window.Property(SubtitleLanguage))</visible>
				</control>
			</control>
			<!-- Star rating / Votes / Rating -->
			<control type="grouplist">
				<top>100</top>
				<height>40</height>
				<itemgap>10</itemgap>
				<orientation>horizontal</orientation>
				<usecontrolcoords>true</usecontrolcoords>
				<visible>!Control.HasFocus(1000) + !Control.HasFocus(150)</visible>
				<animation effect="fade" end="0" start="100" time="0">Hidden</animation>
				<animation delay="200" effect="fade" end="100" start="0" time="80">Visible</animation>				
				<control type="image">
					<top>2</top>
					<width>147</width>
					<height>24</height>
					<texture>$VAR[ExtendedRating2]</texture>
					<aspectratio align="left">keep</aspectratio>
					<visible>!String.IsEmpty(Window.Property(rating))</visible>
				</control>
				<control type="image">
					<top>4</top>
					<width>48</width>
					<height>23</height>
					<texture>views/tmdb.png</texture>
					<visible>!String.IsEmpty(Window.Property(rating))</visible>
				</control>
				<control type="label">
					<top>-13</top>
					<width>auto</width>
					<height>34</height>
					<font>Bold30</font>
					<aligny>bottom</aligny>
					<textcolor>ffbcbcbc</textcolor>
					<label>$INFO[Window.Property(rating),,/10]</label>
					<visible>!String.IsEmpty(Window.Property(rating))</visible>
				</control>
				<control type="label">
					<top>-13</top>
					<width>auto</width>
					<height>34</height>
					<font>Bold30</font>
					<aligny>bottom</aligny>
					<textcolor>ff717171</textcolor>
					<label>[LIGHT]$INFO[Window.Property(votes),(,)][/LIGHT]</label>
					<visible>!String.IsEmpty(Window.Property(votes))</visible>
				</control>
			</control>
			<control type="grouplist">
				<top>156</top>
				<width>2800</width>
				<height>1400</height>
				<itemgap>0</itemgap>
				<onup>noop</onup>
				<ondown condition="String.IsEmpty(Window(home).Property(Similar))">1000</ondown>
				<ondown condition="!String.IsEmpty(Window(home).Property(Similar))">150</ondown>
				<onleft>7000</onleft>
				<orientation>vertical</orientation>
				<usecontrolcoords>true</usecontrolcoords>
				<animation condition="Control.HasFocus(1000) | Control.HasFocus(150)" effect="slide" end="0,-91" start="0,0" time="200">Conditional</animation>
				<!-- Plot -->
				<control type="textbox">
					<width>1192</width>
					<height max="124">auto</height>
					<align>left</align>
					<font>Light30Spaced</font>
					<autoscroll>false</autoscroll>
					<textcolor>ffbbbbbb</textcolor>
					<label>$INFO[Window.Property(Plot)]</label>
					<include>DialogVideoInfoAnimation</include>
					<visible>!String.IsEmpty(Window.Property(Plot))</visible>
				</control>
				<!-- More button -->
				<control id="3002" type="button">
					<left>1194</left>
					<top>-38</top>
					<width>37</width>
					<height>23</height>
					<onup>noop</onup>
					<onleft>7000</onleft>
					<onclick>RunScript(script.toolbox,info=textviewer,header='$ESCINFO[Window.Property(Title)]',text='$ESCINFO[Window.Property(Plot)]')</onclick>
					<include>DialogVideoInfoAnimation</include>
					<texturefocus>views/more_fo.png</texturefocus>
					<texturenofocus>views/more_nf.png</texturenofocus>
					<visible>Control.IsVisible(96)</visible>
				</control>
			</control>
			<!-- Bullet Points -->
			<control type="grouplist">
				<top>297</top>
				<itemgap>0</itemgap>
				<orientation>vertical</orientation>
				<!-- Starring -->
				<control type="grouplist">
					<height>40</height>
					<itemgap>20</itemgap>
					<include>DialogVideoInfoAnimation</include>
					<orientation>horizontal</orientation>
					<usecontrolcoords>true</usecontrolcoords>
					<visible>!String.IsEmpty(Container(1000).ListItemNoWrap(0).Label)</visible>
					<animation condition="Control.HasFocus(1000) | Control.HasFocus(150)" effect="fade" end="0" start="100" time="0">Conditional</animation>
					<animation condition="!Control.HasFocus(1000) + !Control.HasFocus(150)" delay="200" effect="fade" end="100" start="0" time="80">Conditional</animation>
					<control type="label">
						<width>auto</width>
						<height>24</height>
						<font>Med30</font>
						<aligny>bottom</aligny>
						<textcolor>ff717171</textcolor>
						<label>$LOCALIZE[31071]:</label>
					</control>
					<control type="label">
						<top>-1</top>
						<width max="1024">auto</width>
						<height>24</height>
						<font>Light30Spaced</font>
						<aligny>bottom</aligny>
						<textcolor>ffbcbcbc</textcolor>
						<label>$INFO[Window(home).Property(ExActor1)]$INFO[Window(home).Property(ExActor2),$COMMA ]$INFO[Window(home).Property(ExActor3),$COMMA ]</label>
						<visible>!String.IsEmpty(Window(home).Property(ExActor1))</visible>
					</control>
					<control type="label">
						<top>-1</top>
						<width max="1024">auto</width>
						<height>24</height>
						<font>Light30Spaced</font>
						<aligny>bottom</aligny>
						<textcolor>ffbcbcbc</textcolor>
						<label>$INFO[Container(1000).ListItemNoWrap(0).Label]$INFO[Container(1000).ListItemNoWrap(1).Label,$COMMA ]$INFO[Container(1000).ListItemNoWrap(2).Label,$COMMA ]</label>
						<visible>String.IsEmpty(Window(home).Property(ExActor1))</visible>
					</control>
				</control>
				<!-- Director -->
				<control type="grouplist">
					<width>1192</width>
					<height>40</height>
					<itemgap>20</itemgap>
					<include>DialogVideoInfoAnimation</include>
					<orientation>horizontal</orientation>
					<usecontrolcoords>true</usecontrolcoords>
					<visible>!String.IsEmpty(Window.Property(director))</visible>
					<animation condition="Control.HasFocus(1000) | Control.HasFocus(150)" effect="fade" end="0" start="100" time="0">Conditional</animation>
					<animation condition="!Control.HasFocus(1000) + !Control.HasFocus(150)" delay="200" effect="fade" end="100" start="0" time="80">Conditional</animation>
					<control type="label">
						<width>auto</width>
						<height>24</height>
						<font>Med30</font>
						<aligny>bottom</aligny>
						<textcolor>ff717171</textcolor>
						<label>$LOCALIZE[31072]:</label>
					</control>
					<control type="label">
						<top>-1</top>
						<width>auto</width>
						<height>24</height>
						<font>Light30Spaced</font>
						<aligny>bottom</aligny>
						<textcolor>ffbcbcbc</textcolor>
						<label>$INFO[Window.Property(director)]</label>
					</control>
				</control>
				<!-- Premiered -->
				<control type="grouplist">
					<width>1192</width>
					<height>40</height>
					<itemgap>20</itemgap>
					<include>DialogVideoInfoAnimation</include>
					<orientation>horizontal</orientation>
					<usecontrolcoords>true</usecontrolcoords>
					<visible>!String.IsEmpty(Window.Property(premiered))</visible>
					<animation condition="Control.HasFocus(1000) | Control.HasFocus(150)" effect="fade" end="0" start="100" time="0">Conditional</animation>
					<animation condition="!Control.HasFocus(1000) + !Control.HasFocus(150)" delay="200" effect="fade" end="100" start="0" time="80">Conditional</animation>
					<control type="label">
						<width>auto</width>
						<height>24</height>
						<font>Med30</font>
						<aligny>bottom</aligny>
						<textcolor>ff717171</textcolor>
						<label>$LOCALIZE[31239]:</label>
					</control>
					<control type="label">
						<top>-1</top>
						<width>auto</width>
						<height>24</height>
						<font>Light30Spaced</font>
						<aligny>bottom</aligny>
						<textcolor>ffbcbcbc</textcolor>
						<label>$INFO[Window.Property(premiered)]</label>
					</control>
				</control>
				<!-- Awards -->
				<control type="grouplist">
					<width>1192</width>
					<height>40</height>
					<itemgap>20</itemgap>
					<include>DialogVideoInfoAnimation</include>
					<orientation>horizontal</orientation>
					<usecontrolcoords>true</usecontrolcoords>
					<visible>!String.IsEmpty(Window.Property(omdb.Awards))</visible>
					<animation condition="Control.HasFocus(1000) | Control.HasFocus(150)" effect="fade" end="0" start="100" time="0">Conditional</animation>
					<animation condition="!Control.HasFocus(1000) + !Control.HasFocus(150)" delay="200" effect="fade" end="100" start="0" time="80">Conditional</animation>
					<control type="label">
						<width>auto</width>
						<height>24</height>
						<font>Med30</font>
						<aligny>bottom</aligny>
						<textcolor>ff717171</textcolor>
						<label>$LOCALIZE[31235]:</label>
					</control>
					<control type="label">
						<top>-1</top>
						<width>auto</width>
						<height>24</height>
						<font>Light30Spaced</font>
						<aligny>bottom</aligny>
						<textcolor>ffbcbcbc</textcolor>
						<label>$INFO[Window.Property(omdb.Awards)]</label>
					</control>
				</control>
				<!-- Budget -->
				<control type="grouplist">
					<width>1192</width>
					<height>40</height>
					<itemgap>20</itemgap>
					<include>DialogVideoInfoAnimation</include>
					<orientation>horizontal</orientation>
					<usecontrolcoords>true</usecontrolcoords>
					<visible>!String.IsEmpty(Window.Property(revenue)) + !String.IsEmpty(Window.Property(budget))</visible>
					<animation condition="Control.HasFocus(1000) | Control.HasFocus(150)" effect="fade" end="0" start="100" time="0">Conditional</animation>
					<animation condition="!Control.HasFocus(1000) + !Control.HasFocus(150)" delay="200" effect="fade" end="100" start="0" time="80">Conditional</animation>
					<control type="label">
						<width>auto</width>
						<height>24</height>
						<font>Med30</font>
						<aligny>bottom</aligny>
						<textcolor>ff717171</textcolor>
						<label>$LOCALIZE[31238]:</label>
					</control>
					<control type="label">
						<top>-1</top>
						<width>auto</width>
						<height>24</height>
						<font>Light30Spaced</font>
						<aligny>bottom</aligny>
						<textcolor>ffbcbcbc</textcolor>
						<label>$INFO[Window.Property(budget),, $LOCALIZE[31236]], $INFO[Window.Property(revenue),, $LOCALIZE[31237]]</label>
					</control>
				</control>
			</control>
		</control>
		<control type="group">
			<left>-67</left>
			<top>686</top>
			<animation effect="fade" end="100" start="0" time="200" delay="800">WindowOpen</animation>
			<!-- Cast label -->
			<control type="label">
				<left>575</left>
				<width>1000</width>
				<height>32</height>
				<font>Med32</font>
				<textcolor>ff717171</textcolor>
				<label>$LOCALIZE[31076]</label>
				<visible>String.IsEmpty(Window(home).Property(Similar)) + !String.IsEmpty(Container(1000).ListItem.Label) + !Control.HasFocus(1000)</visible>
				<animation delay="400" effect="fade" end="100" start="0" time="200">Visible</animation>
				<animation effect="fade" end="0" start="100" time="0">Hidden</animation>
			</control>
			<!-- Cast -->
			<control id="1000" type="fixedlist">
				<left>-25</left>
				<top>-271</top>
				<width>2600</width>
				<height>576</height>
				<onup condition="Control.IsVisible(96)">3002</onup>
				<onup>noop</onup>
				<ondown>select</ondown>
				<onleft>7000</onleft>
				<onright>noop</onright>
				<onright condition="!Window.IsVisible(1103)">SetProperty(BounceRight,1,Home)</onright>
				<onback>7000</onback>
				<preloaditems>2</preloaditems>
				<focusposition>2</focusposition>
				<viewtype label="">list</viewtype>
				<orientation>horizontal</orientation>
				<scrolltime easing="inout" tween="sine">300</scrolltime>
				<visible>String.IsEmpty(Window(home).Property(Similar))</visible>
				<animation condition="Window.IsVisible(1103)" reversible="false" type="Conditional">
					<effect easing="out" end="-20,0" start="0,0" time="60" tween="sine" type="slide" />
					<effect delay="80" easing="out" end="20,0" start="0,0" time="120" tween="sine" type="slide" />
				</animation>
				<animation effect="fade" end="100" start="0" time="300">Visible</animation>
				<animation effect="fade" end="0" start="100" time="300">Hidden</animation>
				<animation center="480,1022" condition="!Control.HasFocus(1000)" easing="inout" effect="zoom" end="81" start="100" time="300" tween="sine">Conditional</animation>
				<itemlayout height="576" width="300">
					<control type="group">
						<visible>Control.HasFocus(1000)</visible>
						<animation center="150,288" condition="true" effect="zoom" end="85" start="85">Conditional</animation>
						<control type="image">
							<top>48</top>
							<width>320</width>
							<height>480</height>
							<aspectratio align="center">scale</aspectratio>
							<texture background="true">views/cast_fallback.png</texture>
						</control>
						<control type="image">
							<top>48</top>
							<width>320</width>
							<height>480</height>
							<aspectratio align="center">scale</aspectratio>
							<texture background="true" fallback="views/cast_fallback.png">$INFO[ListItem.Icon]</texture>
						</control>
						<control type="image">
							<left>-48</left>
							<centertop>288</centertop>
							<width>416</width>
							<height>576</height>
							<texture border="66,66,51,51">views/shadow_nf.png</texture>
						</control>
						<control type="image">
							<top>48</top>
							<width>320</width>
							<height>480</height>
							<texture border="2">views/season_overlay.png</texture>
							<visible>!String.Contains(ListItem.Icon,Default)</visible>
						</control>
						<control type="label">
							<left>18</left>
							<top>412</top>
							<width>290</width>
							<height>42</height>
							<font>Bold42</font>
							<textcolor>ffffffff</textcolor>
							<shadowcolor>80000000</shadowcolor>
							<label>$INFO[ListItem.Label]</label>
						</control>
						<control type="label">
							<left>18</left>
							<top>463</top>
							<width>290</width>
							<height>28</height>
							<font>Med28</font>
							<scroll>false</scroll>
							<textcolor>ffffffff</textcolor>
							<shadowcolor>80000000</shadowcolor>
							<label>$INFO[ListItem.Property(character),$LOCALIZE[20347] ,]</label>
						</control>
						<control type="image">
							<top>48</top>
							<width>320</width>
							<height>480</height>
							<texture>views/OverlayNF.png</texture>
							<visible>Control.HasFocus(1000)</visible>
							<animation center="auto" easing="inout" effect="fade" end="100" start="0" time="300" tween="sine">VisibleChange</animation>
						</control>
					</control>
				</itemlayout>
				<focusedlayout height="576" width="300">
					<control type="button">
						<texturefocus>-</texturefocus>
						<texturenofocus>-</texturenofocus>
						<onfocus condition="String.IsEmpty(Window(home).Property(ExActor1))">SetProperty(ExActor1,$INFO[Container(1000).ListItemNoWrap(0).Label],home)</onfocus>
						<onfocus condition="String.IsEmpty(Window(home).Property(ExActor2))">SetProperty(ExActor2,$INFO[Container(1000).ListItemNoWrap(1).Label],home)</onfocus>
						<onfocus condition="String.IsEmpty(Window(home).Property(ExActor3))">SetProperty(ExActor3,$INFO[Container(1000).ListItemNoWrap(2).Label],home)</onfocus>
					</control>
					<control type="group">
						<animation center="150,288" reversible="false" condition="Control.HasFocus(1000) + [Container(1000).OnNext | Container(1000).OnPrevious]" easing="inout" effect="zoom" end="100" start="85" time="300" tween="sine">Focus</animation>
						<animation center="150,288" reversible="false" condition="Control.HasFocus(1000) + [Container(1000).OnNext | Container(1000).OnPrevious]" easing="inout" effect="zoom" end="85" start="100" time="300" tween="sine">UnFocus</animation>
						<animation center="150,288" condition="!Control.HasFocus(1000)" easing="inout" effect="zoom" end="85" start="100" time="300" tween="sine">Conditional</animation>
						<control type="image">
							<top>48</top>
							<width>320</width>
							<height>480</height>
							<aspectratio align="center">scale</aspectratio>
							<texture background="true">views/cast_fallback.png</texture>
						</control>
						<control type="image">
							<top>48</top>
							<width>320</width>
							<height>480</height>
							<aspectratio align="center">scale</aspectratio>
							<texture background="true" fallback="views/cast_fallback.png">$INFO[ListItem.Icon]</texture>
						</control>
						<control type="image">
							<left>-48</left>
							<centertop>288</centertop>
							<width>416</width>
							<height>576</height>
							<texture border="51">views/shadow_fo.png</texture>
							<animation center="auto" condition="Control.HasFocus(1000) | Container(1000).OnNext | Container(1000).OnPrevious" easing="inout" effect="fade" end="100" start="0" time="300" tween="sine">Focus</animation>
							<animation center="auto" condition="Container(1000).OnNext | Container(1000).OnPrevious" easing="inout" effect="fade" end="0" start="100" time="300" tween="sine">UnFocus</animation>
						</control>
						<control type="image">
							<left>-48</left>
							<centertop>288</centertop>
							<width>416</width>
							<height>576</height>
							<texture border="66,66,51,51">views/shadow_nf.png</texture>
							<animation center="auto" condition="Control.HasFocus(1000)" easing="inout" effect="fade" end="0" start="100" time="300" tween="sine">Focus</animation>
							<animation center="auto" condition="Control.HasFocus(1000)" easing="inout" effect="fade" end="100" start="0" time="300" tween="sine">UnFocus</animation>
						</control>
						<control type="image">
							<top>48</top>
							<width>320</width>
							<height>480</height>
							<texture border="2">views/season_overlay.png</texture>
							<visible>!String.Contains(ListItem.Icon,Default)</visible>
							<animation center="auto" condition="Control.HasFocus(1000)" easing="inout" effect="fade" end="0" start="100" time="300" tween="sine">Focus</animation>
							<animation center="auto" condition="Control.HasFocus(1000)" easing="inout" effect="fade" end="100" start="0" time="300" tween="sine">UnFocus</animation>
						</control>
						<control type="label">
							<left>18</left>
							<top>412</top>
							<width>290</width>
							<height>42</height>
							<font>Bold42</font>
							<scroll>false</scroll>
							<textcolor>ffffffff</textcolor>
							<shadowcolor>80000000</shadowcolor>
							<label>$INFO[ListItem.Label]</label>
							<animation center="auto" condition="Control.HasFocus(1000)" easing="inout" effect="fade" end="0" start="100" time="300" tween="sine">Focus</animation>
							<animation center="auto" condition="Control.HasFocus(1000)" easing="inout" effect="fade" end="100" start="0" time="300" tween="sine">UnFocus</animation>
						</control>
						<control type="label">
							<left>18</left>
							<top>463</top>
							<width>290</width>
							<height>28</height>
							<font>Med28</font>
							<scroll>false</scroll>
							<textcolor>ffffffff</textcolor>
							<shadowcolor>80000000</shadowcolor>
							<label>$INFO[ListItem.Property(character),$LOCALIZE[20347] ,]</label>
							<animation center="auto" condition="Control.HasFocus(1000)" easing="inout" effect="fade" end="0" start="100" time="300" tween="sine">Focus</animation>
							<animation center="auto" condition="Control.HasFocus(1000)" easing="inout" effect="fade" end="100" start="0" time="300" tween="sine">UnFocus</animation>
						</control>
						<control type="image">
							<top>48</top>
							<width>320</width>
							<height>480</height>
							<texture>views/OverlayNF.png</texture>
							<visible>Control.HasFocus(1000)</visible>
							<animation center="auto" condition="Control.HasFocus(1000)" easing="inout" effect="fade" end="0" start="100" time="300" tween="sine">Focus</animation>
							<animation center="auto" condition="Control.HasFocus(1000)" easing="inout" effect="fade" end="100" start="0" time="300" tween="sine">UnFocus</animation>
						</control>
					</control>
				</focusedlayout>
			</control>
			<control type="group">
				<left>1030</left>
				<top>-319</top>
				<visible>String.IsEmpty(Window(home).Property(Similar)) + !Control.HasFocus(1000) + !String.IsEmpty(Container(1000).ListItem.Label)</visible>
				<animation center="480,1022" condition="!Control.HasFocus(1000)" easing="inout" effect="zoom" end="81" start="100" time="300" tween="sine">Conditional</animation>
				<animation center="150,288" condition="true" effect="zoom" end="85" start="85">Conditional</animation>
				<include content="InfoDialogCastList">
					<param name="Left">0</param>
					<param name="ID">1000</param>
					<param name="POS">1</param>
				</include>
				<include content="InfoDialogCastList">
					<param name="Left">352</param>
					<param name="ID">1000</param>
					<param name="POS">2</param>
				</include>
				<include content="InfoDialogCastList">
					<param name="Left">705</param>
					<param name="ID">1000</param>
					<param name="POS">3</param>
				</include>
				<include content="InfoDialogCastList">
					<param name="Left">1058</param>
					<param name="ID">1000</param>
					<param name="POS">4</param>
				</include>
				<include content="InfoDialogCastList">
					<param name="Left">1411</param>
					<param name="ID">1000</param>
					<param name="POS">5</param>
				</include>
			</control>
			<!-- Similar videos -->
			<control type="label">
				<left>575</left>
				<width>1000</width>
				<height>32</height>
				<font>Med32</font>
				<textcolor>ff717171</textcolor>
				<label>$LOCALIZE[31077]</label>
				<visible>!String.IsEmpty(Window(home).Property(Similar)) + !String.IsEmpty(Container(150).ListItem.Label) + !Control.HasFocus(150)</visible>
				<animation delay="400" effect="fade" end="100" start="0" time="200">Visible</animation>
				<animation effect="fade" end="0" start="100" time="0">Hidden</animation>
			</control>
			<!-- No similar videos -->
			<control type="label">
				<top>120</top>
				<left>575</left>
				<width>1000</width>
				<height>32</height>
				<font>Med54</font>
				<textcolor>ffbebebe</textcolor>
				<label>$LOCALIZE[31078]</label>
				<visible>!String.IsEmpty(Window(home).Property(Similar)) + String.IsEmpty(Container(150).ListItem.Label)</visible>
				<animation delay="400" effect="fade" end="100" start="0" time="200">Visible</animation>
				<animation condition="Control.HasFocus(150)" effect="fade" end="0" start="100" time="0">Conditional</animation>
				<animation condition="!Control.HasFocus(150)" delay="200" effect="fade" end="100" start="0" time="80">Conditional</animation>
			</control>
			<!-- Video list -->
			<control id="150" type="fixedlist">
				<left>-25</left>
				<top>-271</top>
				<width>2600</width>
				<height>576</height>
				<onup condition="Control.IsVisible(96)">3002</onup>
				<onup>noop</onup>
				<ondown>select</ondown>
				<onleft>7001</onleft>
				<onright>noop</onright>
				<onright condition="!Window.IsVisible(1103)">SetProperty(BounceRight,1,Home)</onright>
				<onback>7001</onback>
				<preloaditems>2</preloaditems>
				<focusposition>2</focusposition>
				<viewtype label="">list</viewtype>
				<orientation>horizontal</orientation>
				<scrolltime easing="inout" tween="sine">300</scrolltime>
				<visible>!String.IsEmpty(Window(home).Property(Similar))</visible>
				<animation condition="Window.IsVisible(1103)" reversible="false" type="Conditional">
					<effect easing="out" end="-20,0" start="0,0" time="60" tween="sine" type="slide" />
					<effect delay="80" easing="out" end="20,0" start="0,0" time="120" tween="sine" type="slide" />
				</animation>
				<animation delay="300" effect="fade" end="100" start="0" time="300">Visible</animation>
				<animation effect="fade" end="0" start="100" time="300">Hidden</animation>
				<animation center="480,1022" condition="!Control.HasFocus(150)" easing="inout" effect="zoom" end="81" start="100" time="300" tween="sine">Conditional</animation>
				<itemlayout height="576" width="300">
					<control type="group">
						<visible>Control.HasFocus(150)</visible>
						<animation center="150,288" condition="true" effect="zoom" end="85" start="85">Conditional</animation>
						<control type="image">
							<top>48</top>
							<width>320</width>
							<height>480</height>
							<aspectratio align="center">scale</aspectratio>
							<texture background="true">views/movie_fallback.png</texture>
						</control>
						<control type="image">
							<top>48</top>
							<width>320</width>
							<height>480</height>
							<aspectratio align="center">scale</aspectratio>
							<texture background="true" fallback="views/movie_fallback.png">$INFO[ListItem.Art(poster)]</texture>
						</control>
						<control type="image">
							<left>-48</left>
							<centertop>288</centertop>
							<width>416</width>
							<height>576</height>
							<texture border="66,66,51,51">views/shadow_nf.png</texture>
						</control>
						<control type="label">
							<left>18</left>
							<top>455</top>
							<width>290</width>
							<height>42</height>
							<font>Bold42</font>
							<textcolor>ffffffff</textcolor>
							<shadowcolor>80000000</shadowcolor>
							<label>$INFO[ListItem.Label]</label>
							<visible>String.IsEmpty(ListItem.Art(poster))</visible>
						</control>
						<control type="image">
							<top>48</top>
							<width>320</width>
							<height>480</height>
							<texture>views/OverlayNF.png</texture>
							<visible>Control.HasFocus(150)</visible>
							<animation center="auto" easing="inout" effect="fade" end="100" start="0" time="300" tween="sine">VisibleChange</animation>
						</control>
					</control>
				</itemlayout>
				<focusedlayout height="576" width="300">
					<control type="group">
						<animation center="150,288" reversible="false" condition="Control.HasFocus(150) + [Container(150).OnNext | Container(150).OnPrevious]" easing="inout" effect="zoom" end="100" start="85" time="300" tween="sine">Focus</animation>
						<animation center="150,288" reversible="false" condition="Control.HasFocus(150) + [Container(150).OnNext | Container(150).OnPrevious]" easing="inout" effect="zoom" end="85" start="100" time="300" tween="sine">UnFocus</animation>
						<animation center="150,288" condition="!Control.HasFocus(150)" easing="inout" effect="zoom" end="85" start="100" time="300" tween="sine">Conditional</animation>
						<control type="image">
							<top>48</top>
							<width>320</width>
							<height>480</height>
							<aspectratio align="center">scale</aspectratio>
							<texture background="true">views/movie_fallback.png</texture>
						</control>
						<control type="image">
							<top>48</top>
							<width>320</width>
							<height>480</height>
							<aspectratio align="center">scale</aspectratio>
							<texture background="true" fallback="views/movie_fallback.png">$INFO[ListItem.Art(poster)]</texture>
						</control>
						<control type="image">
							<left>-48</left>
							<centertop>288</centertop>
							<width>416</width>
							<height>576</height>
							<texture border="51">views/shadow_fo.png</texture>
							<animation center="auto" condition="Control.HasFocus(150) | Container(150).OnNext | Container(150).OnPrevious" easing="inout" effect="fade" end="100" start="0" time="300" tween="sine">Focus</animation>
							<animation center="auto" condition="Container(150).OnNext | Container(150).OnPrevious" easing="inout" effect="fade" end="0" start="100" time="300" tween="sine">UnFocus</animation>
						</control>
						<control type="image">
							<left>-48</left>
							<centertop>288</centertop>
							<width>416</width>
							<height>576</height>
							<texture border="66,66,51,51">views/shadow_nf.png</texture>
							<animation center="auto" condition="Control.HasFocus(150)" easing="inout" effect="fade" end="0" start="100" time="300" tween="sine">Focus</animation>
							<animation center="auto" condition="Control.HasFocus(150)" easing="inout" effect="fade" end="100" start="0" time="300" tween="sine">UnFocus</animation>
						</control>
						<control type="label">
							<left>18</left>
							<top>455</top>
							<width>290</width>
							<height>42</height>
							<font>Bold42</font>
							<scroll>false</scroll>
							<textcolor>ffffffff</textcolor>
							<shadowcolor>80000000</shadowcolor>
							<label>$INFO[ListItem.Label]</label>
							<visible>String.IsEmpty(ListItem.Art(poster))</visible>
						</control>
						<control type="image">
							<top>48</top>
							<width>320</width>
							<height>480</height>
							<texture>views/OverlayNF.png</texture>
							<visible>Control.HasFocus(150)</visible>
							<animation center="auto" condition="Control.HasFocus(150)" easing="inout" effect="fade" end="0" start="100" time="300" tween="sine">Focus</animation>
							<animation center="auto" condition="Control.HasFocus(150)" easing="inout" effect="fade" end="100" start="0" time="300" tween="sine">UnFocus</animation>
						</control>
					</control>
				</focusedlayout>
			</control>
			<control type="group">
				<left>1030</left>
				<top>-319</top>
				<visible>!String.IsEmpty(Window(home).Property(Similar)) + !Control.HasFocus(150) + !String.IsEmpty(Container(150).ListItem.Label)</visible>
				<animation center="480,1022" condition="!Control.HasFocus(150)" easing="inout" effect="zoom" end="81" start="100" time="300" tween="sine">Conditional</animation>
				<animation center="150,288" condition="true" effect="zoom" end="85" start="85">Conditional</animation>
				<include content="InfoDialogVideoList">
					<param name="Left">0</param>
					<param name="ID">150</param>
					<param name="POS">1</param>
				</include>
				<include content="InfoDialogVideoList">
					<param name="Left">352</param>
					<param name="ID">150</param>
					<param name="POS">2</param>
				</include>
				<include content="InfoDialogVideoList">
					<param name="Left">705</param>
					<param name="ID">150</param>
					<param name="POS">3</param>
				</include>
				<include content="InfoDialogVideoList">
					<param name="Left">1058</param>
					<param name="ID">150</param>
					<param name="POS">4</param>
				</include>
				<include content="InfoDialogVideoList">
					<param name="Left">1411</param>
					<param name="ID">150</param>
					<param name="POS">5</param>
				</include>
			</control>
			<!-- Info -->
			<control type="grouplist">
				<left>575</left>
				<top>287</top>
				<width>1192</width>
				<height>50</height>
				<itemgap>8</itemgap>
				<orientation>horizontal</orientation>
				<usecontrolcoords>true</usecontrolcoords>
				<visible>Control.HasFocus(1000) | Control.HasFocus(150)</visible>
				<animation delay="300" easing="inout" effect="fade" end="100" start="0" time="120" tween="sine">Visible</animation>
				<animation effect="fade" end="0" start="100" time="0">Hidden</animation>
				<control type="label">
					<width>auto</width>
					<height>22</height>
					<align>left</align>
					<font>Bold31</font>
					<textcolor>ffbcbcbc</textcolor>
					<label>$INFO[Container(1000).ListItem.Label]</label>
					<visible>Control.HasFocus(1000)</visible>
				</control>
				<control type="label">
					<width>auto</width>
					<height>22</height>
					<align>left</align>
					<font>Bold31</font>
					<textcolor>ffbcbcbc</textcolor>
					<label>$INFO[Container(150).ListItem.Property(Title)]</label>
					<visible>Control.HasFocus(150)</visible>
				</control>
				<control type="label">
					<width>auto</width>
					<height>27</height>
					<align>left</align>
					<font>Light24</font>
					<textcolor>ffbcbcbc</textcolor>
					<label>$INFO[Container(1000).ListItem.Property(character),$LOCALIZE[20347] ,]</label>
					<visible>Control.HasFocus(1000)</visible>
				</control>
			</control>
		</control>
	</controls>
</window>