<?xml version="1.0" encoding="utf-8"?>
<window>
	<!-- settingscategory -->
	<backgroundcolor>0xff12161b</backgroundcolor>
	<onload>ClearProperty(SettingHeading,home)</onload>
	<onload>ClearProperty(SettingInfo,home)</onload>
	<onload condition="!String.IsEqual(Window(settings).Property(SettingsCurrentItem),8)">SetFocus(3)</onload>
	<onload condition="String.IsEqual(Window(settings).Property(SettingsCurrentItem),8)">SetFocus(9001)</onload>
	<controls>
		<control id="6" type="label">
			<font>-</font>
		</control>
		<!-- Heading / Current item / Total items -->
		<control type="grouplist">
			<left>198</left>
			<top>134</top>
			<height>80</height>
			<itemgap>10</itemgap>
			<orientation>horizontal</orientation>
			<usecontrolcoords>true</usecontrolcoords>
			<control type="label">
				<width>auto</width>
				<height>60</height>
				<font>Med48</font>
				<aligny>bottom</aligny>
				<textcolor>ffdadada</textcolor>
				<label>$LOCALIZE[5]  </label>
			</control>
			<control type="label">
				<top>15</top>
				<width>auto</width>
				<height>60</height>
				<font>Med32</font>
				<aligny>bottom</aligny>
				<textcolor>ffdadada</textcolor>
				<label>$VAR[SettingsCurrentItem]</label>
			</control>
			<control type="label">
				<top>14</top>
				<width>auto</width>
				<height>60</height>
				<font>Light36</font>
				<aligny>bottom</aligny>
				<textcolor>ff505050</textcolor>
				<label>|</label>
			</control>
			<control type="label">
				<top>15</top>
				<width>auto</width>
				<height>60</height>
				<font>Light32</font>
				<aligny>bottom</aligny>
				<textcolor>ff505050</textcolor>
				<label>$NUMBER[8]</label>
			</control>
		</control>
		<control type="group">
			<left>-28</left>
			<top>289</top>
			<visible>!Window.IsVisible(InterfaceSettings)</visible>
			<animation condition="!Window.Previous(systeminfo) + !Window.Previous(profiles)" easing="inout" effect="slide" end="0,0" start="-49,0" time="125" tween="sine">WindowOpen</animation>
			<animation condition="!Window.Next(systeminfo) + !Window.Next(profiles)" easing="inout" effect="slide" end="-49,0" start="0,0" time="125" tween="sine">WindowClose</animation>
			<control type="group">
				<width>333</width>
				<height>497</height>
				<animation center="134,240" condition="True" effect="zoom" end="84.5" start="84.5">Conditional</animation>
				<control type="image">
					<left>-24</left>
					<width>333</width>
					<height>497</height>
					<texture border="1,1,14,18">settings/settings_tile.png</texture>
				</control>
				<control type="label">
					<left>-10</left>
					<top>28</top>
					<width>276</width>
					<height>32</height>
					<font>Bold34</font>
					<textcolor>ffdadada</textcolor>
					<label>$VAR[SettingsLabel-1]</label>
				</control>
				<control type="image">
					<left>-13</left>
					<top>123</top>
					<width>300</width>
					<height>300</height>
					<aspectratio align="center" aligny="center">keep</aspectratio>
					<texture>$VAR[SettingsIcon-1]</texture>
				</control>
				<control type="image">
					<left>-24</left>
					<width>320</width>
					<height>480</height>
					<texture>views/OverlayNF.png</texture>
				</control>
			</control>
		</control>
		<control type="group">
			<animation easing="inout" effect="slide" end="589,0" start="0,0" time="125" tween="sine">WindowOpen</animation>
			<animation easing="inout" effect="slide" end="0,0" start="589,0" time="125" tween="sine">WindowClose</animation>
			<!-- 1 -->
			<control type="group">
				<left>523</left>
				<top>289</top>
				<visible>Integer.IsLess(Window(settings).Property(SettingsCurrentItem),8)</visible>
				<control type="group">
					<width>333</width>
					<height>497</height>
					<animation center="134,240" condition="True" effect="zoom" end="84.5" start="84.5">Conditional</animation>
					<control type="image">
						<left>-24</left>
						<width>333</width>
						<height>497</height>
						<texture border="1,1,14,18">settings/settings_tile.png</texture>
					</control>
					<control type="label">
						<left>-10</left>
						<top>28</top>
						<width>276</width>
						<height>32</height>
						<font>Bold34</font>
						<textcolor>ffdadada</textcolor>
						<label>$VAR[SettingsLabel1]</label>
					</control>
					<control type="image">
						<left>-13</left>
						<top>123</top>
						<width>300</width>
						<height>300</height>
						<aspectratio align="center" aligny="center">keep</aspectratio>
						<texture>$VAR[SettingsIcon1]</texture>
					</control>
					<control type="image">
						<left>-24</left>
						<width>320</width>
						<height>480</height>
						<texture>views/OverlayNF.png</texture>
					</control>
				</control>
			</control>			
			<!-- 2 -->
			<control type="group">
				<left>823</left>
				<top>289</top>
				<visible>Integer.IsLess(Window(settings).Property(SettingsCurrentItem),7)</visible>
				<control type="group">
					<width>333</width>
					<height>497</height>
					<animation center="134,240" condition="True" effect="zoom" end="84.5" start="84.5">Conditional</animation>
					<control type="image">
						<left>-24</left>
						<width>333</width>
						<height>497</height>
						<texture border="1,1,14,18">settings/settings_tile.png</texture>
					</control>
					<control type="label">
						<left>-10</left>
						<top>28</top>
						<width>276</width>
						<height>32</height>
						<font>Bold34</font>
						<textcolor>ffdadada</textcolor>
						<label>$VAR[SettingsLabel2]</label>
					</control>
					<control type="image">
						<left>-13</left>
						<top>123</top>
						<width>300</width>
						<height>300</height>
						<aspectratio align="center" aligny="center">keep</aspectratio>
						<texture>$VAR[SettingsIcon2]</texture>
					</control>
					<control type="image">
						<left>-24</left>
						<width>320</width>
						<height>480</height>
						<texture>views/OverlayNF.png</texture>
					</control>
				</control>
			</control>			
			<!-- 3 -->
			<control type="group">
				<left>1123</left>
				<top>289</top>
				<visible>Integer.IsLess(Window(settings).Property(SettingsCurrentItem),6)</visible>
				<control type="group">
					<width>333</width>
					<height>497</height>
					<animation center="134,240" condition="True" effect="zoom" end="84.5" start="84.5">Conditional</animation>
					<control type="image">
						<left>-24</left>
						<width>333</width>
						<height>497</height>
						<texture border="1,1,14,18">settings/settings_tile.png</texture>
					</control>
					<control type="label">
						<left>-10</left>
						<top>28</top>
						<width>276</width>
						<height>32</height>
						<font>Bold34</font>
						<textcolor>ffdadada</textcolor>
						<label>$VAR[SettingsLabel3]</label>
					</control>
					<control type="image">
						<left>-13</left>
						<top>123</top>
						<width>300</width>
						<height>300</height>
						<aspectratio align="center" aligny="center">keep</aspectratio>
						<texture>$VAR[SettingsIcon3]</texture>
					</control>
					<control type="image">
						<left>-24</left>
						<width>320</width>
						<height>480</height>
						<texture>views/OverlayNF.png</texture>
					</control>
				</control>
			</control>			
			<!-- 4 -->
			<control type="group">
				<left>1423</left>
				<top>289</top>
				<visible>Integer.IsLess(Window(settings).Property(SettingsCurrentItem),5)</visible>
				<control type="group">
					<width>333</width>
					<height>497</height>
					<animation center="134,240" condition="True" effect="zoom" end="84.5" start="84.5">Conditional</animation>
					<control type="image">
						<left>-24</left>
						<width>333</width>
						<height>497</height>
						<texture border="1,1,14,18">settings/settings_tile.png</texture>
					</control>
					<control type="label">
						<left>-10</left>
						<top>28</top>
						<width>276</width>
						<height>32</height>
						<font>Bold34</font>
						<textcolor>ffdadada</textcolor>
						<label>$VAR[SettingsLabel4]</label>
					</control>
					<control type="image">
						<left>-13</left>
						<top>123</top>
						<width>300</width>
						<height>300</height>
						<aspectratio align="center" aligny="center">keep</aspectratio>
						<texture>$VAR[SettingsIcon4]</texture>
					</control>
					<control type="image">
						<left>-24</left>
						<width>320</width>
						<height>480</height>
						<texture>views/OverlayNF.png</texture>
					</control>
				</control>
			</control>			
			<!-- 5 -->
			<control type="group">
				<left>1723</left>
				<top>289</top>
				<visible>Integer.IsLess(Window(settings).Property(SettingsCurrentItem),4)</visible>
				<control type="group">
					<width>333</width>
					<height>497</height>
					<animation center="134,240" condition="True" effect="zoom" end="84.5" start="84.5">Conditional</animation>
					<control type="image">
						<left>-24</left>
						<width>333</width>
						<height>497</height>
						<texture border="1,1,14,18">settings/settings_tile.png</texture>
					</control>
					<control type="label">
						<left>-10</left>
						<top>28</top>
						<width>276</width>
						<height>32</height>
						<font>Bold34</font>
						<textcolor>ffdadada</textcolor>
						<label>$VAR[SettingsLabel5]</label>
					</control>
					<control type="image">
						<left>-13</left>
						<top>123</top>
						<width>300</width>
						<height>300</height>
						<aspectratio align="center" aligny="center">keep</aspectratio>
						<texture>$VAR[SettingsIcon5]</texture>
					</control>
					<control type="image">
						<left>-24</left>
						<width>320</width>
						<height>480</height>
						<texture>views/OverlayNF.png</texture>
					</control>
				</control>
			</control>
		</control>
		<!-- Active settings category -->
		<control type="group">
			<left>223</left>
			<top>289</top>
			<control type="image">
				<left>-24</left>
				<width>333</width>
				<height>497</height>
				<texture border="1,1,14,18">settings/settings_tile.png</texture>
			</control>
			<control type="label">
				<left>-10</left>
				<top>28</top>
				<width>276</width>
				<height>32</height>
				<font>Bold34</font>
				<textcolor>ffdadada</textcolor>
				<label>$VAR[SettingsLabel0]</label>
			</control>
			<control type="image">
				<left>-13</left>
				<top>123</top>
				<width>300</width>
				<height>300</height>
				<aspectratio align="center" aligny="center">keep</aspectratio>
				<texture>$VAR[SettingsIcon0]</texture>
			</control>
		</control>
		<control type="group">
			<left>518</left>
			<top>289</top>
			<width>678</width>
			<height>520</height>
			<control type="image">
				<left>-359</left>
				<width>40</width>
				<height>480</height>
				<texture flipx="true">common/shadow.png</texture>
				<animation condition="!Window.Previous(systeminfo) + !Window.Previous(profiles)" reversible="false" type="WindowOpen">
					<effect easing="inout" end="100" start="0" time="125" tween="sine" type="fade" />
				</animation>
				<animation condition="!Window.Next(systeminfo) + !Window.Next(profiles)" reversible="false" type="WindowClose">
					<effect easing="inout" end="0" start="100" time="125" tween="sine" type="fade" />
				</animation>
			</control>
			<control type="group">
				<animation condition="!Window.Previous(systeminfo) + !Window.Previous(profiles)" reversible="false" type="WindowOpen">
					<effect center="0,240" easing="inout" end="100,100" start="0,100" time="125" tween="sine" type="zoom" />
				</animation>
				<animation condition="!Window.Next(systeminfo) + !Window.Next(profiles)" reversible="false" type="WindowClose">
					<effect center="0,240" easing="inout" end="0,100" start="100,100" time="125" tween="sine" type="zoom" />
				</animation>
				<control type="image">
					<width>678</width>
					<height>520</height>
					<texture>settings/back.png</texture>
				</control>
			</control>
			<control type="group">
				<visible>!String.IsEqual(Window(settings).Property(SettingsCurrentItem),8)</visible>
				<animation reversible="false" type="WindowOpen">
					<effect delay="200" easing="inout" end="100" start="0" time="125" tween="sine" type="fade" />
				</animation>
				<animation reversible="false" type="WindowClose">
					<effect end="0" start="100" time="0" type="fade" />
				</animation>
				<control id="3" type="grouplist">
					<width>638</width>
					<height>480</height>
					<itemgap>0</itemgap>
					<onleft>Back</onleft>
					<onright>Back</onright>
					<onup>noop</onup>
					<ondown>noop</ondown>
					<scrolltime>0</scrolltime>
				</control>
				<control id="10" type="button">
					<height>120</height>
					<width>638</width>
					<textoffsetx>40</textoffsetx>
					<textwidth>576</textwidth>
					<aligny>center</aligny>
					<font>Light30Spaced</font>
					<onclick>SetProperty(SettingHeading,$INFO[System.CurrentControl],home)</onclick>
					<onclick>SetProperty(SettingInfo,$INFO[Control.GetLabel(6)],home)</onclick>
					<onclick>SetFocus(5)</onclick>
					<textcolor>ff505153</textcolor>
					<focusedcolor>ffffaf37</focusedcolor>
					<texturefocus border="3">settings/button_focus.png</texturefocus>
					<texturenofocus border="3">settings/button_no_focus.png</texturenofocus>
					<pulseonselect>false</pulseonselect>
				</control>
				<control type="image">
					<width>40</width>
					<height>480</height>
					<texture>common/shadow.png</texture>
				</control>
			</control>
			<control type="group">
				<visible>String.IsEqual(Window(settings).Property(SettingsCurrentItem),8)</visible>
				<animation condition="!Window.Previous(systeminfo) + !Window.Previous(profiles)" reversible="false" type="WindowOpen">
					<effect delay="200" easing="inout" end="100" start="0" time="125" tween="sine" type="fade" />
				</animation>
				<animation condition="!Window.Next(systeminfo) + !Window.Next(profiles)" reversible="false" type="WindowClose">
					<effect end="0" start="100" time="0" type="fade" />
				</animation>
				<control id="9001" type="grouplist">
					<width>638</width>
					<height>480</height>
					<itemgap>0</itemgap>
					<onleft>Back</onleft>
					<onright>noop</onright>
					<onup>noop</onup>
					<ondown>noop</ondown>
					<scrolltime>0</scrolltime>
					<control id="9002" type="button">
						<height>120</height>
						<width>638</width>
						<textoffsetx>40</textoffsetx>
						<textwidth>576</textwidth>
						<aligny>center</aligny>
						<font>Light30Spaced</font>
						<label>7</label>
						<textcolor>ff505153</textcolor>
						<focusedcolor>ffffaf37</focusedcolor>
						<onclick>ActivateWindow(filemanager)</onclick>
						<texturefocus border="3">settings/button_focus.png</texturefocus>
						<texturenofocus border="3">settings/button_no_focus.png</texturenofocus>
					</control>
					<control id="9003" type="button">
						<height>120</height>
						<width>638</width>
						<textoffsetx>40</textoffsetx>
						<textwidth>576</textwidth>
						<aligny>center</aligny>
						<font>Light30Spaced</font>
						<label>13200</label>
						<textcolor>ff505153</textcolor>
						<focusedcolor>ffffaf37</focusedcolor>
						<onclick>ActivateWindow(profiles)</onclick>
						<texturefocus border="3">settings/button_focus.png</texturefocus>
						<texturenofocus border="3">settings/button_no_focus.png</texturenofocus>
					</control>
					<control id="9004" type="button">
						<height>120</height>
						<width>638</width>
						<textoffsetx>40</textoffsetx>
						<textwidth>576</textwidth>
						<aligny>center</aligny>
						<font>Light30Spaced</font>
						<label>138</label>
						<textcolor>ff505153</textcolor>
						<focusedcolor>ffffaf37</focusedcolor>
						<onclick>ActivateWindow(systeminfo)</onclick>
						<onfocus>SetProperty(SettingsLevel,$INFO[Control.GetLabel(20)],home)</onfocus>
						<texturefocus border="3">settings/button_focus.png</texturefocus>
						<texturenofocus border="3">settings/button_no_focus.png</texturenofocus>
					</control>
					<control id="9005" type="button">
						<height>120</height>
						<width>638</width>
						<textoffsetx>40</textoffsetx>
						<textwidth>576</textwidth>
						<aligny>center</aligny>
						<font>Light30Spaced</font>
						<label>$LOCALIZE[31227]</label>
						<textcolor>ff505153</textcolor>
						<focusedcolor>ffffaf37</focusedcolor>
						<onclick>SetProperty(Dialog.NumItems,3)</onclick>
						<onclick>SetProperty(Dialog.1.Label,$LOCALIZE[31229])</onclick>
						<onclick>SetProperty(Dialog.1.BuiltIn,RunScript(script.skin.helper.service,action=backup))</onclick>
						<onclick>SetProperty(Dialog.2.Label,$LOCALIZE[31230])</onclick>
						<onclick>SetProperty(Dialog.2.BuiltIn,RunScript(script.skin.helper.service,action=restore))</onclick>
						<onclick>SetProperty(Dialog.3.Label,$LOCALIZE[31231])</onclick>
						<onclick>SetProperty(Dialog.3.BuiltIn,RunScript(script.skin.helper.service,action=reset))</onclick>
						<onclick>RunScript(script.toolbox,info=selectdialog,header=$LOCALIZE[31543])</onclick>
						<texturefocus border="3">settings/button_focus.png</texturefocus>
						<texturenofocus border="3">settings/button_no_focus.png</texturenofocus>
					</control>
					<control id="20" type="button">
						<height>120</height>
						<width>638</width>
						<textoffsetx>40</textoffsetx>
						<textwidth>576</textwidth>
						<aligny>center</aligny>
						<font>Light30Spaced</font>
						<align>right</align>
						<textcolor>ff505153</textcolor>
						<focusedcolor>ffffaf37</focusedcolor>
						<onclick>SettingsLevelChange</onclick>
						<texturefocus border="3">settings/button_focus.png</texturefocus>
						<texturenofocus border="3">settings/button_no_focus.png</texturenofocus>
					</control>
				</control>
				<control type="label">
					<left>40</left>
					<top>360</top>
					<height>120</height>
					<width>558</width>
					<aligny>center</aligny>
					<font>Light30Spaced</font>
					<label>$LOCALIZE[31016]</label>
					<textcolor>ff505153</textcolor>
					<visible>!Control.HasFocus(20) + !Container(9001).HasNext</visible>
				</control>
				<control type="label">
					<left>40</left>
					<top>360</top>
					<height>120</height>
					<width>558</width>
					<aligny>center</aligny>
					<font>Light30Spaced</font>
					<label>$LOCALIZE[31016]</label>
					<textcolor>ffffaf37</textcolor>
					<visible>Control.HasFocus(20)</visible>
				</control>
				<control type="image">
					<width>40</width>
					<height>480</height>
					<texture>common/shadow.png</texture>
				</control>
			</control>
		</control>
		<control type="label">
			<left>198</left>
			<top>786</top>
			<width>1160</width>
			<height>64</height>
			<font>Light32</font>
			<aligny>bottom</aligny>
			<textcolor>ffdadada</textcolor>
			<label>$VAR[MoreSettingsInfo]</label>
			<wrapmultiline>true</wrapmultiline>
			<animation condition="!Window.Previous(systeminfo) + !Window.Previous(profiles)" delay="100" effect="fade" end="100" start="0" time="200">WindowOpen</animation>
			<animation condition="!Window.Next(systeminfo) + !Window.Next(profiles)" effect="fade" end="0" start="100" time="0">WindowClose</animation>
		</control>
		<control type="image">
			<include>FullscreenDimensions</include>
			<texture>dialogs/DialogBackground.png</texture>
			<visible>ControlGroup(5).HasFocus | Control.HasFocus(3000)</visible>
			<animation delay="125" effect="fade" end="100" start="0" time="200">Visible</animation>
			<animation delay="100" effect="fade" end="0" start="100" time="200">Hidden</animation>
		</control>
		<control type="group">
			<left>198</left>
			<top>289</top>
			<width>958</width>
			<height>480</height>
			<visible>ControlGroup(5).HasFocus | Control.HasFocus(3000)</visible>
			<animation reversible="false" type="Visible">
				<effect end="100" start="0" time="200" type="fade" />
				<effect easing="inout" end="0,0" start="500,0" time="200" tween="sine" type="slide" />
			</animation>
			<animation reversible="false" type="Hidden">
				<effect end="0" start="100" time="100" type="fade" />
				<effect easing="inout" end="500,0" start="0,0" time="200" tween="sine" type="slide" />
			</animation>
			<animation condition="Window.Next(skinsettings)" reversible="false" type="WindowClose">
				<effect end="0" start="100" time="100" type="fade" />
				<effect easing="inout" end="500,0" start="0,0" time="200" tween="sine" type="slide" />
			</animation>
			<control type="image">
				<width>1437</width>
				<height>480</height>
				<texture>settings/category_back.png</texture>
			</control>
			<control type="label">
				<left>40</left>
				<top>14</top>
				<height>30</height>
				<width>419</width>
				<aligny>center</aligny>
				<font>Bold30</font>
				<label fallback="166">$INFO[Window(home).Property(SettingHeading)]</label>
				<textcolor>ffdadada</textcolor>
			</control>
			<control id="5" type="grouplist">
				<top>60</top>
				<width>958</width>
				<height>420</height>
				<itemgap>0</itemgap>
				<onleft>3</onleft>
				<onleft>ClearProperty(SettingHeading,home)</onleft>
				<onleft>ClearProperty(SettingInfo,home)</onleft>
				<onright>3000</onright>
				<onup>noop</onup>
				<ondown>noop</ondown>
				<onback>3</onback>
				<onback>ClearProperty(SettingHeading,home)</onback>
				<onback>ClearProperty(SettingInfo,home)</onback>
				<scrolltime>0</scrolltime>
				<usecontrolcoords>true</usecontrolcoords>
			</control>
			<control type="textbox">
				<left>980</left>
				<top>22</top>
				<width>420</width>
				<height>436</height>
				<font>Med24</font>
				<aligny>top</aligny>
				<pagecontrol>96</pagecontrol>
				<autoscroll>false</autoscroll>
				<textcolor>ffdadada</textcolor>
				<label>$INFO[Control.GetLabel(6)]</label>
			</control>
			<control id="96" type="scrollbar">
				<top>22</top>
				<width>420</width>
				<height>436</height>
				<showonepage>false</showonepage>
				<orientation>vertical</orientation>
			</control>
			<!-- More button -->
			<control id="3000" type="button">
				<left>1380</left>
				<top>424</top>
				<width>37</width>
				<height>23</height>
				<onup>noop</onup>
				<ondown>noop</ondown>
				<onleft>5</onleft>
				<onright>noop</onright>
				<onclick>SetProperty(NoLabel,1,home)</onclick>
				<onclick>RunScript(script.toolbox,info=textviewer,header=,text='$ESCINFO[Control.GetLabel(6)]')</onclick>
				<visible>Control.IsVisible(96)</visible>
				<texturefocus>views/more_fo.png</texturefocus>
				<texturenofocus>views/more_nf.png</texturenofocus>
			</control>
		</control>
		<control id="7" type="button">
			<width>958</width>
			<height>84</height>
			<font>Light32</font>
			<textoffsetx>40</textoffsetx>
			<textcolor>ff505153</textcolor>
			<focusedcolor>ffffaf37</focusedcolor>
			<texturefocus border="3">settings/button_focus.png</texturefocus>
			<texturenofocus border="3">settings/button_no_focus.png</texturenofocus>
		</control>
		<control id="8" type="radiobutton">
			<width>958</width>
			<height>84</height>
			<font>Light32</font>
			<textwidth>740</textwidth>
			<textoffsetx>40</textoffsetx>
			<textcolor>ff505153</textcolor>
			<focusedcolor>ffffaf37</focusedcolor>
			<radiowidth>125</radiowidth>
			<radioheight>53</radioheight>
			<radioposx>813</radioposx>
			<textureradioonfocus>settings/radio_on_focus.png</textureradioonfocus>
			<textureradioonnofocus>settings/radio_on_no_focus.png</textureradioonnofocus>
			<textureradioondisabled>settings/radio_on_disabled.png</textureradioondisabled>
			<textureradioofffocus>settings/radio_off_focus.png</textureradioofffocus>
			<textureradiooffnofocus>settings/radio_off_no_focus.png</textureradiooffnofocus>
			<textureradiooffdisabled>settings/radio_off_disabled.png</textureradiooffdisabled>
			<texturefocus border="3">settings/button_focus.png</texturefocus>
			<texturenofocus border="3">settings/button_no_focus.png</texturenofocus>
		</control>
		<control id="9" type="spincontrolex">
			<width>958</width>
			<height>84</height>
			<font>Light32</font>
			<textoffsetx>40</textoffsetx>
			<textcolor>ff505153</textcolor>
			<textwidth>490</textwidth>
			<focusedcolor>ffffaf37</focusedcolor>
			<selectedcolor2>ffffffff</selectedcolor2>
			<texturefocus border="3">settings/button_focus.png</texturefocus>
			<texturenofocus border="3">settings/button_no_focus.png</texturenofocus>
			<aligny>center</aligny>
			<reverse>true</reverse>
		</control>
		<control id="11" type="image">
			<top>-1</top>
			<height>1</height>
			<texture>-</texture>
		</control>
	</controls>
</window>