<?xml version="1.0" encoding="UTF-8"?>
<window>
	<!-- slideshow -->
	<defaultcontrol>2</defaultcontrol>
	<controls>
		<!-- Pause -->
		<control type="image">
			<centerleft>50%</centerleft>
			<centertop>50%</centertop>
			<width>321</width>
			<height>341</height>
			<texture>osd/Pause.png</texture>
			<visible>SlideShow.IsPaused + !Window.IsVisible(addoninformation)</visible>
			<animation type="Conditional" condition="System.IdleTime(2)" reversible="true">
				<effect type="fade" start="100" end="0" time="200" />
			</animation>
		</control>
	</controls>
</window>