<?xml version="1.0" encoding="UTF-8"?>
<window>
	<!-- seekbar -->
	<defaultcontrol always="true">901</defaultcontrol>
	<visible>[Window.IsVisible(visualisation) | VideoPlayer.IsFullscreen] + [Player.Seeking | Player.DisplayAfterSeek | Player.Paused | Player.Forwarding | Player.Rewinding | [Player.HasVideo + Player.ShowInfo]] + !Window.IsVisible(pvrosdchannels) + !Window.IsVisible(playerprocessinfo)</visible>
	<controls>
		<control type="group">
			<visible>!Window.IsVisible(fullscreeninfo) + !Window.IsActive(videoosd) + !Window.IsActive(musicosd) + !Window.IsActive(subtitlesearch) + !Window.IsVisible(script-nextup-notification-NextUpInfo.xml) + String.IsEmpty(Window(home).Property(ShowXRay))</visible>
			<control type="group">
				<visible>Player.Paused + !Player.Forwarding + !Player.Rewinding</visible>
				<animation condition="System.IdleTime(4) + !Player.Caching + !Window.IsVisible(fullscreeninfo)" reversible="true" type="Conditional">
					<effect end="0" start="100" time="200" type="fade" />
				</animation>
				<include>PlayerTitles</include>
				<!-- Pause -->
				<control type="image">
					<centerleft>50%</centerleft>
					<centertop>50%</centertop>
					<width>321</width>
					<height>341</height>
					<texture>osd/Pause.png</texture>
					<visible>Player.Paused + !Player.Caching</visible>
				</control>
				<control type="group">
					<visible>Player.Caching</visible>
					<!-- Busy -->
					<control type="image">
						<centerleft>50%</centerleft>
						<centertop>50%</centertop>
						<width>94</width>
						<height>94</height>
						<texture>common/spinner_outer.png</texture>
						<animation effect="rotate" end="-360" center="auto" time="1120" loop="true" reversible="false" condition="true">Conditional</animation>
					</control>
					<control type="image">
						<centerleft>50%</centerleft>
						<centertop>50%</centertop>
						<width>94</width>
						<height>94</height>
						<texture>common/spinner_inner.png</texture>
						<animation effect="rotate" end="360" center="auto" time="1680" loop="true" reversible="false" condition="true">Conditional</animation>
					</control>
				</control>
				<control type="image">
					<bottom>0</bottom>
					<width>1980</width>
					<height>120</height>
					<texture>osd/mask.png</texture>
					<visible>!Window.IsVisible(fullscreeninfo)</visible>
				</control>
				<!--  Cache bar -->
				<control type="progress">
					<left>92</left>
					<bottom>93</bottom>
					<width>1735</width>
					<height>11</height>
					<reveal>true</reveal>
					<info>Player.ProgressCache</info>
					<texturebg border="4">osd/progress_back.png</texturebg>
					<lefttexture>-</lefttexture>
					<midtexture border="4">osd/progress_cache.png</midtexture>
					<righttexture>-</righttexture>
					<overlaytexture>-</overlaytexture>
				</control>
				<!--  Progress bar -->
				<control type="progress">
					<left>92</left>
					<bottom>93</bottom>
					<width>1735</width>
					<height>11</height>
					<reveal>true</reveal>
					<info>Player.Progress</info>
					<texturebg border="4" colordiffuse="00ffffff">osd/progress_back.png</texturebg>
					<lefttexture>-</lefttexture>
					<midtexture border="4">osd/progress_bar.png</midtexture>
					<righttexture>-</righttexture>
					<overlaytexture>-</overlaytexture>
				</control>
				<control type="grouplist">
					<left>92</left>
					<bottom>38</bottom>
					<width>800</width>
					<height>40</height>
					<itemgap>4</itemgap>
					<orientation>horizontal</orientation>
					<usecontrolcoords>true</usecontrolcoords>
					<!--  Current position -->
					<control type="label">
						<width>auto</width>
						<height>34</height>
						<font>Light27</font>
						<textcolor>fff3f3f3</textcolor>
						<label>$VAR[PlayerTime]</label>
					</control>
					<!--  Divider -->
					<control type="label">
						<width>auto</width>
						<height>34</height>
						<font>Light27</font>
						<textcolor>ff696969</textcolor>
						<label>/</label>
						<visible>!String.IsEmpty(Player.Time) + !String.IsEmpty(Player.Duration)</visible>
					</control>
					<!--  Total length -->
					<control type="label">
						<width>auto</width>
						<height>34</height>
						<font>Light27</font>
						<textcolor>ff696969</textcolor>
						<label>$VAR[PlayerDuration]</label>
					</control>
					<!--  HD label -->
					<control type="label">
						<left>24</left>
						<top>-2</top>
						<width>auto</width>
						<height>34</height>
						<font>Bold28</font>
						<textcolor>ffebebeb</textcolor>
						<label>[B]HD[/B]</label>
						<visible>Integer.IsGreater(VideoPlayer.VideoResolution,710)</visible>
					</control>
					<!--  Resolution label -->
					<control type="label">
						<left>2</left>
						<top>-2</top>
						<width>auto</width>
						<height>34</height>
						<font>Bold29</font>
						<textcolor>ffebebeb</textcolor>
						<label>$VAR[PlayerResolution]</label>
					</control>
				</control>
				<!--  Current time -->
				<control type="label">
					<right>92</right>
					<bottom>45</bottom>
					<width>800</width>
					<height>30</height>
					<font>Reg27</font>
					<align>right</align>
					<textcolor>fff3f3f3</textcolor>
					<label>$INFO[System.Time]</label>
					<visible>!Window.IsVisible(fullscreeninfo) + Player.HasAudio</visible>
				</control>
				<!--Xray Icon-->
				<control id="99" type="grouplist">
					<visible>!Window.IsVisible(fullscreeninfo) + Player.HasVideo</visible>
					<right>92</right>
					<bottom>40</bottom>
					<height>40</height>
					<itemgap>10</itemgap>
					<align>right</align>
					<orientation>horizontal</orientation>
					<usecontrolcoords>true</usecontrolcoords>
					<control id="99" type="label">
						<top>4</top>
						<width>auto</width>
						<height>30</height>
						<font>Reg27</font>
						<textcolor>fff3f3f3</textcolor>
						<label>    $LOCALIZE[33063]</label>
					</control>
					<control id="99" type="image">
						<width>40</width>
						<height>40</height>
						<texture>osd/select.png</texture>
					</control>
				</control>
			</control>
			<control type="group">
				<visible>!Player.Paused + [Player.Seeking | Player.DisplayAfterSeek | Player.ShowInfo]</visible>
				<include>PlayerTitles</include>
				<control type="image">
					<bottom>0</bottom>
					<width>1980</width>
					<height>120</height>
					<texture>osd/mask.png</texture>					
					<visible>!Window.IsVisible(fullscreeninfo)</visible>
				</control>
				<!--  Cache bar -->
				<control type="progress">
					<left>92</left>
					<bottom>93</bottom>
					<width>1735</width>
					<height>11</height>
					<reveal>true</reveal>
					<info>Player.ProgressCache</info>
					<texturebg border="4">osd/progress_back.png</texturebg>
					<lefttexture>-</lefttexture>
					<midtexture border="4">osd/progress_cache.png</midtexture>
					<righttexture>-</righttexture>
					<overlaytexture>-</overlaytexture>
				</control>
				<!--  Progress bar -->
				<control type="progress">
					<left>92</left>
					<bottom>93</bottom>
					<width>1735</width>
					<height>11</height>
					<reveal>true</reveal>
					<info>Player.Progress</info>
					<texturebg border="4" colordiffuse="00ffffff">osd/progress_back.png</texturebg>
					<lefttexture>-</lefttexture>
					<midtexture border="4">osd/progress_bar.png</midtexture>
					<righttexture>-</righttexture>
					<overlaytexture>-</overlaytexture>
				</control>
				<control type="grouplist">
					<left>92</left>
					<bottom>38</bottom>
					<width>800</width>
					<height>40</height>
					<itemgap>4</itemgap>
					<orientation>horizontal</orientation>
					<usecontrolcoords>true</usecontrolcoords>
					<!--  Current position -->
					<control type="label">
						<width>auto</width>
						<height>34</height>
						<font>Light27</font>
						<textcolor>fff3f3f3</textcolor>
						<label>$VAR[PlayerTime]</label>
					</control>
					<!--  Divider -->
					<control type="label">
						<width>auto</width>
						<height>34</height>
						<font>Light27</font>
						<textcolor>ff696969</textcolor>
						<visible>!String.IsEmpty(Player.Time) + !String.IsEmpty(Player.Duration)</visible>
						<label>/</label>
					</control>
					<!--  Total length -->
					<control type="label">
						<width>auto</width>
						<height>34</height>
						<font>Light27</font>
						<textcolor>ff696969</textcolor>
						<label>$VAR[PlayerDuration]</label>
					</control>
					<!--  HD label -->
					<control type="label">
						<left>24</left>
						<top>-2</top>
						<width>auto</width>
						<height>34</height>
						<font>Bold28</font>
						<textcolor>ffebebeb</textcolor>
						<label>[B]HD[/B]</label>
						<visible>Integer.IsGreater(VideoPlayer.VideoResolution,710)</visible>
					</control>
					<!--  Resolution label -->
					<control type="label">
						<left>2</left>
						<top>-2</top>
						<width>auto</width>
						<height>34</height>
						<font>Bold29</font>
						<textcolor>ffebebeb</textcolor>
						<label>$VAR[PlayerResolution]</label>
					</control>
				</control>
				<!--Xray Icon-->
				<control id="99" type="grouplist">
					<visible>!Window.IsVisible(fullscreeninfo)</visible>
					<right>92</right>
					<bottom>40</bottom>
					<height>40</height>
					<itemgap>10</itemgap>
					<align>right</align>
					<orientation>horizontal</orientation>
					<usecontrolcoords>true</usecontrolcoords>
					<control id="99" type="label">
						<top>4</top>
						<width>auto</width>
						<height>30</height>
						<font>Reg27</font>
						<textcolor>fff3f3f3</textcolor>
						<label>    $LOCALIZE[33063]</label>
					</control>
					<control id="99" type="image">
						<width>40</width>
						<height>40</height>
						<texture>osd/select.png</texture>
					</control>
				</control>
			</control>
			<control type="group">
				<include>VisibleFadeAnimation</include>
				<visible>!Player.Forwarding + !Player.Rewinding + [Player.Seeking | Player.DisplayAfterSeek]</visible>
				<control type="image">
					<left>97</left>
					<bottom>123</bottom>
					<width>80</width>
					<height>80</height>
					<texture>$VAR[SeekStepIcon]</texture>
				</control>
				<control type="label">
					<centerleft>136</centerleft>
					<bottom>141</bottom>
					<width>50</width>
					<height>40</height>
					<align>center</align>
					<font>Reg20</font>
					<textcolor>ffe5e4e5</textcolor>
					<label>$VAR[SeekOffset]</label>
				</control>
				<control type="slider" id="401">
					<left>92</left>
					<bottom>105</bottom>
					<width>1735</width>
					<height>11</height>
					<orientation>horizontal</orientation>
					<texturesliderbar border="4" colordiffuse="00ffffff">osd/progress_back.png</texturesliderbar>
					<textureslidernib>osd/osd_seek_bar.png</textureslidernib>
					<textureslidernibfocus>osd/osd_seek_bar.png</textureslidernibfocus>
					<info>Player.SeekTime</info>
					<visible>!Player.Forwarding + !Player.Rewinding + Player.Seeking</visible>
				</control>
			</control>
		</control>
		<!-- Forwarding Rewinding Indicator -->
		<control type="group">
			<visible>!Player.Paused + [Player.Forwarding | Player.Rewinding]</visible>
			<control id="1" type="progress">
				<left>92</left>
				<bottom>93</bottom>
				<width>1735</width>
				<height>11</height>
				<reveal>true</reveal>
				<info>Player.Progress</info>
				<texturebg>-</texturebg>
				<lefttexture>-</lefttexture>
				<midtexture>-</midtexture>
				<righttexture>-</righttexture>
				<overlaytexture>-</overlaytexture>
			</control>
			<control type="grouplist">
				<left>60</left>
				<top>861</top>
				<width>1800</width>
				<height>80</height>
				<itemgap>0</itemgap>
				<orientation>horizontal</orientation>
				<usecontrolcoords>true</usecontrolcoords>
				<control type="image">
					<include>osd_padding</include>
					<visible>Integer.IsGreater(Control.GetLabel(1),10)</visible>
				</control>
				<control type="image">
					<include>osd_padding</include>
					<visible>Integer.IsGreater(Control.GetLabel(1),11)</visible>
				</control>
				<control type="image">
					<include>osd_padding</include>
					<visible>Integer.IsGreater(Control.GetLabel(1),12)</visible>
				</control>
				<control type="image">
					<include>osd_padding</include>
					<visible>Integer.IsGreater(Control.GetLabel(1),13)</visible>
				</control>
				<control type="image">
					<include>osd_padding</include>
					<visible>Integer.IsGreater(Control.GetLabel(1),14)</visible>
				</control>
				<control type="image">
					<include>osd_padding</include>
					<visible>Integer.IsGreater(Control.GetLabel(1),15)</visible>
				</control>
				<control type="image">
					<include>osd_padding</include>
					<visible>Integer.IsGreater(Control.GetLabel(1),16)</visible>
				</control>
				<control type="image">
					<include>osd_padding</include>
					<visible>Integer.IsGreater(Control.GetLabel(1),17)</visible>
				</control>
				<control type="image">
					<include>osd_padding</include>
					<visible>Integer.IsGreater(Control.GetLabel(1),18)</visible>
				</control>
				<control type="image">
					<include>osd_padding</include>
					<visible>Integer.IsGreater(Control.GetLabel(1),19)</visible>
				</control>
				<control type="image">
					<include>osd_padding</include>
					<visible>Integer.IsGreater(Control.GetLabel(1),20)</visible>
				</control>
				<control type="image">
					<include>osd_padding</include>
					<visible>Integer.IsGreater(Control.GetLabel(1),21)</visible>
				</control>
				<control type="image">
					<include>osd_padding</include>
					<visible>Integer.IsGreater(Control.GetLabel(1),22)</visible>
				</control>
				<control type="image">
					<include>osd_padding</include>
					<visible>Integer.IsGreater(Control.GetLabel(1),23)</visible>
				</control>
				<control type="image">
					<include>osd_padding</include>
					<visible>Integer.IsGreater(Control.GetLabel(1),24)</visible>
				</control>
				<control type="image">
					<include>osd_padding</include>
					<visible>Integer.IsGreater(Control.GetLabel(1),25)</visible>
				</control>
				<control type="image">
					<include>osd_padding</include>
					<visible>Integer.IsGreater(Control.GetLabel(1),26)</visible>
				</control>
				<control type="image">
					<include>osd_padding</include>
					<visible>Integer.IsGreater(Control.GetLabel(1),27)</visible>
				</control>
				<control type="image">
					<include>osd_padding</include>
					<visible>Integer.IsGreater(Control.GetLabel(1),28)</visible>
				</control>
				<control type="image">
					<include>osd_padding</include>
					<visible>Integer.IsGreater(Control.GetLabel(1),29)</visible>
				</control>
				<control type="image">
					<include>osd_padding</include>
					<visible>Integer.IsGreater(Control.GetLabel(1),30)</visible>
				</control>
				<control type="image">
					<include>osd_padding</include>
					<visible>Integer.IsGreater(Control.GetLabel(1),31)</visible>
				</control>
				<control type="image">
					<include>osd_padding</include>
					<visible>Integer.IsGreater(Control.GetLabel(1),32)</visible>
				</control>
				<control type="image">
					<include>osd_padding</include>
					<visible>Integer.IsGreater(Control.GetLabel(1),33)</visible>
				</control>
				<control type="image">
					<include>osd_padding</include>
					<visible>Integer.IsGreater(Control.GetLabel(1),34)</visible>
				</control>
				<control type="image">
					<include>osd_padding</include>
					<visible>Integer.IsGreater(Control.GetLabel(1),35)</visible>
				</control>
				<control type="image">
					<include>osd_padding</include>
					<visible>Integer.IsGreater(Control.GetLabel(1),36)</visible>
				</control>
				<control type="image">
					<include>osd_padding</include>
					<visible>Integer.IsGreater(Control.GetLabel(1),37)</visible>
				</control>
				<control type="image">
					<include>osd_padding</include>
					<visible>Integer.IsGreater(Control.GetLabel(1),38)</visible>
				</control>
				<control type="image">
					<include>osd_padding</include>
					<visible>Integer.IsGreater(Control.GetLabel(1),39)</visible>
				</control>
				<control type="image">
					<include>osd_padding</include>
					<visible>Integer.IsGreater(Control.GetLabel(1),40)</visible>
				</control>
				<control type="image">
					<include>osd_padding</include>
					<visible>Integer.IsGreater(Control.GetLabel(1),41)</visible>
				</control>
				<control type="image">
					<include>osd_padding</include>
					<visible>Integer.IsGreater(Control.GetLabel(1),42)</visible>
				</control>
				<control type="image">
					<include>osd_padding</include>
					<visible>Integer.IsGreater(Control.GetLabel(1),43)</visible>
				</control>
				<control type="image">
					<include>osd_padding</include>
					<visible>Integer.IsGreater(Control.GetLabel(1),44)</visible>
				</control>
				<control type="image">
					<include>osd_padding</include>
					<visible>Integer.IsGreater(Control.GetLabel(1),45)</visible>
				</control>
				<control type="image">
					<include>osd_padding</include>
					<visible>Integer.IsGreater(Control.GetLabel(1),46)</visible>
				</control>
				<control type="image">
					<include>osd_padding</include>
					<visible>Integer.IsGreater(Control.GetLabel(1),47)</visible>
				</control>
				<control type="image">
					<include>osd_padding</include>
					<visible>Integer.IsGreater(Control.GetLabel(1),48)</visible>
				</control>
				<control type="image">
					<include>osd_padding</include>
					<visible>Integer.IsGreater(Control.GetLabel(1),49)</visible>
				</control>
				<control type="image">
					<include>osd_padding</include>
					<visible>Integer.IsGreater(Control.GetLabel(1),50)</visible>
				</control>
				<control type="image">
					<include>osd_padding</include>
					<visible>Integer.IsGreater(Control.GetLabel(1),51)</visible>
				</control>
				<control type="image">
					<include>osd_padding</include>
					<visible>Integer.IsGreater(Control.GetLabel(1),52)</visible>
				</control>
				<control type="image">
					<include>osd_padding</include>
					<visible>Integer.IsGreater(Control.GetLabel(1),53)</visible>
				</control>
				<control type="image">
					<include>osd_padding</include>
					<visible>Integer.IsGreater(Control.GetLabel(1),54)</visible>
				</control>
				<control type="image">
					<include>osd_padding</include>
					<visible>Integer.IsGreater(Control.GetLabel(1),55)</visible>
				</control>
				<control type="image">
					<include>osd_padding</include>
					<visible>Integer.IsGreater(Control.GetLabel(1),56)</visible>
				</control>
				<control type="image">
					<include>osd_padding</include>
					<visible>Integer.IsGreater(Control.GetLabel(1),57)</visible>
				</control>
				<control type="image">
					<include>osd_padding</include>
					<visible>Integer.IsGreater(Control.GetLabel(1),58)</visible>
				</control>
				<control type="image">
					<include>osd_padding</include>
					<visible>Integer.IsGreater(Control.GetLabel(1),59)</visible>
				</control>
				<control type="image">
					<include>osd_padding</include>
					<visible>Integer.IsGreater(Control.GetLabel(1),60)</visible>
				</control>
				<control type="image">
					<include>osd_padding</include>
					<visible>Integer.IsGreater(Control.GetLabel(1),61)</visible>
				</control>
				<control type="image">
					<include>osd_padding</include>
					<visible>Integer.IsGreater(Control.GetLabel(1),62)</visible>
				</control>
				<control type="image">
					<include>osd_padding</include>
					<visible>Integer.IsGreater(Control.GetLabel(1),63)</visible>
				</control>
				<control type="image">
					<include>osd_padding</include>
					<visible>Integer.IsGreater(Control.GetLabel(1),64)</visible>
				</control>
				<control type="image">
					<include>osd_padding</include>
					<visible>Integer.IsGreater(Control.GetLabel(1),65)</visible>
				</control>
				<control type="image">
					<include>osd_padding</include>
					<visible>Integer.IsGreater(Control.GetLabel(1),66)</visible>
				</control>
				<control type="image">
					<include>osd_padding</include>
					<visible>Integer.IsGreater(Control.GetLabel(1),67)</visible>
				</control>
				<control type="image">
					<include>osd_padding</include>
					<visible>Integer.IsGreater(Control.GetLabel(1),68)</visible>
				</control>
				<control type="image">
					<include>osd_padding</include>
					<visible>Integer.IsGreater(Control.GetLabel(1),69)</visible>
				</control>
				<control type="image">
					<include>osd_padding</include>
					<visible>Integer.IsGreater(Control.GetLabel(1),70)</visible>
				</control>
				<control type="image">
					<include>osd_padding</include>
					<visible>Integer.IsGreater(Control.GetLabel(1),71)</visible>
				</control>
				<control type="image">
					<include>osd_padding</include>
					<visible>Integer.IsGreater(Control.GetLabel(1),72)</visible>
				</control>
				<control type="image">
					<include>osd_padding</include>
					<visible>Integer.IsGreater(Control.GetLabel(1),73)</visible>
				</control>
				<control type="image">
					<include>osd_padding</include>
					<visible>Integer.IsGreater(Control.GetLabel(1),74)</visible>
				</control>
				<control type="image">
					<include>osd_padding</include>
					<visible>Integer.IsGreater(Control.GetLabel(1),75)</visible>
				</control>
				<control type="image">
					<include>osd_padding</include>
					<visible>Integer.IsGreater(Control.GetLabel(1),76)</visible>
				</control>
				<control type="image">
					<include>osd_padding</include>
					<visible>Integer.IsGreater(Control.GetLabel(1),77)</visible>
				</control>
				<control type="image">
					<include>osd_padding</include>
					<visible>Integer.IsGreater(Control.GetLabel(1),78)</visible>
				</control>
				<control type="image">
					<include>osd_padding</include>
					<visible>Integer.IsGreater(Control.GetLabel(1),79)</visible>
				</control>
				<control type="image">
					<include>osd_padding</include>
					<visible>Integer.IsGreater(Control.GetLabel(1),80)</visible>
				</control>
				<control type="image">
					<include>osd_padding</include>
					<visible>Integer.IsGreater(Control.GetLabel(1),81)</visible>
				</control>
				<control type="image">
					<include>osd_padding</include>
					<visible>Integer.IsGreater(Control.GetLabel(1),82)</visible>
				</control>
				<control type="image">
					<include>osd_padding</include>
					<visible>Integer.IsGreater(Control.GetLabel(1),83)</visible>
				</control>
				<control type="image">
					<include>osd_padding</include>
					<visible>Integer.IsGreater(Control.GetLabel(1),84)</visible>
				</control>
				<control type="image">
					<include>osd_padding</include>
					<visible>Integer.IsGreater(Control.GetLabel(1),85)</visible>
				</control>
				<control type="image">
					<include>osd_padding</include>
					<visible>Integer.IsGreater(Control.GetLabel(1),86)</visible>
				</control>
				<control type="image">
					<include>osd_padding</include>
					<visible>Integer.IsGreater(Control.GetLabel(1),87)</visible>
				</control>
				<control type="image">
					<include>osd_padding</include>
					<visible>Integer.IsGreater(Control.GetLabel(1),88)</visible>
				</control>
				<control type="image">
					<include>osd_padding</include>
					<visible>Integer.IsGreater(Control.GetLabel(1),89)</visible>
				</control>
				<control type="group">
					<width>410</width>
					<height>80</height>
					<control type="image">
						<width>410</width>
						<height>80</height>
						<texture>osd/progress_box_offset_10.png</texture>
						<visible>!Integer.IsGreater(Control.GetLabel(1),0) + !String.IsEmpty(Control.GetLabel(1))</visible>
					</control>
					<control type="image">
						<width>410</width>
						<height>80</height>
						<texture>osd/progress_box_offset_9.png</texture>
						<visible>Integer.IsGreater(Control.GetLabel(1),0) + !Integer.IsGreater(Control.GetLabel(1),1)</visible>
					</control>
					<control type="image">
						<width>410</width>
						<height>80</height>
						<texture>osd/progress_box_offset_8.png</texture>
						<visible>Integer.IsGreater(Control.GetLabel(1),1) + !Integer.IsGreater(Control.GetLabel(1),2)</visible>
					</control>
					<control type="image">
						<width>410</width>
						<height>80</height>
						<texture>osd/progress_box_offset_7.png</texture>
						<visible>Integer.IsGreater(Control.GetLabel(1),2) + !Integer.IsGreater(Control.GetLabel(1),3)</visible>
					</control>
					<control type="image">
						<width>410</width>
						<height>80</height>
						<texture>osd/progress_box_offset_6.png</texture>
						<visible>Integer.IsGreater(Control.GetLabel(1),3) + !Integer.IsGreater(Control.GetLabel(1),4)</visible>
					</control>
					<control type="image">
						<width>410</width>
						<height>80</height>
						<texture>osd/progress_box_offset_5.png</texture>
						<visible>Integer.IsGreater(Control.GetLabel(1),4) + !Integer.IsGreater(Control.GetLabel(1),5)</visible>
					</control>
					<control type="image">
						<width>410</width>
						<height>80</height>
						<texture>osd/progress_box_offset_4.png</texture>
						<visible>Integer.IsGreater(Control.GetLabel(1),5) + !Integer.IsGreater(Control.GetLabel(1),6)</visible>
					</control>
					<control type="image">
						<width>410</width>
						<height>80</height>
						<texture>osd/progress_box_offset_3.png</texture>
						<visible>Integer.IsGreater(Control.GetLabel(1),6) + !Integer.IsGreater(Control.GetLabel(1),7)</visible>
					</control>
					<control type="image">
						<width>410</width>
						<height>80</height>
						<texture>osd/progress_box_offset_2.png</texture>
						<visible>Integer.IsGreater(Control.GetLabel(1),7) + !Integer.IsGreater(Control.GetLabel(1),8)</visible>
					</control>
					<control type="image">
						<width>410</width>
						<height>80</height>
						<texture>osd/progress_box_offset_1.png</texture>
						<visible>Integer.IsGreater(Control.GetLabel(1),8) + !Integer.IsGreater(Control.GetLabel(1),9)</visible>
					</control>
					<control type="image">
						<width>410</width>
						<height>80</height>
						<texture>osd/progress_box.png</texture>
						<visible>Integer.IsGreater(Control.GetLabel(1),9) + !Integer.IsGreater(Control.GetLabel(1),90)</visible>
					</control>
					<control type="image">
						<width>410</width>
						<height>80</height>
						<texture flipx="true">osd/progress_box_offset_1.png</texture>
						<visible>Integer.IsGreater(Control.GetLabel(1),90) + !Integer.IsGreater(Control.GetLabel(1),91)</visible>
					</control>
					<control type="image">
						<width>410</width>
						<height>80</height>
						<texture flipx="true">osd/progress_box_offset_2.png</texture>
						<visible>Integer.IsGreater(Control.GetLabel(1),91) + !Integer.IsGreater(Control.GetLabel(1),92)</visible>
					</control>
					<control type="image">
						<width>410</width>
						<height>80</height>
						<texture flipx="true">osd/progress_box_offset_3.png</texture>
						<visible>Integer.IsGreater(Control.GetLabel(1),92) + !Integer.IsGreater(Control.GetLabel(1),93)</visible>
					</control>
					<control type="image">
						<width>410</width>
						<height>80</height>
						<texture flipx="true">osd/progress_box_offset_4.png</texture>
						<visible>Integer.IsGreater(Control.GetLabel(1),93) + !Integer.IsGreater(Control.GetLabel(1),94)</visible>
					</control>
					<control type="image">
						<width>410</width>
						<height>80</height>
						<texture flipx="true">osd/progress_box_offset_5.png</texture>
						<visible>Integer.IsGreater(Control.GetLabel(1),94) + !Integer.IsGreater(Control.GetLabel(1),95)</visible>
					</control>
					<control type="image">
						<width>410</width>
						<height>80</height>
						<texture flipx="true">osd/progress_box_offset_6.png</texture>
						<visible>Integer.IsGreater(Control.GetLabel(1),95) + !Integer.IsGreater(Control.GetLabel(1),96)</visible>
					</control>
					<control type="image">
						<width>410</width>
						<height>80</height>
						<texture flipx="true">osd/progress_box_offset_7.png</texture>
						<visible>Integer.IsGreater(Control.GetLabel(1),96) + !Integer.IsGreater(Control.GetLabel(1),97)</visible>
					</control>
					<control type="image">
						<width>410</width>
						<height>80</height>
						<texture flipx="true">osd/progress_box_offset_8.png</texture>
						<visible>Integer.IsGreater(Control.GetLabel(1),97) + !Integer.IsGreater(Control.GetLabel(1),98)</visible>
					</control>
					<control type="image">
						<width>410</width>
						<height>80</height>
						<texture flipx="true">osd/progress_box_offset_9.png</texture>
						<visible>Integer.IsGreater(Control.GetLabel(1),98) + !Integer.IsGreater(Control.GetLabel(1),99)</visible>
					</control>
					<control type="image">
						<width>410</width>
						<height>80</height>
						<texture flipx="true">osd/progress_box_offset_10.png</texture>
						<visible>Integer.IsGreater(Control.GetLabel(1),99) + !Integer.IsGreater(Control.GetLabel(1),100)</visible>
					</control>
					<control type="image">
						<left>20</left>
						<top>18</top>
						<width>115</width>
						<height>33</height>
						<texture>$VAR[FastForwardRewind]</texture>
						<visible>Player.Forwarding | Player.Rewinding</visible>
					</control>
					<control type="label">
						<top>17</top>
						<width>410</width>
						<height>30</height>
						<align>center</align>
						<aligny>top</aligny>
						<font>Light27</font>
						<textcolor>ffffffff</textcolor>
						<label>$VAR[PlayerTime]</label>
					</control>
				</control>
			</control>
		</control>
	</controls>
</window>