﻿<?xml version="1.0" encoding="UTF-8" standalone="yes"?>
<addon id="script.skin.helper.colorpicker" name="Skin Helper Service ColorPicker" version="1.0.11" provider-name="marcelveldt">
	<requires>
		<import addon="xbmc.python" version="2.24.0"/>
		<import addon="xbmc.addon" version="12.0.0"/>
		<import addon="script.module.pil" version="1.1.7"/>
	</requires>
    <extension point="xbmc.python.library" library="default.py" />
	<extension point="xbmc.addon.metadata">
		<summary lang="en">Colorpicker for Kodi Skins. Part of Skin Helper Suite</summary>
        <description>Colorpicker for Kodi Skins. Part of Skin Helper Suite</description>
		<language></language>
		<platform>all</platform>
		<license>GPL v2.0</license>
		<forum>http://forum.kodi.tv/showthread.php?tid=235676</forum>
		<website></website>
		<source>https://github.com/marcelveldt/script.skin.helper.colorpicker</source>
	</extension>
</addon>