<?xml version="1.0" encoding="UTF-8"?>
<window>
	<!-- volumebar -->
	<zorder>2</zorder>
	<controls>
		<!-- Main group -->
		<control type="group">
			<include>NotificationAnimation</include>
			<centerleft>50%</centerleft>
			<top>26</top>
			<width>738</width>
			<height>163</height>
			<!-- Background image -->
			<control type="image">
				<centerleft>50%</centerleft>
				<width>100%</width>
				<height>100%</height>
				<texture border="4">dialogs/notification_back.png</texture>
			</control>
			<!-- Icon back -->
			<control type="image">
				<left>26</left>
				<top>26</top>
				<width>111</width>
				<height>111</height>
				<texture>dialogs/notification_icon.png</texture>
			</control>
			<!-- Icon -->
			<control type="image">
				<left>26</left>
				<top>26</top>
				<width>111</width>
				<height>111</height>
				<texture>dialogs/notification_volume.png</texture>
			</control>
			<control type="group">
				<visible>!player.passthrough</visible>
				<!-- Heading -->
				<control type="label">
					<left>160</left>
					<top>42</top>
					<width>552</width>
					<height>31</height>
					<font>Light31</font>
					<textcolor>fff6f6f6</textcolor>
					<label>13376</label>
				</control>
				<!-- Details -->
				<control type="label">
					<left>160</left>
					<top>47</top>
					<width>552</width>
					<height>26</height>
					<align>right</align>
					<font>Light26</font>
					<textcolor>fffbbb45</textcolor>
					<label>$INFO[Control.GetLabel(404),,%]</label>
				</control>
				<!-- Progress -->
				<control id="404" type="progress">
					<left>160</left>
					<top>104</top>
					<width>552</width>
					<height>11</height>
					<info>player.volume</info>
				</control>
			</control>
			<control type="group">
				<visible>player.passthrough</visible>
				<!-- Heading -->
				<control type="label">
					<left>160</left>
					<top>42</top>
					<width>552</width>
					<height>31</height>
					<font>Light31</font>
					<textcolor>fff6f6f6</textcolor>
					<label>13376</label>
				</control>
				<!-- Details -->
				<control type="label">
					<left>160</left>
					<top>47</top>
					<width>552</width>
					<height>26</height>
					<align>right</align>
					<font>Light26</font>
					<textcolor>fffbbb45</textcolor>
					<label>29802</label>
				</control>
				<!-- Progress -->
				<control id="404" type="progress">
					<left>160</left>
					<top>104</top>
					<width>552</width>
					<height>11</height>
					<info>player.volume</info>
				</control>
			</control>
		</control>
	</controls>
</window>