<?xml version="1.0" encoding="UTF-8"?>
<window>
	<!-- shutdownmenu -->
	<defaultcontrol always="true">6000</defaultcontrol>
	<animation type="WindowOpen">
		<effect center="auto" tween="circle" easing="out" end="100" start="110" time="400" type="zoom" />
		<effect easing="inout" end="100" start="0" time="400" tween="sine" type="fade" />
	</animation>
	<animation easing="inout" effect="fade" end="0" start="100" time="400" tween="sine">WindowClose</animation>
	<controls>
		<!-- Background -->
		<control type="image">
			<include>FullscreenDimensions</include>
			<texture>special://skin/extras/backgrounds/shutdown.png</texture>
		</control>
		<!-- Time -->
		<control type="grouplist">
			<centerleft>50%</centerleft>
			<top>172</top>
			<width>1920</width>
			<height>148</height>
			<align>center</align>
			<itemgap>0</itemgap>
			<orientation>horizontal</orientation>
			<usecontrolcoords>true</usecontrolcoords>
			<control type="label">
				<width>auto</width>
				<height>148</height>
				<label>$INFO[System.Time(HH)]</label>
				<font>Light148</font>
				<textcolor>ffbfbcbb</textcolor>
			</control>
			<control type="group">
				<width>40</width>
				<height>148</height>
				<visible>SubString(System.Time(ss),0,right) | SubString(System.Time(ss),2,right) | SubString(System.Time(ss),4,right) | SubString(System.Time(ss),6,right) | SubString(System.Time(ss),8,right)</visible>
				<control type="label">
					<top>42</top>
					<width>40</width>
					<height>20</height>
					<label>·</label>
					<font>Light80</font>
					<align>center</align>
					<textcolor>ffbfbcbb</textcolor>
				</control>
				<control type="label">
					<top>96</top>
					<width>40</width>
					<height>20</height>
					<label>·</label>
					<font>Light80</font>
					<align>center</align>
					<textcolor>ffbfbcbb</textcolor>
				</control>
			</control>
			<control type="group">
				<width>40</width>
				<height>148</height>
				<visible>SubString(System.Time(ss),1,right) | SubString(System.Time(ss),3,right) | SubString(System.Time(ss),5,right) | SubString(System.Time(ss),7,right) | SubString(System.Time(ss),9,right)</visible>
				<control type="label">
					<top>42</top>
					<width>40</width>
					<height>20</height>
					<label>·</label>
					<font>Light80</font>
					<align>center</align>
					<textcolor>88bfbcbb</textcolor>
				</control>
				<control type="label">
					<top>96</top>
					<width>40</width>
					<height>20</height>
					<label>·</label>
					<font>Light80</font>
					<align>center</align>
					<textcolor>88bfbcbb</textcolor>
				</control>
			</control>
			<control type="label">
				<width>auto</width>
				<height>148</height>
				<label>$INFO[System.Time(mm)]</label>
				<font>Light148</font>
				<textcolor>ffbfbcbb</textcolor>
			</control>
			<control type="label">
				<top>79</top>
				<width>auto</width>
				<height>58</height>
				<label>$INFO[System.Time(xx)]</label>
				<font>Med58</font>
				<textcolor>ffbfbcbb</textcolor>
				<visible>!IsEmpty(System.Time(xx))</visible>
			</control>
		</control>
		<!-- List -->
		<control id="6000" type="fixedlist">
			<centerleft>50%</centerleft>
			<top>542</top>
			<width>1596</width>
			<height>228</height>
			<scrolltime>0</scrolltime>
			<focusposition>3</focusposition>
			<movement>3</movement>
			<orientation>horizontal</orientation>
			<defaultcontrol always="true">1</defaultcontrol>
			<animation effect="slide" time="0" end="-114,0" condition="StringCompare(Container(6000).NumItems,2) | StringCompare(Container(6000).NumItems,4) | StringCompare(Container(6000).NumItems,6)">Conditional</animation>
			<itemlayout height="228" width="228">
				<control type="image">
					<left>20</left>
					<width>188</width>
					<height>188</height>
					<texture border="3">common/button_nf.png</texture>
				</control>
				<control type="image">
					<left>70</left>
					<top>16</top>
					<width>88</width>
					<height>88</height>
					<texture fallback="shutdown/DefaultShortcut.png">$INFO[ListItem.Icon,shutdown/]</texture>
				</control>
				<control type="textbox">
					<left>30</left>
					<top>102</top>
					<width>168</width>
					<height>66</height>
					<align>center</align>
					<aligny>center</aligny>
					<font>Med23Spaced</font>
					<label>$INFO[ListItem.Label]</label>
					<textcolor>ffa5a5a6</textcolor>
				</control>
			</itemlayout>
			<focusedlayout height="228" width="228">
				<control type="image">
					<left>20</left>
					<width>188</width>
					<height>188</height>
					<texture border="3">common/button_fo.png</texture>
				</control>
				<control type="image">
					<left>70</left>
					<top>16</top>
					<width>88</width>
					<height>88</height>
					<colordiffuse>d9000000</colordiffuse>
					<texture fallback="shutdown/DefaultShortcut.png">$INFO[ListItem.Icon,shutdown/]</texture>
				</control>
				<control type="textbox">
					<left>30</left>
					<top>102</top>
					<width>168</width>
					<height>66</height>
					<align>center</align>
					<aligny>center</aligny>
					<font>Med23Spaced</font>
					<label>$INFO[ListItem.Label]</label>
					<textcolor>ff000000</textcolor>
				</control>
			</focusedlayout>
			<content>
				<include>skinshortcuts-group-shutdown</include>
			</content>
		</control>
	</controls>
</window>