<?xml version="1.0" encoding="UTF-8"?>
<window>
    <!-- PVR Recordings -->
    <backgroundcolor>0xff12161b</backgroundcolor>
    <menucontrol>5000</menucontrol>
    <defaultcontrol always="true">50</defaultcontrol>
    <onload condition="Window.Previous(home) + system.getbool(filelists.showparentdiritems)">Control.Move($VAR[ContainerID],1)</onload>
    <onunload condition="Window.Next(home)">Control.Move($VAR[ContainerID],$INFO[Container.CurrentItem,-])</onunload>
    <onunload condition="Window.Next(home) + !system.getbool(filelists.showparentdiritems)">Control.Move($VAR[ContainerID],1)</onunload>
    <views>50,51,52,53,55,56,57</views>
    <controls>
        <!-- Fanart -->
        <include condition="Skin.HasSetting(EnableFanart)">Fanart</include>
        <!-- Views -->
        <include>Viewtype50</include>
        <include>Viewtype51</include>
        <include>Viewtype52</include>
        <include>Viewtype53</include>
        <include>Viewtype55</include>
        <include>Viewtype56</include>
        <include>Viewtype57</include>
        <control type="group">
            <animation delay="400" effect="fade" end="100" start="0" time="200">WindowOpen</animation>
            <!-- Heading / Current item / Total items -->
            <control type="grouplist">
                <left>198</left>
                <top>134</top>
                <height>60</height>
                <itemgap>10</itemgap>
                <orientation>horizontal</orientation>
                <usecontrolcoords>true</usecontrolcoords>
                <include>VisibleDelayFadeAnimation</include>
                <control type="label">
                    <width>auto</width>
                    <height>60</height>
                    <font>Med48</font>
                    <aligny>bottom</aligny>
                    <textcolor>ffdadada</textcolor>
                    <label>$LOCALIZE[19017]  </label>
                </control>
                <control type="label">
                    <top>15</top>
                    <width>auto</width>
                    <height>60</height>
                    <font>Med32</font>
                    <aligny>bottom</aligny>
                    <textcolor>ffdadada</textcolor>
                    <label>$INFO[Container.CurrentItem]</label>
                    <visible>IntegerGreaterThan(Container.NumItems,0)</visible>
                </control>
                <control type="label">
                    <top>14</top>
                    <width>auto</width>
                    <height>60</height>
                    <font>Light36</font>
                    <aligny>bottom</aligny>
                    <textcolor>ff505050</textcolor>
                    <label>|</label>
                    <visible>IntegerGreaterThan(Container.NumItems,0)</visible>
                </control>
                <control type="label">
                    <top>15</top>
                    <width>auto</width>
                    <height>60</height>
                    <font>Light32</font>
                    <aligny>bottom</aligny>
                    <textcolor>ff505050</textcolor>
                    <label>$INFO[Container.NumItems]</label>
                    <visible>IntegerGreaterThan(Container.NumItems,0)</visible>
                </control>
            </control>
            <!-- Sort method -->
            <control type="grouplist">
                <left>1360</left>
                <top>153</top>
                <width>440</width>
                <height>60</height>
                <align>right</align>
                <itemgap>6</itemgap>
                <orientation>horizontal</orientation>
                <usecontrolcoords>true</usecontrolcoords>
                <include>VisibleDelayFadeAnimation</include>
                <control type="label">
                    <width>auto</width>
                    <height>30</height>
                    <font>Light28</font>
                    <align>right</align>
                    <textcolor>ffa4a4a4</textcolor>
                    <label>$LOCALIZE[31086]</label>
                </control>
                <control type="label">
                    <top>1</top>
                    <width>auto</width>
                    <height>30</height>
                    <align>right</align>
                    <font>Med28</font>
                    <textcolor>ffa4a4a4</textcolor>
                    <label>$INFO[Container.SortMethod]</label>
                </control>
            </control>
            <!-- Lower group -->
            <control type="group">
                <left>196</left>
                <top>807</top>
                <include>VisibleDelayFadeAnimation</include>
                <!-- Controls -->
                <control id="1000" type="grouplist">
                    <left>-10</left>
                    <height>100</height>
                    <itemgap>10</itemgap>
                    <onleft>SetFocus(50)</onleft>
                    <onright>SetFocus(50)</onright>
                    <orientation>horizontal</orientation>
                    <usecontrolcoords>true</usecontrolcoords>
                    <defaultcontrol always="true">1001</defaultcontrol>
                    <!-- Dummy to always set focus to first visible button -->
                    <control id="1001" type="button">
                        <width>-10</width>
                        <height>0</height>
                        <label>-</label>
                        <onfocus>Right</onfocus>
                        <include>NoTextures</include>
                        <visible>!Control.HasFocus(30)</visible>
                    </control>                    
                    <control id="30" type="button">
                        <width min="104" max="224">auto</width>
                        <wrapmultiline>true</wrapmultiline>
                        <height>100</height>
                        <onup>50</onup>
                        <ondown>3000</ondown>
                        <onclick>SetProperty(LabelsDelayFadeAnimation,1,home)</onclick>
                        <onclick>ActivateWindow(tvguide)</onclick>
                        <font>Med24</font>
                        <label>$LOCALIZE[31545]</label>
                        <textoffsetx>28</textoffsetx>
                        <textcolor>ffdadada</textcolor>
                        <focusedcolor>ff222222</focusedcolor>
                        <texturefocus border="13,5,6,8">views/button_fo.png</texturefocus>
                        <texturenofocus border="13,3,6,6">views/button_nf.png</texturenofocus>
                    </control>
                    <control id="34" type="button">
                        <width min="104" max="224">auto</width>
                        <wrapmultiline>true</wrapmultiline>
                        <height>100</height>
                        <onup>50</onup>
                        <ondown>3000</ondown>
                        <onclick>ActivateWindow(TVTimers)</onclick>
                        <font>Med24</font>
                        <label>$LOCALIZE[31548]</label>
                        <textoffsetx>28</textoffsetx>
                        <textcolor>ffdadada</textcolor>
                        <focusedcolor>ff222222</focusedcolor>
                        <texturefocus border="13,5,6,8">views/button_fo.png</texturefocus>
                        <texturenofocus border="13,3,6,6">views/button_nf.png</texturenofocus>
                    </control>
                    <control id="1002" type="button">
                        <width min="104" max="204">auto</width>
                        <wrapmultiline>true</wrapmultiline>
                        <height>100</height>
                        <onup>50</onup>
                        <ondown>3000</ondown>
                        <onclick>SetFocus(5001)</onclick>
                        <font>Med24</font>
                        <label>$LOCALIZE[31089]</label>
                        <textoffsetx>28</textoffsetx>
                        <textcolor>ffdadada</textcolor>
                        <focusedcolor>ff222222</focusedcolor>
                        <texturefocus border="3,5,6,8">views/button_fo.png</texturefocus>
                        <texturenofocus border="3,3,6,6">views/button_nf.png</texturenofocus>
                    </control>
                </control>
                <!-- Small Details -->
                <control type="grouplist">
                    <top>110</top>
                    <height>26</height>
                    <itemgap>10</itemgap>
                    <orientation>horizontal</orientation>
                    <usecontrolcoords>true</usecontrolcoords>
                    <control type="label">
                        <width>auto</width>
                        <height>24</height>
                        <font>Med24Num</font>
                        <aligny>bottom</aligny>
                        <textcolor>ffFFC24B</textcolor>
                        <label>$INFO[ListItem.ChannelName]</label>
                        <visible>!IsEmpty(ListItem.ChannelName)</visible>
                    </control>
                    <control type="label">
                        <width>auto</width>
                        <height>24</height>
                        <font>Med24Num</font>
                        <aligny>bottom</aligny>
                        <textcolor>ffbebebe</textcolor>
                        <label>$VAR[Duration]</label>
                        <visible>!IsEmpty(ListItem.Duration)</visible>
                    </control>
                    <control type="label">
                        <width>auto</width>
                        <height>24</height>
                        <font>Med24Num</font>
                        <aligny>bottom</aligny>
                        <textcolor>ffbebebe</textcolor>
                        <label>[COLOR ff707070]$LOCALIZE[552]: [/COLOR]$INFO[ListItem.Date]</label>
                        <visible>!IsEmpty(ListItem.Date)</visible>
                    </control>
                    <control type="label">
                        <width>auto</width>
                        <height>24</height>
                        <font>Med24Num</font>
                        <aligny>bottom</aligny>
                        <textcolor>ffbebebe</textcolor>
                        <label>$INFO[ListItem.Genre]</label>
                        <visible>!StringCompare(ListItem.Genre,$LOCALIZE[19499])</visible>
                    </control>
                </control>
                <!-- Details -->
                <control type="textbox">
                    <top>143</top>
                    <width>1192</width>
                    <height>84</height>
                    <align>left</align>
                    <font>Reg30Spaced</font>
                    <pagecontrol>99</pagecontrol>
                    <autoscroll>false</autoscroll>
                    <textcolor>ffbcbcbc</textcolor>
                    <label>[B]$INFO[ListItem.Title][/B] $VAR[Plot]</label>
                    <visible>!IsEmpty(ListItem.Title) + !StringCompare(ListItem.Label,..)</visible>
                </control>
                <control type="textbox">
                    <top>143</top>
                    <width>1192</width>
                    <height>84</height>
                    <align>left</align>
                    <font>Reg30Spaced</font>
                    <pagecontrol>99</pagecontrol>
                    <autoscroll>false</autoscroll>
                    <textcolor>ffbcbcbc</textcolor>
                    <label>[B]$INFO[ListItem.Label][/B] $VAR[Plot]</label>
                    <visible>IsEmpty(ListItem.Title) + !StringCompare(ListItem.Label,..)</visible>
                </control>
                <control id="99" type="scrollbar">
                    <top>103</top>
                    <width>1192</width>
                    <height>126</height>
                    <showonepage>false</showonepage>
                    <orientation>vertical</orientation>
                </control>
                <!-- More button -->
                <control id="3000" type="button">
                    <left>1194</left>
                    <top>192</top>
                    <width>37</width>
                    <height>23</height>
                    <onup>50</onup>
                    <ondown>noop</ondown>
                    <onleft>50</onleft>
                    <onright>50</onright>
                    <onclick>SetProperty(OpenTextViewer,1,home)</onclick>
                    <onclick>RunScript(script.toolbox,info=textviewer,header='$ESCINFO[ListItem.Label]',text='$ESCVAR[Plot]')</onclick>
                    <visible>Control.IsVisible(99)</visible>
                    <texturefocus>views/more_fo.png</texturefocus>
                    <texturenofocus>views/more_nf.png</texturenofocus>
                    <visible>!Window.IsVisible(textviewer)</visible>
                </control>
                <!-- More button -->
                <control type="image">
                    <left>1194</left>
                    <top>192</top>
                    <width>37</width>
                    <height>23</height>
                    <texture>views/more_nf.png</texture>
                    <visible>Window.IsVisible(textviewer)</visible>
                </control>
            </control>
        </control>
        <!-- Background -->
        <control type="image">
            <include>FullscreenDimensions</include>
            <texture>dialogs/DialogBackground.png</texture>
            <visible>ControlGroup(5000).HasFocus</visible>
            <animation effect="fade" end="100" start="0" time="120" tween="sine" easing="inout">Visible</animation>
            <animation delay="100" effect="fade" end="0" start="100" time="200" tween="sine" easing="inout">Hidden</animation>
        </control>
        <control type="group">
            <visible>ControlGroup(5000).HasFocus</visible>
            <animation reversible="true" type="Visible">
                <effect center="auto" easing="inout" end="100" start="92" time="120" tween="sine" type="zoom" />
                <effect easing="inout" end="100" start="0" time="120" tween="sine" type="fade" />
            </animation>
            <animation reversible="true" type="Hidden">
                <effect center="auto" easing="inout" end="92" start="100" time="120" tween="sine" type="zoom" />
                <effect easing="inout" end="0" start="100" time="120" tween="sine" type="fade" />
            </animation>
            <!-- Controls -->
            <control type="grouplist" id="5000">
                <centerleft>50%</centerleft>
                <centertop>50%</centertop>
                <width>640</width>
                <height>810</height>
                <onup>noop</onup>
                <ondown>noop</ondown>
                <onleft>50</onleft>
                <onright>50</onright>
                <itemgap>0</itemgap>
                <align>center</align>
                <orientation>vertical</orientation>
                <usecontrolcoords>true</usecontrolcoords>
                <defaultcontrol always="true">5001</defaultcontrol>
                <control type="button" id="5001">
                    <width>-8</width>
                    <height>0</height>
                    <label>-</label>
                    <onfocus>SetFocus(5022)</onfocus>
                    <include>NoTextures</include>
                    <visible>!Control.HasFocus(5022) + !Control.HasFocus(5004) + !Control.HasFocus(14) + !Control.HasFocus(4) + !Control.HasFocus(19) + !Control.HasFocus(5011) + !Control.HasFocus(5013)</visible>
                </control>
                <control type="image" id="5020">
                    <width>640</width>
                    <height>60</height>
                    <texture border="2">dialogs/OptionsBackgroundHeading.png</texture>
                </control>
                <control type="label" id="5021">
                    <left>40</left>
                    <top>-60</top>
                    <width>560</width>
                    <height>60</height>
                    <font>Bold30</font>
                    <textcolor>ffdadada</textcolor>
                    <label>$LOCALIZE[582]:</label>
                </control>
                <control type="button" id="5022">
                    <height>110</height>
                    <width>640</width>
                    <textoffsetx>40</textoffsetx>
                    <textwidth>560</textwidth>
                    <aligny>center</aligny>
                    <font>Light30Spaced</font>
                    <label>$INFO[Container.Viewmode]</label>
                    <onback>50</onback>
                    <onclick>Container.NextViewMode</onclick>
                    <textcolor>ff505153</textcolor>
                    <focusedcolor>ffffaf37</focusedcolor>
                    <texturefocus border="3">dialogs/OptionsBackgroundButtonFO.png</texturefocus>
                    <texturenofocus border="3">dialogs/OptionsBackgroundButtonNF.png</texturenofocus>
                </control>
                <control type="image" id="5002">
                    <width>640</width>
                    <height>60</height>
                    <texture border="2">dialogs/OptionsBackgroundHeading.png</texture>
                    <visible>Control.IsEnabled(3)</visible>
                </control>
                <control type="label" id="5003">
                    <left>40</left>
                    <top>-60</top>
                    <width>560</width>
                    <height>60</height>
                    <font>Bold30</font>
                    <textcolor>ffdadada</textcolor>
                    <label>$LOCALIZE[31092]:</label>
                    <visible>Control.IsEnabled(3)</visible>
                </control>
                <control type="button" id="5004">
                    <height>110</height>
                    <width>640</width>
                    <textoffsetx>40</textoffsetx>
                    <textwidth>560</textwidth>
                    <aligny>center</aligny>
                    <font>Light30Spaced</font>
                    <label>$INFO[Container.SortMethod]</label>
                    <onback>50</onback>
                    <onclick>Container.NextSortMethod</onclick>
                    <textcolor>ff505153</textcolor>
                    <focusedcolor>ffffaf37</focusedcolor>
                    <texturefocus border="3">dialogs/OptionsBackgroundButtonFO.png</texturefocus>
                    <texturenofocus border="3">dialogs/OptionsBackgroundButtonNF.png</texturenofocus>
                    <visible>Control.IsEnabled(3)</visible>
                </control>
                <control type="image" id="5024">
                    <width>640</width>
                    <height>60</height>
                    <texture border="2">dialogs/OptionsBackgroundHeading.png</texture>
                    <visible>Control.IsEnabled(14) + IsEmpty(Container.PluginName)</visible>
                </control>
                <control type="label" id="5025">
                    <left>40</left>
                    <top>-60</top>
                    <width>560</width>
                    <height>60</height>
                    <font>Bold30</font>
                    <textcolor>ffdadada</textcolor>
                    <label>$LOCALIZE[31162]:</label>
                    <visible>Control.IsEnabled(14) + IsEmpty(Container.PluginName)</visible>
                </control>
                <control type="togglebutton" id="14">
                    <height>110</height>
                    <width>640</width>
                    <textoffsetx>40</textoffsetx>
                    <textwidth>560</textwidth>
                    <aligny>center</aligny>
                    <font>Light30Spaced</font>
                    <label>16100</label>
                    <altlabel>16101</altlabel>
                    <onback>50</onback>
                    <textcolor>ff505153</textcolor>
                    <focusedcolor>ffffaf37</focusedcolor>
                    <texturefocus border="3">dialogs/OptionsBackgroundButtonFO.png</texturefocus>
                    <texturenofocus border="3">dialogs/OptionsBackgroundButtonNF.png</texturenofocus>
                    <alttexturefocus border="3">dialogs/OptionsBackgroundButtonFO.png</alttexturefocus>
                    <alttexturenofocus border="3">dialogs/OptionsBackgroundButtonNF.png</alttexturenofocus>
                    <usealttexture>System.Setting(hidewatched)</usealttexture>
                    <visible>Control.IsEnabled(14) + IsEmpty(Container.PluginName)</visible>
                </control>
                <control type="image" id="5005">
                    <width>640</width>
                    <height>60</height>
                    <texture border="2">dialogs/OptionsBackgroundHeading.png</texture>
                    <visible>Control.IsEnabled(4)</visible>
                </control>
                <control type="label" id="5006">
                    <left>40</left>
                    <top>-60</top>
                    <width>560</width>
                    <height>60</height>
                    <font>Bold30</font>
                    <textcolor>ffdadada</textcolor>
                    <label>$LOCALIZE[21429]:</label>
                    <visible>Control.IsEnabled(4)</visible>
                </control>
                <control type="togglebutton" id="4">
                    <height>110</height>
                    <width>640</width>
                    <textoffsetx>40</textoffsetx>
                    <textwidth>560</textwidth>
                    <aligny>center</aligny>
                    <font>Light30Spaced</font>
                    <label>584</label>
                    <altlabel>585</altlabel>
                    <onback>50</onback>
                    <textcolor>ff505153</textcolor>
                    <focusedcolor>ffffaf37</focusedcolor>
                    <texturefocus border="3">dialogs/OptionsBackgroundButtonFO.png</texturefocus>
                    <texturenofocus border="3">dialogs/OptionsBackgroundButtonNF.png</texturenofocus>
                    <alttexturefocus border="3">dialogs/OptionsBackgroundButtonFO.png</alttexturefocus>
                    <alttexturenofocus border="3">dialogs/OptionsBackgroundButtonNF.png</alttexturenofocus>
                    <usealttexture>Container.SortDirection(Descending)</usealttexture>
                    <visible>Control.IsEnabled(4)</visible>
                </control>
                <control type="image" id="5007">
                    <width>640</width>
                    <height>60</height>
                    <texture border="2">dialogs/OptionsBackgroundHeading.png</texture>
                    <visible>Container.CanFilter + !Container.CanFilterAdvanced</visible>
                </control>
                <control type="label" id="5008">
                    <left>40</left>
                    <top>-60</top>
                    <width>560</width>
                    <height>60</height>
                    <font>Bold30</font>
                    <textcolor>ffdadada</textcolor>
                    <label>$LOCALIZE[31093]:</label>
                    <visible>Container.CanFilter + !Container.CanFilterAdvanced</visible>
                </control>
                <control type="edit" id="19">
                    <height>110</height>
                    <width>640</width>
                    <textoffsetx>40</textoffsetx>
                    <textwidth>560</textwidth>
                    <aligny>center</aligny>
                    <font>Light30Spaced</font>
                    <onback>50</onback>
                    <textcolor>ff505153</textcolor>
                    <focusedcolor>ffffaf37</focusedcolor>
                    <texturefocus border="3">dialogs/OptionsBackgroundButtonFO.png</texturefocus>
                    <texturenofocus border="3">dialogs/OptionsBackgroundButtonNF.png</texturenofocus>
                    <visible>Container.CanFilter + !Container.CanFilterAdvanced</visible>
                </control>
                <control type="image" id="5009">
                    <width>640</width>
                    <height>60</height>
                    <texture border="2">dialogs/OptionsBackgroundHeading.png</texture>
                    <visible>Container.CanFilterAdvanced</visible>
                </control>
                <control type="label" id="5010">
                    <left>40</left>
                    <top>-60</top>
                    <width>560</width>
                    <height>60</height>
                    <font>Bold30</font>
                    <textcolor>ffdadada</textcolor>
                    <label>$LOCALIZE[587]:</label>
                    <visible>Container.CanFilterAdvanced</visible>
                </control>
                <control type="radiobutton" id="5011">
                    <height>110</height>
                    <width>640</width>
                    <textoffsetx>40</textoffsetx>
                    <textwidth>560</textwidth>
                    <aligny>center</aligny>
                    <font>Light30Spaced</font>
                    <label>$VAR[FilterButton]</label>
                    <onback>50</onback>
                    <onclick>SetFocus(50)</onclick>
                    <onclick>Filter</onclick>
                    <textcolor>ff505153</textcolor>
                    <focusedcolor>ffffaf37</focusedcolor>
                    <texturefocus border="3">dialogs/OptionsBackgroundButtonFO.png</texturefocus>
                    <texturenofocus border="3">dialogs/OptionsBackgroundButtonNF.png</texturenofocus>
                    <textureradioonfocus>-</textureradioonfocus>
                    <textureradioonnofocus>-</textureradioonnofocus>
                    <textureradioofffocus>-</textureradioofffocus>
                    <textureradiooffnofocus>-</textureradiooffnofocus>
                    <visible>Container.CanFilterAdvanced</visible>
                </control>
                <control type="image" id="5012">
                    <width>640</width>
                    <height>110</height>
                    <texture border="2">dialogs/OptionsBackgroundButtonDone.png</texture>
                </control>
                <control type="button" id="5013">
                    <centerleft>50%</centerleft>
                    <top>-97</top>
                    <bottom>0</bottom>
                    <width>412</width>
                    <height>84</height>
                    <align>center</align>
                    <aligny>top</aligny>
                    <onback>50</onback>
                    <onclick>SetFocus(50)</onclick>
                    <font>Med24</font>
                    <label>20177</label>
                    <textoffsety>27</textoffsety>
                </control>
            </control>
        </control>
    </controls>
</window>