<?xml version="1.0" encoding="UTF-8"?>
<window>
	<!-- movieinformation -->
	<defaultcontrol always="true">1004</defaultcontrol>
	<onload>Control.Move(5000,$INFO[Container(5000).CurrentItem,-])</onload>
	<onload>Control.Move(5000,1)</onload>
	<onload>Control.Move(50,$INFO[Container(50).CurrentItem,-])</onload>
	<onload>Control.Move(50,1)</onload>
	<onload condition="String.IsEqual(Window(home).Property(SkinHelper.ListItem.Status),Ended)">SetProperty(ShowStatus,Ended,home)</onload>
	<onunload>ClearProperty(ShowStatus,home)</onunload>
	<onunload>ClearProperty(Similar,home)</onunload>
	<onunload>ClearProperty(Details,home)</onunload>
	<onunload condition="!String.IsEmpty(Window(home).Property(InfoDialogCloseFocus))">SetFocus(9999)</onunload>
	<!--<onunload>SetFocus(50)</onunload>-->
	<animation effect="fade" end="100" start="100" time="200">WindowClose</animation>
	<controls>
		<include condition="String.IsEqual(ListItem.DBType,movie) | String.IsEqual(ListItem.DBType,season) | String.IsEqual(ListItem.DBType,episode) | String.IsEqual(ListItem.DBType,tvshow)">IncludeDialogInfoDefault</include>
		<include condition="![String.IsEqual(ListItem.DBType,movie) | String.IsEqual(ListItem.DBType,season) | String.IsEqual(ListItem.DBType,episode) | String.IsEqual(ListItem.DBType,tvshow)]">IncludeDialogInfoSpecial</include>
	</controls>
</window>