<?xml version="1.0" encoding="UTF-8"?>
<window id="1113" type="dialog">
	<zorder>2</zorder>
	<defaultcontrol always="true">3000</defaultcontrol>
	<onload>Dialog.Close(fullscreeninfo,true)</onload>
	<onload>Dialog.Close(videoosd,true)</onload>
	<onunload>ClearProperty(ShowXray,home)</onunload>	
	<animation effect="fade" end="0" start="0" time="10">WindowClose</animation>
	<controls>
		<control type="image">
			<include>FullscreenDimensions</include>
			<texture>special://skin/extras/backgrounds/default.png</texture>
			<colordiffuse>EFFFFFFF</colordiffuse>
		</control>
		<control type="group">
			<left>90</left>
			<top>99</top>
			<control type="image">
				<width>336</width>
				<height>336</height>
				<texture>common/default_empty.png</texture>				
			</control>
			<control type="image">
				<width>336</width>
				<height>336</height>
				<texture fallback="views/pvr_fallback.png">$INFO[VideoPlayer.Cover]</texture>
				<aspectratio aligny="center" align="center">keep</aspectratio>
			</control>
			<control type="progress">
				<top>324</top>
				<width>336</width>
				<height>12</height>
				<info>Player.Progress</info>
				<texturebg border="2">views/ProgressBack.png</texturebg>
				<lefttexture>-</lefttexture>
				<midtexture border="2">views/ProgressBar.png</midtexture>
				<righttexture>-</righttexture>
				<overlaytexture>-</overlaytexture>
			</control>
		</control>
		<control type="group">
			<left>460</left>
			<top>99</top>
			<control type="label">
				<top>-7</top>
				<width>1270</width>
				<height>48</height>
				<font>Med48</font>
				<scroll>true</scroll>
				<textcolor>ffdadada</textcolor>
				<scrollspeed>100</scrollspeed>
				<label>$INFO[VideoPlayer.Title]</label>
			</control>
			<control type="label">
				<top>50</top>
				<width>1270</width>
				<height>48</height>
				<font>Reg30Spaced</font>
				<scroll>true</scroll>
				<textcolor>ffFFC24B</textcolor>
				<label>[LIGHT]$INFO[VideoPlayer.ChannelName][/LIGHT]</label>
			</control>
			<control type="grouplist">
				<top>110</top>
				<width>1192</width>
				<height>200</height>
				<itemgap>0</itemgap>
				<orientation>vertical</orientation>
				<control type="textbox">
					<width>1192</width>
					<height>40</height>
					<align>left</align>
					<font>Reg30Spaced</font>
					<autoscroll>false</autoscroll>
					<textcolor>ffbbbbbb</textcolor>
					<label>[LIGHT]$INFO[VideoPlayer.StartTime,[B]$LOCALIZE[31534]:[/B] , - ]$INFO[VideoPlayer.EndTime][/LIGHT]</label>
				</control>
				<control type="textbox">
					<width>1192</width>
					<height>40</height>
					<align>left</align>
					<font>Reg30Spaced</font>
					<autoscroll>false</autoscroll>
					<textcolor>ffbbbbbb</textcolor>
					<label>[LIGHT][B]$LOCALIZE[180]:[/B] $VAR[HourPlayerDuration]$VAR[MinutePlayerDuration][/LIGHT]</label>
					<visible>!String.IsEmpty(Player.Duration)</visible>
				</control>
				<control type="textbox">
					<width>1192</width>
					<height>40</height>
					<align>left</align>
					<font>Reg30Spaced</font>
					<autoscroll>false</autoscroll>
					<textcolor>ffbbbbbb</textcolor>
					<label>[LIGHT]$INFO[VideoPlayer.Genre,[B]$LOCALIZE[515]:[/B] ][/LIGHT]</label>
				</control>
			</control>
			<control type="group">
				<top>285</top>
				<control type="label">
					<width>742</width>
					<height>32</height>
					<align>left</align>
					<font>Med32</font>
					<textcolor>ffdadada</textcolor>
					<label>$LOCALIZE[207]</label>
				</control>
				<control type="textbox">
					<top>56</top>
					<width>1192</width>
					<height>388</height>
					<align>left</align>
					<font>Light30</font>
					<autoscroll>false</autoscroll>
					<textcolor>ffa4a4a4</textcolor>
					<pagecontrol>96</pagecontrol>
					<label fallback="135">$INFO[VideoPlayer.EpisodeName,,[CR][CR]]$INFO[VideoPlayer.Plot]</label>
				</control>
				<control id="96" type="scrollbar">
					<left>-1200</left>
					<top>10</top>
					<width>792</width>
					<height>528</height>
					<showonepage>false</showonepage>
					<orientation>vertical</orientation>
				</control>
				<control id="3000" type="button">
					<left>1194</left>
					<top>413</top>
					<width>37</width>
					<height>23</height>
					<onclick condition="Control.IsVisible(96)">RunScript(script.toolbox,info=textviewer,header=,text='$ESCINFO[VideoPlayer.Plot]')</onclick>
					<onclick condition="!Control.IsVisible(96)">close</onclick>
					<onup>close</onup>
					<ondown>close</ondown>
					<onleft>close</onleft>
					<onright>close</onright>
					<texturefocus>views/more_fo.png</texturefocus>
					<texturenofocus>views/more_nf.png</texturenofocus>
					<animation effect="fade" time="0" start="100" end="0" condition="!Control.IsVisible(96)">Conditional</animation>
				</control>
			</control>
			<control type="group">
				<top>770</top>
				<control type="label">
					<width>470</width>
					<height>32</height>
					<align>left</align>
					<font>Med32</font>
					<textcolor>ffdadada</textcolor>
					<label>$LOCALIZE[31164]</label>
					<visible>!String.IsEmpty(VideoPlayer.NextStartTime)</visible>
				</control>
				<control type="grouplist">
					<top>50</top>
					<width>1192</width>
					<height>528</height>
					<orientation>vertical</orientation>
					<itemgap>5</itemgap>
					<control type="textbox">
						<width>1192</width>
						<height max="100">auto</height>
						<align>left</align>
						<font>Reg30Spaced</font>
						<autoscroll>false</autoscroll>
						<textcolor>ffbbbbbb</textcolor>
						<label>[LIGHT]$INFO[VideoPlayer.NextTitle]$INFO[VideoPlayer.NextGenre, (,)][/LIGHT]</label>
					</control>
					<control type="textbox">
						<width>1192</width>
						<height>auto</height>
						<align>left</align>
						<font>Reg30Spaced</font>
						<autoscroll>false</autoscroll>
						<textcolor>ffbbbbbb</textcolor>
						<label>[LIGHT]$INFO[VideoPlayer.NextStartTime,[B]$LOCALIZE[31534]:[/B] , - ]$INFO[VideoPlayer.NextEndTime][/LIGHT]</label>						
					</control>
				</control>
			</control>
		</control>
	</controls>
</window>