<?xml version="1.0" encoding="UTF-8"?>
<window>
	<!-- virtualkeyboard -->
	<defaultcontrol always="true">21</defaultcontrol>
	<zorder>99</zorder>
	<animation type="WindowOpen">
		<effect center="auto" tween="circle" easing="out" end="100" start="110" time="200" type="zoom" />
		<effect easing="inout" end="100" start="0" time="200" tween="sine" type="fade" />
	</animation>
	<animation easing="inout" effect="fade" end="0" start="100" time="200" tween="sine">WindowClose</animation>
	<controls>
		<!-- Background -->
		<control type="image">
			<include>FullscreenDimensions</include>
			<texture>special://skin/extras/backgrounds/default.png</texture>
			<colordiffuse>EFFFFFFF</colordiffuse>
			<visible>!Window.IsVisible(virtualkeyboard)</visible>
		</control>
		<!-- Control group -->
		<control type="group">
			<centerleft>50%</centerleft>
			<centertop>50%</centertop>
			<width>788</width>
			<height>608</height>
			<!-- Heading -->
			<control id="1" type="label">
				<width>788</width>
				<height>36</height>
				<font>LightCap36</font>
				<textcolor>ffdadada</textcolor>
			</control>
			<!-- Edit -->
			<control id="4" type="label">
				<top>70</top>
				<width>788</width>
				<height>48</height>
				<scroll>true</scroll>
				<font>Light39</font>
				<textcolor>ffdadada</textcolor>
				<disabledcolor>ff414141</disabledcolor>
				<focusedcolor>ffffc24b</focusedcolor>
			</control>
			<!-- Edit Text line -->
			<control type="image">
				<top>126</top>
				<width>788</width>
				<height>2</height>
				<texture border="1">dialogs/KeyboardEditLine.png</texture>
			</control>
			<!-- Keys -->
			<control type="group">
				<top>152</top>
				<width>788</width>
				<!-- First row -->
				<control id="1000" type="grouplist">
					<width>788</width>
					<height>168</height>
					<itemgap>12</itemgap>
					<onleft>11</onleft>
					<onright>16</onright>
					<orientation>horizontal</orientation>
					<!-- '1' -->
					<control id="11" type="button">
						<ondown>16</ondown>
						<label>12311</label>
						<include>NumericButtons</include>
					</control>
					<!-- '2' -->
					<control id="12" type="button">
						<ondown>17</ondown>
						<label>12312</label>
						<include>NumericButtons</include>
					</control>
					<!-- '3' -->
					<control id="13" type="button">
						<ondown>18</ondown>
						<label>12313</label>
						<include>NumericButtons</include>
					</control>
					<!-- '4' -->
					<control id="14" type="button">
						<ondown>19</ondown>
						<label>12314</label>
						<include>NumericButtons</include>
					</control>
					<!-- '5' -->
					<control id="15" type="button">
						<ondown>10</ondown>
						<label>12315</label>
						<include>NumericButtons</include>
					</control>
				</control>
				<!-- Second row -->
				<control id="2000" type="grouplist">
					<top>160</top>
					<width>788</width>
					<height>168</height>
					<itemgap>12</itemgap>
					<onup>1000</onup>
					<onleft>15</onleft>
					<onright>20</onright>
					<orientation>horizontal</orientation>
					<!-- '6' -->
					<control id="16" type="button">
						<onup>11</onup>
						<ondown>20</ondown>
						<label>12316</label>
						<include>NumericButtons</include>
					</control>
					<!-- '7' -->
					<control id="17" type="button">
						<onup>12</onup>
						<ondown>23</ondown>
						<label>12317</label>
						<include>NumericButtons</include>
					</control>
					<!-- '8' -->
					<control id="18" type="button">
						<onup>13</onup>
						<ondown>23</ondown>
						<label>12318</label>
						<include>NumericButtons</include>
					</control>
					<!-- '9' -->
					<control id="19" type="button">
						<onup>14</onup>
						<ondown>301</ondown>
						<label>12319</label>
						<include>NumericButtons</include>
					</control>
					<!-- '0' -->
					<control id="10" type="button">
						<onup>15</onup>
						<ondown>21</ondown>
						<label>12310</label>
						<include>NumericButtons</include>
					</control>
				</control>
				<!-- Third row -->
				<control id="3000" type="grouplist">
					<top>320</top>
					<width>788</width>
					<height>78</height>
					<itemgap>12</itemgap>
					<onleft>10</onleft>
					<onright>21</onright>
					<orientation>horizontal</orientation>
					<!-- Previous -->
					<control id="20" type="button">
						<onup>16</onup>
						<label>&lt;</label>
						<include>KeyboardButtons</include>
					</control>
					<!-- Next -->
					<control id="22" type="button">
						<onup>16</onup>
						<label>&gt;</label>
						<include>KeyboardButtons</include>
					</control>
					<!-- BACKSPACE -->
					<control id="23" type="button">
						<onup>17</onup>
						<width>228</width>
						<label>20181</label>
						<include>KeyboardButtons</include>
					</control>
					<!-- Cancel Button -->
					<control id="301" type="button">
						<onup>19</onup>
						<width>228</width>
						<label>222</label>
						<onclick>Close</onclick>
						<include>KeyboardButtons</include>
					</control>
					<!-- Done -->
					<control id="21" type="button">
						<onup>10</onup>
						<width>148</width>
						<label>20177</label>
						<include>KeyboardButtons</include>
					</control>
				</control>
			</control>
		</control>
	</controls>
</window>