<?xml version="1.0" encoding="UTF-8"?>
<window>
	<defaultcontrol always="true">10</defaultcontrol>
	<controls>
		<!-- HiddenControl -->
		<control type="button" id="10">
			<include>HiddenControl</include>
			<onleft>back</onleft>
			<onright>back</onright>
			<ondown>back</ondown>
			<onup>back</onup>
		</control>
		<!-- Pause -->
		<control type="group">			
			<visible>Window.IsVisible(fullscreenvideo) + Player.Paused + !Player.Caching + !Window.IsVisible(script-script.extendedinfo-DialogVideoInfo.xml) + !Window.IsVisible(script-script.extendedinfo-DialogInfo.xml)</visible>
			<control type="image">
				<width>1980</width>
				<height>210</height>
				<texture border="1">osd/mask_top.png</texture>
			</control>
			<include>PlayerTitles</include>
			<control type="image" id="99">
				<centerleft>50%</centerleft>
				<centertop>50%</centertop>
				<width>321</width>
				<height>341</height>
				<texture>osd/Pause.png</texture>
			</control>
		</control>
		<!-- Process Info -->
		<control type="group">
			<bottom>0</bottom>
			<height>255</height>
			<!-- Background -->
			<control type="image">  
				<width>1920</width>
				<height>255</height>
				<texture>osd/mask.png</texture>
			</control>
			<!-- Heading label -->
			<control type="label">
				<left>92</left>
				<top>20</top>
				<height>36</height>
				<font>Bold30</font>
				<textcolor>ffdadada</textcolor>
				<label>$LOCALIZE[31297]</label>
			</control>
			<!-- Left Grouplist -->
			<control type="grouplist">
				<left>87</left>
				<top>60</top>
				<width>805</width>
				<height>348</height>
				<itemgap>0</itemgap>
				<orientation>vertical</orientation>
				<scrolltime tween="sine" easing="out">240</scrolltime>
				<control type="label">
					<height>58</height>
					<font>Light32</font>
					<textoffsetx>5</textoffsetx>
					<textcolor>44ffffff</textcolor>
					<shadowcolor>ff000000</shadowcolor>
					<scroll>true</scroll>
					<label>$VAR[CPUload,$LOCALIZE[13271] , - ]$VAR[videohwdecoder]</label>
				</control>
				<control type="label">
					<height>58</height>
					<font>Light32</font>
					<textoffsetx>5</textoffsetx>
					<textcolor>44ffffff</textcolor>
					<shadowcolor>ff000000</shadowcolor>
					<label>$LOCALIZE[157]:$INFO[Player.Process(videodecoder), ]$INFO[Player.Process(pixformat), ]</label>
					<visible>!String.IsEmpty(Player.Process(videodecoder)) | !String.IsEmpty(Player.Process(pixformat))</visible>
				</control>
				<control type="label">
					<height>58</height>
					<font>Light32</font>
					<textoffsetx>5</textoffsetx>
					<textcolor>44ffffff</textcolor>
					<shadowcolor>ff000000</shadowcolor>
					<label>$INFO[Player.Process(deintmethod),$LOCALIZE[16038]: ]</label>
					<visible>!String.IsEmpty(Player.Process(deintmethod))</visible>
				</control>
			</control>
			<!-- Right Grouplist -->
			<control type="grouplist">
				<right>87</right>
				<top>60</top>
				<width>805</width>
				<height>348</height>
				<itemgap>0</itemgap>
				<onleft>noop</onleft>
				<onright>noop</onright>
				<onup>noop</onup>
				<ondown>noop</ondown>
				<orientation>vertical</orientation>
				<scrolltime tween="sine" easing="out">240</scrolltime>
				<control type="label">
					<height>58</height>
					<font>Light32</font>
					<textoffsetx>5</textoffsetx>
					<textcolor>44ffffff</textcolor>
					<shadowcolor>ff000000</shadowcolor>
					<align>right</align>
					<label>$LOCALIZE[169]:$INFO[Player.Process(videowidth), ,x]$INFO[Player.Process(videoheight),,px]$INFO[Player.Process(videodar), ,AR]$INFO[Player.Process(videofps), ,FPS]</label>
					<visible>!String.IsEmpty(Player.Process(videowidth)) | !String.IsEmpty(Player.Process(videoheight)) | !String.IsEmpty(Player.Process(videodar))</visible>
				</control>
				<control type="label">
					<height>58</height>
					<font>Light32</font>
					<textoffsetx>5</textoffsetx>
					<textcolor>44ffffff</textcolor>
					<shadowcolor>ff000000</shadowcolor>
					<align>right</align>
					<label>$LOCALIZE[292]:$INFO[Player.Process(audiodecoder), ]$INFO[Player.Process(audiobitspersample), ,Bit]$INFO[Player.Process(audiosamplerate), ,Hz]</label>
					<visible>!String.IsEmpty(Player.Process(audiodecoder)) | !String.IsEmpty(Player.Process(audiosamplerate)) | !String.IsEmpty(Player.Process(audiobitspersample))</visible>
				</control>
				<control type="label">
					<height>58</height>
					<font>Light32</font>
					<textoffsetx>5</textoffsetx>
					<textcolor>44ffffff</textcolor>
					<shadowcolor>ff000000</shadowcolor>
					<align>right</align>
					<label>$INFO[Player.Process(audiochannels),$LOCALIZE[19019]: ]</label>
					<visible>!String.IsEmpty(Player.Process(audiochannels))</visible>
				</control>
			</control>
		</control>
	</controls>
</window>