<?xml version="1.0" encoding="UTF-8"?>
<window>
	<!-- musicosd -->
	<onload condition="!Skin.HasSetting(HideOSDControls)">SetFocus(304)</onload>
	<onload condition="Skin.HasSetting(HideOSDControls)">SetFocus(400)</onload>
	<onunload>ClearProperty(ShowOptions,home)</onunload>
	<controls>
		<control type="group">
			<animation effect="fade" start="100" end="0" time="200" condition="Window.IsVisible(visualisationpresetlist) | Window.IsVisible(addonsettings) | Window.IsVisible(selectdialog)">Conditional</animation>
			<control type="image">
				<width>1920</width>
				<height>210</height>
				<texture border="1">osd/mask_top.png</texture>
			</control>
			<control type="image">
				<bottom>0</bottom>
				<width>1920</width>
				<height>720</height>
				<texture border="1">osd/mask_bottom.png</texture>
				<visible>!String.IsEmpty(Window(home).Property(ShowOptions)) + !ControlGroup(1000).HasFocus + ![Player.Forwarding | Player.Rewinding]</visible>
			</control>
			<control type="image">
				<bottom>0</bottom>
				<width>1980</width>
				<height>120</height>
				<texture>osd/mask.png</texture>
				<visible>String.IsEmpty(Window(home).Property(ShowOptions)) | ControlGroup(1000).HasFocus | [Player.Forwarding | Player.Rewinding]</visible>
			</control>			
			<include>PlayerTitles</include>		
			<!-- Pause -->
			<control type="image" id="99">
				<centerleft>50%</centerleft>
				<centertop>50%</centertop>
				<width>321</width>
				<height>341</height>
				<texture>osd/Pause.png</texture>
				<visible>Player.Paused</visible>
			</control>
			<!--  Progress bar -->
			<control id="99" type="progress">
				<left>92</left>
				<bottom>93</bottom>
				<width>1735</width>
				<height>11</height>
				<reveal>true</reveal>
				<info>Player.Progress</info>
				<texturebg border="4">osd/progress_back.png</texturebg>
				<lefttexture>-</lefttexture>
				<midtexture border="4">osd/progress_bar.png</midtexture>
				<righttexture>-</righttexture>
				<overlaytexture>-</overlaytexture>
			</control>
			<control type="grouplist">
				<left>92</left>
				<bottom>38</bottom>
				<width>800</width>
				<height>40</height>
				<itemgap>4</itemgap>
				<orientation>horizontal</orientation>
				<usecontrolcoords>true</usecontrolcoords>
				<!--  Current position -->
				<control type="label">
					<width>auto</width>
					<height>34</height>
					<font>Light27</font>
					<textcolor>fff3f3f3</textcolor>
					<label>$VAR[PlayerTime]</label>
				</control>
				<!--  Divider -->
				<control type="label">
					<width>auto</width>
					<height>34</height>
					<font>Light27</font>
					<textcolor>ff696969</textcolor>
					<label>/</label>
					<visible>!String.IsEmpty(Player.Time) + !String.IsEmpty(Player.Duration)</visible>
				</control>
				<!--  Total length -->
				<control type="label">
					<width>auto</width>
					<height>34</height>
					<font>Light27</font>
					<textcolor>ff696969</textcolor>
					<label>$VAR[PlayerDuration]</label>
				</control>
			</control>
			<control id="300" type="grouplist">
				<centerleft>50%</centerleft>
				<bottom>26</bottom>
				<width>800</width>
				<height>64</height>
				<onup condition="!Player.Forwarding + !Player.Rewinding">SetProperty(ShowOptions,1,home)</onup>
				<onup condition="!Player.Forwarding + !Player.Rewinding">201</onup>
				<itemgap>0</itemgap>
				<align>center</align>
				<orientation>horizontal</orientation>
				<defaultcontrol always="true">204</defaultcontrol>
				<visible>!Skin.HasSetting(HideOSDControls)</visible>
				<!-- Skip Back -->
				<control type="button" id="301">
					<width>64</width>
					<height>64</height>
					<font>-</font>
					<texturefocus>osd/osd_prev_fo.png</texturefocus>
					<texturenofocus>osd/osd_prev_nf.png</texturenofocus>
					<onclick>PlayerControl(Previous)</onclick>
				</control>
				<!-- Rewind -->
				<control type="button" id="302">
					<width>64</width>
					<height>64</height>
					<font>-</font>
					<texturefocus>osd/osd_rw_fo.png</texturefocus>
					<texturenofocus>osd/osd_rw_nf.png</texturenofocus>
					<onclick>PlayerControl(Rewind)</onclick>
				</control>
				<!-- Stop -->
				<control type="button" id="303">
					<width>64</width>
					<height>64</height>
					<font>-</font>
					<texturefocus>osd/osd_stop_fo.png</texturefocus>
					<texturenofocus>osd/osd_stop_nf.png</texturenofocus>
					<onclick>PlayerControl(Stop)</onclick>
				</control>
				<!-- Play/Pause -->
				<control type="togglebutton" id="304">
					<width>64</width>
					<height>64</height>
					<font>-</font>
					<texturefocus>osd/osd_pause_fo.png</texturefocus>
					<texturenofocus>osd/osd_pause_nf.png</texturenofocus>
					<usealttexture>Player.Paused | Player.Forwarding | Player.Rewinding</usealttexture>
					<alttexturefocus>osd/osd_play_fo.png</alttexturefocus>
					<alttexturenofocus>osd/osd_play_nf.png</alttexturenofocus>
					<onclick>PlayerControl(Play)</onclick>
				</control>
				<!-- Fast Forward -->
				<control type="button" id="305">
					<width>64</width>
					<height>64</height>
					<font>-</font>
					<texturefocus>osd/osd_ff_fo.png</texturefocus>
					<texturenofocus>osd/osd_ff_nf.png</texturenofocus>
					<onclick>PlayerControl(Forward)</onclick>
				</control>
				<!-- Next -->
				<control type="button" id="306">
					<width>64</width>
					<height>64</height>
					<font>-</font>
					<texturefocus>osd/osd_next_fo.png</texturefocus>
					<texturenofocus>osd/osd_next_nf.png</texturenofocus>
					<onclick>PlayerControl(Next)</onclick>
				</control>
			</control>
			<!-- Options HiddenControl -->
			<control type="button" id="400">
				<visible>Skin.HasSetting(HideOSDControls)</visible>
				<include>HiddenControl</include>
				<onclick>SetProperty(ShowOptions,1,home)</onclick>
				<onclick>8</onclick>
			</control>
			<!--Xray Icon-->
			<control type="grouplist">
				<visible>!Player.Forwarding + !Player.Rewinding</visible>
				<right>92</right>
				<bottom>40</bottom>
				<height>40</height>
				<itemgap>10</itemgap>
				<align>right</align>
				<orientation>horizontal</orientation>
				<usecontrolcoords>true</usecontrolcoords>
				<control type="label">
					<top>4</top>
					<width>auto</width>
					<height>30</height>
					<font>Reg27</font>
					<textcolor>fff3f3f3</textcolor>
					<label>    $LOCALIZE[33063]</label>
				</control>
				<control type="image">
					<width>40</width>
					<height>40</height>
					<texture>osd/select.png</texture>
					<visible>false</visible>
				</control>
				<control type="image">
					<width>40</width>
					<height>40</height>
					<texture>osd/select.png</texture>
					<visible>Skin.HasSetting(HideOSDControls)</visible>
				</control>
				<control type="image">
					<width>40</width>
					<height>40</height>
					<texture>osd/x_ray.png</texture>
					<visible>!Skin.HasSetting(HideOSDControls)</visible>
				</control>
			</control>
			<!-- Options -->
			<control type="group">
				<visible allowhiddenfocus="true">!Player.Forwarding + !Player.Rewinding + !String.IsEmpty(Window(home).Property(ShowOptions)) + !ControlGroup(1000).HasFocus</visible>		
				<control id="200" type="grouplist">
					<right>92</right>
					<bottom>128</bottom>
					<width>600</width>
					<height>600</height>
					<align>right</align>
					<itemgap>0</itemgap>
					<onleft>noop</onleft>
					<onright>noop</onright>
					<ondown condition="!Skin.HasSetting(HideOSDControls)">304</ondown>
					<ondown condition="Skin.HasSetting(HideOSDControls)">400</ondown>
					<ondown>ClearProperty(ShowOptions,home)</ondown>
					<orientation>vertical</orientation>
					<!-- Lyrics -->
					<control type="button" id="9">
						<align>right</align>
						<width>600</width>
						<height>58</height>
						<font>Light32</font>
						<textcolor>ffffffff</textcolor>
						<shadowcolor>ff000000</shadowcolor>
						<focusedcolor>ffffc04b</focusedcolor>
						<label>24013</label>
						<texturefocus>-</texturefocus>
						<texturenofocus>-</texturenofocus>
						<onclick>Close</onclick>
						<onclick condition="String.IsEmpty(Skin.String(LyricAddon))">Skin.SetAddon(LyricAddon,xbmc.python.lyrics)</onclick>
						<onclick condition="!String.IsEmpty(Skin.String(LyricAddon))">XBMC.RunScript($INFO[Skin.String(LyricAddon)])</onclick>
					</control>
					<!-- Playlist -->
					<control type="button" id="10">
						<align>right</align>
						<width>600</width>
						<height>58</height>
						<font>Light32</font>
						<textcolor>ffffffff</textcolor>
						<shadowcolor>ff000000</shadowcolor>
						<focusedcolor>ffffc04b</focusedcolor>
						<label>559</label>
						<texturefocus>-</texturefocus>
						<texturenofocus>-</texturenofocus>
						<onclick>Close</onclick>
						<onclick condition="Window.IsVisible(script-cu-lrclyrics-main.xml)">Close</onclick>
						<onclick>ActivateWindow(MusicPlaylist)</onclick>
						<visible>Integer.IsGreater(MusicPlayer.PlaylistLength,1)</visible>
					</control>
					<!-- Visualisation Options -->
					<control type="button" id="202">
						<width>600</width>
						<height>58</height>
						<font>Light32</font>
						<align>right</align>
						<textcolor>ffffffff</textcolor>
						<shadowcolor>ff000000</shadowcolor>
						<focusedcolor>ffffc04b</focusedcolor>
						<label>$LOCALIZE[250]</label>
						<texturefocus>-</texturefocus>
						<texturenofocus>-</texturenofocus>
						<onclick>SetFocus(1100)</onclick>
					</control>
					<!-- Repeat -->
					<control type="button" id="7">
						<align>right</align>
						<width>600</width>
						<height>58</height>
						<font>Light32</font>
						<textcolor>ffffffff</textcolor>
						<shadowcolor>ff000000</shadowcolor>
						<focusedcolor>ffffc04b</focusedcolor>
						<label>$LOCALIZE[486]$INFO[Playlist.Repeat, : ]</label>
						<texturefocus>-</texturefocus>
						<texturenofocus>-</texturenofocus>
						<onclick>PlayerControl(Repeat)</onclick>
					</control>
					<!-- Random -->
					<control type="togglebutton" id="8">
						<align>right</align>
						<width>600</width>
						<height>58</height>
						<font>Light32</font>
						<textcolor>ffffffff</textcolor>
						<shadowcolor>ff000000</shadowcolor>
						<focusedcolor>ffffc04b</focusedcolor>
						<label>$LOCALIZE[590]$VAR[RandomLabel, : ]</label>
						<texturefocus>-</texturefocus>
						<texturenofocus>-</texturenofocus>
						<onclick>PlayerControl(Random)</onclick>
					</control>
					<!-- User rating -->
					<control type="button" id="201">
						<width>600</width>
						<height>58</height>
						<font>Light32</font>
						<align>right</align>
						<textcolor>ffffffff</textcolor>
						<shadowcolor>ff000000</shadowcolor>
						<focusedcolor>ffffc04b</focusedcolor>
						<label>$LOCALIZE[31194]</label>
						<texturefocus>-</texturefocus>
						<texturenofocus>-</texturenofocus>
						<onclick>SetProperty(SetUserRating,music,home)</onclick>
						<onclick>setrating</onclick>
					</control>
				</control>
			</control>
			<!-- Fanart Options -->
			<control id="1000" type="group" >
				<visible allowhiddenfocus="true">ControlGroup(1000).HasFocus + !Player.Rewinding + !Player.Forwarding</visible>
				<animation effect="fade" start="100" end="0" time="100" condition="Window.IsVisible(selectdialog)">Conditional</animation>
				<top>635</top>
				<!-- Background -->
				<control type="image">
					<bottom>120</bottom>
					<width>1920</width>
					<height>265</height>
					<texture>osd/mask.png</texture>
				</control>
				<!-- Left Grouplist -->
				<control type="group">
					<bottom>0</bottom>
					<height>368</height>
					<control type="label">
						<left>92</left>
						<height>36</height>
						<font>Bold30</font>
						<label>$LOCALIZE[250]</label>
						<textcolor>ffdadada</textcolor>
					</control>
					<control type="grouplist" id="1100">
						<left>81</left>
						<bottom>0</bottom>
						<height>320</height>
						<width>805</width>
						<itemgap>10</itemgap>
						<onleft>SetFocus(202)</onleft>
						<onback>SetFocus(20)</onback>
						<onright>SetFocus(1200)</onright>
						<onup>noop</onup>
						<ondown condition="!Skin.HasSetting(HideOSDControls)">SetFocus(304)</ondown>
						<ondown condition="Skin.HasSetting(HideOSDControls)">SetFocus(400)</ondown>
						<ondown>ClearProperty(ShowOptions,home)</ondown>
						<orientation>vertical</orientation>
						<scrolltime tween="sine" easing="out">240</scrolltime>
						<control id="1101" type="button">
							<width>300</width>
							<height>58</height>
							<font>Reg22</font>
							<textoffsetx>34</textoffsetx>
							<texturefocus border="13,5,6,8">views/button_fo.png</texturefocus>
							<texturenofocus border="13,5,6,8">views/button_nf.png</texturenofocus>
							<label>$LOCALIZE[21417]</label>
							<onclick>Addon.Default.OpenSettings(xbmc.player.musicviz)</onclick>
							<onback>SetFocus(202)</onback>
							<enable>Visualisation.Enabled</enable>
						</control>
						<control id="1102" type="button">
							<width>300</width>
							<height>58</height>
							<font>Reg22</font>
							<label>$LOCALIZE[31047]</label>
							<textoffsetx>34</textoffsetx>
							<texturefocus border="13,5,6,8">views/button_fo.png</texturefocus>
							<texturenofocus border="13,5,6,8">views/button_nf.png</texturenofocus>
							<onclick>ActivateWindow(122)</onclick>
							<onback>SetFocus(202)</onback>
							<enable>Visualisation.Enabled</enable>
						</control>
						<control id="500" type="button">
							<width>300</width>
							<height>58</height>
							<font>Reg22</font>
							<label>$LOCALIZE[12006]</label>
							<textoffsetx>34</textoffsetx>
							<texturefocus border="13,5,6,8">views/button_fo.png</texturefocus>
							<texturenofocus border="13,5,6,8">views/button_nf.png</texturenofocus>							
							<onback>SetFocus(202)</onback>
						</control>
					</control>
				</control>
				<!-- Right Grouplist -->
				<control type="group">
					<bottom>130</bottom>
					<right>92</right>
					<width>298</width>
					<height>140</height>
					<control type="label">
						<height>36</height>
						<font>Bold30</font>
						<label>$LOCALIZE[31313]</label>
						<textcolor>ffdadada</textcolor>
					</control>
					<control type="grouplist" id="1200">
						<width>298</width>
						<bottom>0</bottom>
						<height>90</height>
						<itemgap>14</itemgap>
						<onback>SetFocus(202)</onback>
						<onright>SetFocus(202)</onright>
						<onleft>SetFocus(1100)</onleft>
						<onup>noop</onup>
						<ondown condition="!Skin.HasSetting(HideOSDControls)">SetFocus(304)</ondown>
						<ondown condition="Skin.HasSetting(HideOSDControls)">SetFocus(400)</ondown>
						<ondown>ClearProperty(ShowOptions,home)</ondown>
						<orientation>horizontal</orientation>
						<scrolltime tween="sine" easing="out">240</scrolltime>
						<control type="togglebutton" id="1201">
							<width>90</width>
							<height>90</height>
							<font>Reg22</font>
							<textoffsetx>5</textoffsetx>
							<align>center</align>
							<texturefocus>common/ghost_button_nf.png</texturefocus>
							<texturenofocus>common/ghost_button_nf.png</texturenofocus>
							<alttexturefocus>common/ghost_button_nf.png</alttexturefocus>
							<alttexturenofocus>common/ghost_button_nf.png</alttexturenofocus>
							<usealttexture>Skin.HasSetting(VisFanartDisabled)</usealttexture>
							<wrapmultiline>true</wrapmultiline>
							<label>$LOCALIZE[16041]</label>
							<altlabel>$LOCALIZE[351]</altlabel>
							<focusedcolor>ffffaf37</focusedcolor>
							<disabledcolor>44ffffff</disabledcolor>
							<onclick>Skin.ToggleSetting(VisFanartDisabled)</onclick>
							<onback>SetFocus(202)</onback>
						</control>
						<control type="togglebutton" id="1202">
							<width>90</width>
							<height>90</height>
							<font>Reg22</font>
							<textoffsetx>5</textoffsetx>
							<align>center</align>
							<texturefocus>common/ghost_button_nf.png</texturefocus>
							<texturenofocus>common/ghost_button_nf.png</texturenofocus>
							<alttexturefocus>common/ghost_button_nf.png</alttexturefocus>
							<alttexturenofocus>common/ghost_button_nf.png</alttexturenofocus>
							<usealttexture>Skin.HasSetting(VisRandomFanart)</usealttexture>
							<wrapmultiline>true</wrapmultiline>
							<label>Multi[CR]$LOCALIZE[351]</label>
							<altlabel>Multi[CR]$LOCALIZE[16041]</altlabel>
							<focusedcolor>ffffaf37</focusedcolor>
							<disabledcolor>44ffffff</disabledcolor>
							<onclick>Skin.ToggleSetting(VisRandomFanart)</onclick>
							<onback>SetFocus(202)</onback>
							<enable>!Skin.HasSetting(VisFanartDisabled)</enable>
						</control>
						<control type="togglebutton" id="1203">
							<width>90</width>
							<height>90</height>
							<font>Reg22</font>
							<textoffsetx>5</textoffsetx>
							<align>center</align>
							<texturefocus>common/ghost_button_nf.png</texturefocus>
							<texturenofocus>common/ghost_button_nf.png</texturenofocus>
							<alttexturefocus>common/ghost_button_nf.png</alttexturefocus>
							<alttexturenofocus>common/ghost_button_nf.png</alttexturenofocus>
							<usealttexture>Skin.HasSetting(VisAnimation)</usealttexture>
							<wrapmultiline>true</wrapmultiline>
							<label>Zoom[CR]$LOCALIZE[351]</label>
							<altlabel>Zoom[CR]$LOCALIZE[16041]</altlabel>
							<focusedcolor>ffffaf37</focusedcolor>
							<disabledcolor>44ffffff</disabledcolor>
							<onclick>Skin.ToggleSetting(VisAnimation)</onclick>
							<onback>SetFocus(202)</onback>
							<enable>!Skin.HasSetting(VisFanartDisabled)</enable>
						</control>
					</control>
				</control>
			</control>
		</control>
	</controls>
</window>