<?xml version="1.0" encoding="UTF-8"?>
<window>
	<!-- smartplaylistrule -->
	<defaultcontrol always="true">15</defaultcontrol>
	<controls>
		<include>DialogBackgroundImage</include>
		<!-- Main group -->
		<control type="group">
			<include>DialogAnimation</include>
			<centerleft>50%</centerleft>
			<centertop>50%</centertop>
			<width>1200</width>
			<height>312</height>
			<control type="image">
				<width>1200</width>
				<height>312</height>
				<texture>dialogs/rule_back.png</texture>
			</control>
			<!-- Heading -->
			<control type="label" id="0">
				<left>40</left>
				<top>14</top>
				<height>30</height>
				<width>940</width>
				<aligny>center</aligny>
				<font>Bold30</font>
				<label>21422</label>
				<textcolor>ffdadada</textcolor>
			</control>
			<!-- Left group -->
			<control type="group" id="100">
				<top>60</top>
				<width>800</width>
				<height>336</height>
				<!-- Rule Field -->
				<control type="button" id="15">
					<width>800</width>
					<height>84</height>
					<onleft>noop</onleft>
					<onright>9001</onright>
					<onup>noop</onup>
					<ondown>16</ondown>
					<font>Light32</font>
					<textcolor>ff505153</textcolor>
					<focusedcolor>ffffaf37</focusedcolor>
					<label>$LOCALIZE[20427]</label>
					<textoffsetx>40</textoffsetx>
					<texturefocus border="3">settings/button_focus.png</texturefocus>
					<texturenofocus border="3">settings/button_no_focus.png</texturenofocus>
					<aligny>center</aligny>
				</control>
				<control type="label">
					<left>40</left>
					<width>620</width>
					<height>84</height>
					<font>Light32</font>
					<textcolor>ff505153</textcolor>
					<label>$INFO[Control.GetLabel(15)]</label>
					<visible>!Control.HasFocus(15)</visible>
				</control>
				<!-- Rule operator -->
				<control type="button" id="16">
					<top>84</top>
					<width>800</width>
					<height>84</height>
					<onleft>noop</onleft>
					<onright>9001</onright>
					<onup>15</onup>
					<ondown>17</ondown>
					<font>Light32</font>
					<textcolor>ff505153</textcolor>
					<focusedcolor>ffffaf37</focusedcolor>
					<label>$LOCALIZE[16023]</label>
					<textoffsetx>40</textoffsetx>
					<texturefocus border="3">settings/button_focus.png</texturefocus>
					<texturenofocus border="3">settings/button_no_focus.png</texturenofocus>
					<aligny>center</aligny>
				</control>
				<control type="label">
					<top>84</top>
					<left>40</left>
					<width>620</width>
					<height>84</height>
					<font>Light32</font>
					<textcolor>ff505153</textcolor>
					<label>$INFO[Control.GetLabel(16)]</label>
					<visible>!Control.HasFocus(16)</visible>
				</control>
				<!-- Value edit -->
				<control type="edit" id="17">
					<top>168</top>
					<width>500</width>
					<height>84</height>
					<onup>16</onup>
					<onleft>noop</onleft>
					<onright>20</onright>
					<ondown>noop</ondown>
					<font>Light32</font>
					<textoffsetx>40</textoffsetx>
					<textcolor>ff505153</textcolor>
					<focusedcolor>ffffaf37</focusedcolor>
					<hinttext>...</hinttext>
					<texturefocus border="3">settings/button_focus.png</texturefocus>
					<texturenofocus border="3">settings/button_no_focus.png</texturenofocus>
				</control>
				<!-- Browse Button -->
				<control type="button" id="20">
					<left>500</left>
					<top>168</top>
					<width>300</width>
					<height>84</height>
					<onleft>17</onleft>
					<onright>9001</onright>
					<onup>16</onup>
					<ondown>noop</ondown>
					<font>Light32</font>
					<align>center</align>
					<textoffsetx>40</textoffsetx>
					<textcolor>ff505153</textcolor>
					<focusedcolor>ffffaf37</focusedcolor>
					<texturefocus border="3">settings/button_focus.png</texturefocus>
					<texturenofocus border="3">settings/button_no_focus.png</texturenofocus>
					<label>1024</label>
				</control>
				<control type="image">
					<left>500</left>
					<top>168</top>
					<height>84</height>
					<width>40</width>
					<texture border="0,20,0,0">common/shadow_hard.png</texture>
				</control>
			</control>
			<!-- Button grouplist -->
			<control type="grouplist" id="9001">
				<right>24</right>
				<bottom>33</bottom>
				<width>351</width>
				<height>420</height>
				<onleft>100</onleft>
				<onright>noop</onright>
				<onup>noop</onup>
				<ondown>noop</ondown>
				<onback>100</onback>
				<itemgap>10</itemgap>
				<align>right</align>
				<!-- Cancel Button -->
				<control type="button" id="19">
					<width>351</width>
					<height>76</height>
					<aligny>top</aligny>
					<font>Med24</font>
					<textoffsetx>23</textoffsetx>
					<textoffsety>27</textoffsety>
					<label>222</label>
					<visible>Control.IsEnabled(19)</visible>
				</control>
				<!-- OK Button -->
				<control type="button" id="18">
					<width>351</width>
					<height>76</height>
					<aligny>top</aligny>
					<font>Med24</font>
					<textoffsetx>23</textoffsetx>
					<textoffsety>27</textoffsety>
					<label>186</label>
					<visible>Control.IsEnabled(18)</visible>
				</control>
			</control>
		</control>
	</controls>
</window>