<?xml version="1.0" encoding="UTF-8"?>
<window>
	<defaultcontrol always="true">200</defaultcontrol>
	<zorder>0</zorder>
	<include>dialogeffect</include>
	<controls>
		<control type="image">
			<description>Background fade</description>
			<width>100%</width>
			<height>100%</height>
			<texture>emby-bg-fade.png</texture>
		</control>
		
		<control type="group">
			<width>600</width>
			<left>35%</left>
			<top>15%</top>
			<control type="image">
				<description>Background box</description>
				<texture colordiffuse="ff111111">white.png</texture>
				<width>600</width>
				<height>700</height>
			</control>

			<control type="group" id="202">
				<top>705</top>
				<visible>False</visible>
				<control type="image">
					<description>Error box</description>
					<texture colordiffuse="ff222222">white.png</texture>
					<width>100%</width>
					<height>50</height>
				</control>

				<control type="label" id="203">
					<description>Error message</description>
					<textcolor>white</textcolor>
					<font>font10</font>
					<aligny>center</aligny>
					<align>center</align>
					<height>50</height>
				</control>
			</control>
			
			<control type="image">
				<description>Emby logo</description>
				<texture>logo-white.png</texture>
				<width>160</width>
				<height>49</height>
				<top>30</top>
				<left>25</left>
			</control>
			
			<control type="group">
				<width>500</width>
				<left>50</left>
				<control type="label">
					<description>Sign in emby connect</description>
					<label>$ADDON[plugin.video.emby 30600]</label>
					<textcolor>white</textcolor>
					<font>font12</font>
					<aligny>top</aligny>
					<top>115</top>
				</control>
				
				<control type="group">
					<top>190</top>
					<control type="label">
						<description>Username email</description>
						<label>$ADDON[plugin.video.emby 30543]</label>
						<textcolor>ffa6a6a6</textcolor>
						<font>font10</font>
						<aligny>top</aligny>
					</control>

					<control type="image">
						<description>separator</description>
						<width>102%</width>
						<height>0.5</height>
						<top>66</top>
						<left>-10</left>
						<texture colordiffuse="ff525252" border="90,3,90,3">emby-separator.png</texture>
					</control>
				</control>
				
				<control type="group">
					<description>Password</description>
					<top>275</top>
					<control type="label">
						<description>Password label</description>
						<label>$ADDON[plugin.video.emby 30602]</label>
						<textcolor>ffa6a6a6</textcolor>
						<font>font10</font>
						<aligny>top</aligny>
					</control>

					<control type="image">
						<description>separator</description>
						<width>102%</width>
						<height>0.5</height>
						<top>66</top>
						<left>-10</left>
						<texture colordiffuse="ff525252" border="90,3,90,3">emby-separator.png</texture>
					</control>
				</control>

				<control type="group">
					<description>Buttons</description>
					<top>385</top>
					<control type="button" id="200">
						<description>Sign in</description>
						<texturenofocus border="5" colordiffuse="ff0b8628">box.png</texturenofocus>
						<texturefocus border="5" colordiffuse="ff13a134">box.png</texturefocus>
						<label>[UPPERCASE][B]$ADDON[plugin.video.emby 30605][/B][/UPPERCASE]</label>
						<font>font10</font>
						<textcolor>ffa6a6a6</textcolor>
						<focusedcolor>white</focusedcolor>
						<align>center</align>
						<width>100%</width>
						<height>50</height>
						<ondown>201</ondown>
					</control>
					
					<control type="button" id="201">
						<description>Cancel</description>
						<texturenofocus border="5" colordiffuse="ff464646">box.png</texturenofocus>
						<texturefocus border="5" colordiffuse="ff525252">box.png</texturefocus>
						<label>[UPPERCASE][B]$ADDON[plugin.video.emby 30606][/B][/UPPERCASE]</label>
						<font>font10</font>
						<textcolor>ffa6a6a6</textcolor>
						<focusedcolor>white</focusedcolor>
						<align>center</align>
						<width>100%</width>
						<height>50</height>
						<top>55</top>
						<onup>200</onup>
					</control>
				</control>

				<control type="group">
					<description>Disclaimer</description>
					<top>510</top>
					<control type="label">
						<description>Disclaimer label</description>
						<label>$ADDON[plugin.video.emby 30603]</label>
						<font>font10</font>
						<textcolor>ff464646</textcolor>
						<wrapmultiline>true</wrapmultiline>
						<aligny>top</aligny>
						<width>340</width>
						<height>100%</height>
					</control>

					<control type="group">
						<control type="label">
							<description>Scan me</description>
							<label>[UPPERCASE]$ADDON[plugin.video.emby 30604][/UPPERCASE]</label>
							<font>font12</font>
							<textcolor>ff0b8628</textcolor>
							<aligny>top</aligny>
							<width>200</width>
							<top>120</top>
							<left>230</left>
						</control>

						<control type="image">
							<description>qrcode</description>
							<texture>qrcode_disclaimer.png</texture>
							<width>140</width>
							<height>140</height>
							<top>10</top>
							<left>360</left>
						</control>
					</control>
				</control>
			</control>
		</control>
	</controls>
</window>