<?xml version="1.0" encoding="UTF-8"?>
<window id="1148" type="dialog">
	<zorder>999</zorder>
	<visible>String.IsEqual(System.ScreenHeight,1200) | String.IsEqual(System.ScreenHeight,1600) | String.IsEqual(System.ScreenHeight,2400)| String.IsEqual(System.ScreenHeight,3200)</visible>
	<controls>
		<control type="image">
			<centertop>50%</centertop>
			<width>1920</width>
			<height>1440</height>
			<texture>common/widescreen_mask.png</texture>
			<colordiffuse>ff000000</colordiffuse>
		</control>
	</controls>
</window>