<?xml version="1.0" encoding="UTF-8"?>
<window>
	<defaultcontrol always="true">4012</defaultcontrol>
	<onload>Dialog.Close(fullscreeninfo,true)</onload>
	<onload>Dialog.Close(videoosd,true)</onload>
	<controls>
		<control type="label" id="4000">
			<visible>false</visible>
		</control>
		<control type="image" id="4001">
			<visible>false</visible>
		</control>
		<control type="image" id="4002">
			<visible>false</visible>
		</control>
		<control type="label" id="4003">
			<visible>false</visible>
		</control>
		<control type="label" id="4004">
			<visible>false</visible>
		</control>
		<control type="image" id="4005">
			<visible>false</visible>
		</control>
		<control type="textbox" id="4006">
			<visible>false</visible>
		</control>
		<control type="image" id="4007">
			<visible>false</visible>
		</control>
		<control type="label" id="4008">
			<visible>false</visible>
		</control>
		<control type="label" id="4009">
			<visible>false</visible>
		</control>
		<control type="label" id="4011">
			<visible>false</visible>
		</control>
		<control type="label" id="4018">
			<visible>false</visible>
		</control>
		<!-- Main group -->
		<control type="group">
			<animation easing="inout" effect="slide" end="0,0" start="0,-424" time="120" tween="sine" delay="1500">WindowOpen</animation>
			<animation easing="inout" effect="slide" end="0,-424" start="0,0" time="120" tween="sine">WindowClose</animation>
			<centerleft>50%</centerleft>
			<width>716</width>
			<height>414</height>
			<!-- Background -->
			<control type="image">
				<top>42</top>
				<centerleft>50%</centerleft>
				<width>666</width>
				<height>364</height>
				<include>MessageBackground</include>
			</control>
			<!-- icon -->
			<control type="group">
				<top>13</top>
				<left>-10</left>
				<width>116</width>
				<height>116</height>
				<!-- Icon back -->
				<control type="image">
					<width>116</width>
					<height>116</height>
					<texture>dialogs/progress/bg.png</texture>
				</control>
				<control type="image">
					<width>116</width>
					<height>116</height>
					<texture>dialogs/progress/bg_circle.png</texture>
				</control>
				<!-- Icon -->
				<control type="image">
					<width>116</width>
					<height>116</height>
					<texture>dialogs/icons/question.png</texture>
				</control>
			</control>
			<!-- Heading -->
			<control type="label">
				<left>122</left>
				<top>29</top>
				<width>736</width>
				<height>54</height>
				<font>Light30</font>
				<textcolor>fff4f4f4</textcolor>
				<label>31542</label>
			</control>
			<control type="label">
				<left>122</left>
				<top>56</top>
				<width>736</width>
				<height>54</height>
				<font>Reg27</font>
				<textcolor>ff7f7f7f</textcolor>
				<label>31543</label>
			</control>
			<!-- Text line -->
			<control type="image">
				<top>142</top>
				<centerleft>50%</centerleft>
				<width>768</width>
				<height>2</height>
				<texture border="1">dialogs/KeyboardEditLine2.png</texture>
			</control>
			<!-- Details -->
			<control type="textbox">
				<centerleft>50%</centerleft>
				<top>175</top>
				<width>100%</width>
				<height>146</height>
				<font>Light28</font>
				<textcolor>ff9d9d9d</textcolor>
				<label>$LOCALIZE[31540]</label>
			</control>
			<!-- No -->
			<control id="4013" type="button">
				<left>-5</left>
				<bottom>-17</bottom>
				<width>363</width>
				<height>76</height>
				<align>center</align>
				<aligny>top</aligny>
				<onleft>noop</onleft>
				<onright>4012</onright>
				<font>MedUpper24</font>
				<textoffsety>27</textoffsety>
				<label>222</label>
			</control>
			<!-- Yes -->
			<control id="4012" type="button">
				<right>-5</right>
				<bottom>-17</bottom>
				<width>363</width>
				<height>76</height>
				<align>center</align>
				<aligny>top</aligny>
				<onleft>4013</onleft>
				<onright>noop</onright>
				<font>MedUpper24</font>
				<textoffsety>27</textoffsety>
				<label>31541</label>
			</control>
		</control>
		<!-- Popup -->
		<control type="group">
			<animation effect="fade" end="100" start="0" time="200" condition="Window.IsVisible(script-nextup-notification-NextUpInfo.xml)">Conditional</animation>
			<right>90</right>
			<bottom>90</bottom>
			<width>378</width>
			<height>456</height>
			<control type="image">
				<top>70</top>
				<width>378</width>
				<height>295</height>
				<texture>views/episode_fallback.png</texture>
				<aspectratio>scale</aspectratio>
			</control>
			<control type="image">
				<top>70</top>
				<width>378</width>
				<height>295</height>
				<aspectratio>scale</aspectratio>
				<texture>$VAR[NextUpThumb]</texture>
			</control>
			<control type="image">
				<top>70</top>
				<width>378</width>
				<height>295</height>
				<aspectratio align="center">scale</aspectratio>
				<texture>views/episode_fallback.png</texture>
				<visible>Skin.HasSetting(HideUnwatchedThumbs) + !Integer.IsGreater(Control.GetLabel(4018),0)</visible>
			</control>
			<control type="image">
				<top>70</top>
				<width>90</width>
				<height>90</height>
				<texture>views/OverlayHD.png</texture>
				<visible>Integer.IsGreater(Control.GetLabel(4011),709)</visible>
			</control>
			<!-- icon -->
			<control type="group">
				<top>70</top>
				<width>378</width>
				<height>295</height>
				<!-- Icon back -->
				<control type="image">
					<centertop>50%</centertop>
					<centerleft>50%</centerleft>
					<width>116</width>
					<height>116</height>
					<texture>dialogs/progress/bg.png</texture>
				</control>
				<!-- Icon progress -->
				<control type="image">
					<centertop>50%</centertop>
					<centerleft>50%</centerleft>
					<width>116</width>
					<height>116</height>
					<texture fallback="osd/nextup/countdown/30-30.png">osd/nextup/countdown/30-$INFO[Player.TimeRemaining(ss)].png</texture>
				</control>
				<!-- Icon -->
				<control type="image">
					<centertop>50%</centertop>
					<centerleft>50%</centerleft>
					<width>116</width>
					<height>116</height>
					<texture>dialogs/icons/play.png</texture>
				</control>
			</control>
			<control type="image">
				<top>365</top>
				<width>378</width>
				<height>68</height>
				<texture>osd/nextup/background.png</texture>
			</control>
			<control type="image">
				<top>22</top>
				<left>-48</left>
				<width>473</width>
				<height>459</height>
				<texture border="51">views/shadow_fo.png</texture>
				<colordiffuse>abffffff</colordiffuse>
			</control>
			<!--  Next up label -->
			<control type="label">
				<width>auto</width>
				<height>50</height>
				<font>Med40</font>
				<textcolor>ffffffff</textcolor>
				<shadowcolor>ff080808</shadowcolor>
				<label>31164</label>
			</control>
			<!--  Next episode label -->
			<control type="label">
				<top>379</top>
				<width>378</width>
				<height>40</height>
				<font>Light28</font>
				<align>center</align>
				<textcolor>ff000000</textcolor>
				<label>$INFO[Control.GetLabel(4008),$LOCALIZE[20373] ], $INFO[Control.GetLabel(4009),Ep. ]</label>
			</control>
			<!--  Close NextUp label -->
			<control type="label">
				<top>464</top>
				<width>378</width>
				<height>40</height>
				<font>Light27</font>
				<textcolor>ffffffff</textcolor>
				<shadowcolor>ff080808</shadowcolor>
				<label>$LOCALIZE[31220]</label>
			</control>
			<!--  Close NextUp image -->
			<control type="image">
				<right>0</right>
				<top>463</top>
				<width>44</width>
				<height>44</height>
				<texture>osd/nextup/back.png</texture>
			</control>
		</control>
	</controls>
</window>