﻿<?xml version="1.0" encoding="UTF-8" standalone="yes"?>
<addon id="repository.exodus" version="1.2.1" name="Exodus repository" provider-name="Exodus">
	<extension point="xbmc.addon.repository" name="Exodus repository">
        <info>http://mirrors.kodi.tv/addons/krypton/addons.xml.gz</info>
        <checksum>http://mirrors.kodi.tv/addons/krypton/addons.xml.gz.md5</checksum>
        <datadir>http://mirrors.kodi.tv/addons/krypton</datadir>
        <hashes>true</hashes>
    </extension>
	<extension point="xbmc.addon.metadata">
		<summary lang="en">Exodus repository</summary>
		<description lang="en">Exodus repository</description>
		<platform>all</platform>
	</extension>
</addon>

