<?xml version="1.0" encoding="utf-8"?>
<window>
	<!-- home -->
	<menucontrol>333</menucontrol>
	<backgroundcolor>0xff12161b</backgroundcolor>
	<defaultcontrol>90</defaultcontrol>
	<onload condition="!Skin.HasSetting(PreloadDeactivated) + !String.IsEmpty(Window(home).Property(ReloadTriggered))">ClearProperty(PreloadDone,home)</onload>
	<onload condition="[String.IsEqual(Skin.String(QuestionsAsked),1) + !Window.Previous(startup) + !Skin.HasSetting(PreloadDeactivated) + String.IsEmpty(Window(home).Property(PreloadDone))] | [!String.IsEmpty(Window(home).Property(ReloadTriggered)) + !Skin.HasSetting(PreloadDeactivated)]">SetProperty(Preload,1,home)</onload>
	<!-- Clear properties -->
	<onload>ClearProperty(ReloadTriggered,home)</onload>
	<onload>ClearProperty(ItemHasWidget,home)</onload>
	<onload>ClearProperty(BounceRight,Home)</onload>
	<!-- Build menu -->
	<onload>RunScript(script.skinshortcuts,type=buildxml&amp;mainmenuID=99&amp;levels=0&amp;group=mainmenu|shutdown)</onload>
	<controls>
		<control type="group">
			<!-- Hidden controls to get sure that the widget animations are going to be triggered -->
			<control type="group" id="31">
				<animation reversible="false" effect="slide" end="0,0" time="250">Hidden</animation>
				<visible>Container(99).OnPrevious</visible>
			</control>
			<control type="group" id="32">
				<animation reversible="false" effect="slide" end="0,0" time="250">Hidden</animation>
				<visible>Container(99).OnNext</visible>					
			</control>
			<!-- Hidden control to load weather conditions -->
			<control type="label">
				<font>-</font>
				<label>$INFO[Weather.Conditions]</label>
			</control>
			<!-- Fake context menu -->
			<control type="button" id="333">
				<visible>String.IsEmpty(Window(home).Property(ReloadTriggered))</visible>
				<include>HiddenControl</include>
				<onfocus condition="String.StartsWith(Container(99).ListItem.Property(ftvWidget),widget)">SetProperty(ItemHasWidget,1,home)</onfocus>
				<onfocus condition="String.IsEqual(Container(99).ListItem.Property(ftvWidget),widget1)">SetProperty(SubMenu,1000,home)</onfocus>
				<onfocus condition="String.IsEqual(Container(99).ListItem.Property(ftvWidget),widget2)">SetProperty(SubMenu,2000,home)</onfocus>
				<onfocus condition="String.IsEqual(Container(99).ListItem.Property(ftvWidget),widget3)">SetProperty(SubMenu,3000,home)</onfocus>
				<onfocus condition="String.IsEqual(Container(99).ListItem.Property(ftvWidget),widget4)">SetProperty(SubMenu,4000,home)</onfocus>
				<onfocus condition="String.IsEqual(Container(99).ListItem.Property(ftvWidget),widget5)">SetProperty(SubMenu,5000,home)</onfocus>
				<onfocus condition="String.IsEqual(Container(99).ListItem.Property(ftvWidget),widget6)">SetProperty(SubMenu,6000,home)</onfocus>
				<onfocus condition="String.IsEqual(Container(99).ListItem.Property(ftvWidget),widget7)">SetProperty(SubMenu,7000,home)</onfocus>
				<onfocus condition="String.IsEqual(Container(99).ListItem.Property(ftvWidget),widget8)">SetProperty(SubMenu,8000,home)</onfocus>
				<onfocus condition="String.IsEqual(Container(99).ListItem.Property(ftvWidget),widget9)">SetProperty(SubMenu,9000,home)</onfocus>
				<onfocus condition="String.IsEqual(Container(99).ListItem.Property(ftvWidget),widget10)">SetProperty(SubMenu,10000,home)</onfocus>
				<onfocus condition="String.IsEqual(Container(99).ListItem.Property(ftvWidget),widget11)">SetProperty(SubMenu,11000,home)</onfocus>
				<onfocus condition="String.IsEqual(Container(99).ListItem.Property(ftvWidget),widget12)">SetProperty(SubMenu,12000,home)</onfocus>
				<onfocus condition="String.IsEqual(Container(99).ListItem.Property(ftvWidget),widget1)">SetProperty(WidgetGroupLabel,$VAR[ftvLabelWidget1000],home)</onfocus>
				<onfocus condition="String.IsEqual(Container(99).ListItem.Property(ftvWidget),widget2)">SetProperty(WidgetGroupLabel,$VAR[ftvLabelWidget2000],home)</onfocus>
				<onfocus condition="String.IsEqual(Container(99).ListItem.Property(ftvWidget),widget3)">SetProperty(WidgetGroupLabel,$VAR[ftvLabelWidget3000],home)</onfocus>
				<onfocus condition="String.IsEqual(Container(99).ListItem.Property(ftvWidget),widget4)">SetProperty(WidgetGroupLabel,$VAR[ftvLabelWidget4000],home)</onfocus>
				<onfocus condition="String.IsEqual(Container(99).ListItem.Property(ftvWidget),widget5)">SetProperty(WidgetGroupLabel,$VAR[ftvLabelWidget5000],home)</onfocus>
				<onfocus condition="String.IsEqual(Container(99).ListItem.Property(ftvWidget),widget6)">SetProperty(WidgetGroupLabel,$VAR[ftvLabelWidget6000],home)</onfocus>
				<onfocus condition="String.IsEqual(Container(99).ListItem.Property(ftvWidget),widget7)">SetProperty(WidgetGroupLabel,$VAR[ftvLabelWidget7000],home)</onfocus>
				<onfocus condition="String.IsEqual(Container(99).ListItem.Property(ftvWidget),widget8)">SetProperty(WidgetGroupLabel,$VAR[ftvLabelWidget8000],home)</onfocus>
				<onfocus condition="String.IsEqual(Container(99).ListItem.Property(ftvWidget),widget9)">SetProperty(WidgetGroupLabel,$VAR[ftvLabelWidget9000],home)</onfocus>
				<onfocus condition="String.IsEqual(Container(99).ListItem.Property(ftvWidget),widget10)">SetProperty(WidgetGroupLabel,$VAR[ftvLabelWidget10000],home)</onfocus>
				<onfocus condition="String.IsEqual(Container(99).ListItem.Property(ftvWidget),widget11)">SetProperty(WidgetGroupLabel,$VAR[ftvLabelWidget11000],home)</onfocus>
				<onfocus condition="String.IsEqual(Container(99).ListItem.Property(ftvWidget),widget12)">SetProperty(WidgetGroupLabel,$VAR[ftvLabelWidget12000],home)</onfocus>
				<onfocus>ActivateWindow(1149)</onfocus>
			</control>
			<!-- Hidden preload controls -->
			<control type="button" id="90">
				<include>HiddenControl</include>
				<include>MoveDefaultControl</include>
				<onfocus condition="!String.IsEqual(Skin.String(QuestionsAsked),1)">ReplaceWindow(startup)</onfocus>
				<onfocus condition="String.IsEqual(Skin.String(QuestionsAsked),1)">SetFocus(99)</onfocus>
				<onfocus condition="[String.IsEqual(Skin.String(QuestionsAsked),1) + !Window.Previous(startup) + !Skin.HasSetting(PreloadDeactivated) + String.IsEmpty(Window(home).Property(PreloadDone))] | !String.IsEmpty(Window(home).Property(ReloadTriggered))">AlarmClock(PreloadTimeout,ClearProperty(Preload,home),00:30,silent)</onfocus>
				<onfocus condition="[String.IsEqual(Skin.String(QuestionsAsked),1) + !Window.Previous(startup) + !Skin.HasSetting(PreloadDeactivated) + String.IsEmpty(Window(home).Property(PreloadDone))] | !String.IsEmpty(Window(home).Property(ReloadTriggered))">AlarmClock(PreloadDone,SetProperty(PreloadDone,1,home),00:30,silent)</onfocus>
			</control>
			<control type="group" id="91">
				<animation reversible="false" effect="slide" end="0,0" time="800">Hidden</animation>
				<visible>!Skin.HasSetting(PreloadDeactivated) + !String.IsEmpty(Window(home).Property(Preload)) + $EXP[WidgetsUpdate]</visible>
			</control>
			<!-- Background -->
			<control type="image">
				<include>FullscreenDimensions</include>
				<aspectratio>scale</aspectratio>
				<texture>$INFO[Container(99).ListItem.Thumb]</texture>
				<include>VisibleFadeAnimation</include>
				<fadetime>200</fadetime>
				<visible>!String.IsEmpty(Container(99).ListItem.Thumb) + !String.IsEqual(Container(99).ListItem.Thumb,DefaultAddonNone.png)</visible>
			</control>
			<control type="image">
				<include>FullscreenDimensions</include>
				<texture>special://skin/extras/backgrounds/wp_overlay.png</texture>
			</control>
			<!-- Main list -->
			<control id="99" type="list">
				<left>84</left>
				<top>111</top>
				<width>284</width>
				<height>942</height>
				<include>WindowHomeFadeAnimation</include>
				<include>HomeMenuSlideAnimation</include>
				<orientation>vertical</orientation>
				<scrolltime easing="out" tween="sine">180</scrolltime>
				<oninfo>SetFocus(333)</oninfo>
				<onup>noop</onup>
				<onup>SetProperty(Movement,1)</onup>
				<ondown>noop</ondown>
				<ondown>ClearProperty(Movement)</ondown>
				<onleft>noop</onleft>
				<onfocus>SetProperty(MainMenuFocus,1,home)</onfocus>
				<onfocus condition="String.IsEmpty(Window(home).Property(StartedByBanner))">SetProperty(LabelsDelayFadeAnimation,1,home)</onfocus>
				<onfocus condition="!String.IsEmpty(Window(home).Property(StartedByBanner))">ClearProperty(StartedByBanner,home)</onfocus>
				<onfocus>ClearProperty(ForceViewType,home)</onfocus>
				<onfocus>ClearProperty(WidgetHasFocus,Home)</onfocus>
				<!--on right-->
				<onright>SetProperty(LabelsDelayFadeAnimation,1,home)</onright>
				<onright condition="!Control.IsVisible(91) + !String.IsEmpty(Container(99).ListItem.Property(ftvWidget)) | String.IsEqual(Container(99).ListItem.Property(defaultID),settings)">ClearProperty(MainMenuFocus,home)</onright>
				<onright condition="!Control.IsVisible(91) + String.Contains(Container(99).ListItem.Property(ftvWidget),widget)">SetProperty(WidgetHasFocus,1,Home)</onright>
				<!-- #1 -->
				<onright condition="!Control.IsVisible(91) + String.IsEqual(Container(99).ListItem.Property(ftvWidget),widget1) + Integer.IsGreater(Container(1009).NumItems,0) + String.IsEqual(Container(1000).CurrentItem,1) + !String.IsEmpty(Skin.String(1000-WidgetAd))">Control.Move(1000,1)</onright>
				<onright condition="!Control.IsVisible(91) + String.IsEqual(Container(99).ListItem.Property(ftvWidget),widget1) + Integer.IsGreater(Container(1000).NumItems,1)">SetFocus(1000)</onright>
				<onright condition="!Control.IsVisible(91) + String.IsEqual(Container(99).ListItem.Property(ftvWidget),widget1) + !Integer.IsGreater(Container(1000).NumItems,1) + String.IsEqual(Container(1000).ListItem.Property(WidgetStyle),wide)">SetProperty(ForceViewType,wide,Home)</onright>
				<onright condition="!Control.IsVisible(91) + String.IsEqual(Container(99).ListItem.Property(ftvWidget),widget1) + !Integer.IsGreater(Container(1000).NumItems,1) + String.IsEqual(Container(1000).ListItem.Property(WidgetStyle),poster)">SetProperty(ForceViewType,poster,Home)</onright>
				<onright condition="!Control.IsVisible(91) + String.IsEqual(Container(99).ListItem.Property(ftvWidget),widget1) + !Integer.IsGreater(Container(1000).NumItems,1) + !String.IsEmpty(Container(1000).ListItem.Property(InfoLabel1))">$INFO[Skin.String(1000-WidgetAction-1)]</onright>
				<!-- #2 -->
				<onright condition="!Control.IsVisible(91) + String.IsEqual(Container(99).ListItem.Property(ftvWidget),widget2) + Integer.IsGreater(Container(2009).NumItems,0) + String.IsEqual(Container(2000).CurrentItem,1) + !String.IsEmpty(Skin.String(2000-WidgetAd))">Control.Move(2000,1)</onright>
				<onright condition="!Control.IsVisible(91) + String.IsEqual(Container(99).ListItem.Property(ftvWidget),widget2) + Integer.IsGreater(Container(2000).NumItems,1)">SetFocus(2000)</onright>
				<onright condition="!Control.IsVisible(91) + String.IsEqual(Container(99).ListItem.Property(ftvWidget),widget2) + !Integer.IsGreater(Container(2000).NumItems,1) + String.IsEqual(Container(2000).ListItem.Property(WidgetStyle),wide)">SetProperty(ForceViewType,wide,Home)</onright>
				<onright condition="!Control.IsVisible(91) + String.IsEqual(Container(99).ListItem.Property(ftvWidget),widget2) + !Integer.IsGreater(Container(2000).NumItems,1) + String.IsEqual(Container(2000).ListItem.Property(WidgetStyle),poster)">SetProperty(ForceViewType,poster,Home)</onright>
				<onright condition="!Control.IsVisible(91) + String.IsEqual(Container(99).ListItem.Property(ftvWidget),widget2) + !Integer.IsGreater(Container(2000).NumItems,1) + !String.IsEmpty(Container(2000).ListItem.Property(InfoLabel1))">$INFO[Skin.String(2000-WidgetAction-1)]</onright>
				<!-- #3 -->
				<onright condition="!Control.IsVisible(91) + String.IsEqual(Container(99).ListItem.Property(ftvWidget),widget3) + Integer.IsGreater(Container(3009).NumItems,0) + String.IsEqual(Container(3000).CurrentItem,1) + !String.IsEmpty(Skin.String(3000-WidgetAd))">Control.Move(3000,1)</onright>
				<onright condition="!Control.IsVisible(91) + String.IsEqual(Container(99).ListItem.Property(ftvWidget),widget3) + Integer.IsGreater(Container(3000).NumItems,1)">SetFocus(3000)</onright>
				<onright condition="!Control.IsVisible(91) + String.IsEqual(Container(99).ListItem.Property(ftvWidget),widget3) + !Integer.IsGreater(Container(3000).NumItems,1) + String.IsEqual(Container(3000).ListItem.Property(WidgetStyle),wide)">SetProperty(ForceViewType,wide,Home)</onright>
				<onright condition="!Control.IsVisible(91) + String.IsEqual(Container(99).ListItem.Property(ftvWidget),widget3) + !Integer.IsGreater(Container(3000).NumItems,1) + String.IsEqual(Container(3000).ListItem.Property(WidgetStyle),poster)">SetProperty(ForceViewType,poster,Home)</onright>
				<onright condition="!Control.IsVisible(91) + String.IsEqual(Container(99).ListItem.Property(ftvWidget),widget3) + !Integer.IsGreater(Container(3000).NumItems,1) + !String.IsEmpty(Container(3000).ListItem.Property(InfoLabel1))">$INFO[Skin.String(3000-WidgetAction-1)]</onright>
				<!-- #4 -->
				<onright condition="!Control.IsVisible(91) + String.IsEqual(Container(99).ListItem.Property(ftvWidget),widget4) + Integer.IsGreater(Container(4009).NumItems,0) + String.IsEqual(Container(4000).CurrentItem,1) + !String.IsEmpty(Skin.String(4000-WidgetAd))">Control.Move(4000,1)</onright>
				<onright condition="!Control.IsVisible(91) + String.IsEqual(Container(99).ListItem.Property(ftvWidget),widget4) + Integer.IsGreater(Container(4000).NumItems,1)">SetFocus(4000)</onright>
				<onright condition="!Control.IsVisible(91) + String.IsEqual(Container(99).ListItem.Property(ftvWidget),widget4) + !Integer.IsGreater(Container(4000).NumItems,1) + String.IsEqual(Container(4000).ListItem.Property(WidgetStyle),wide)">SetProperty(ForceViewType,wide,Home)</onright>
				<onright condition="!Control.IsVisible(91) + String.IsEqual(Container(99).ListItem.Property(ftvWidget),widget4) + !Integer.IsGreater(Container(4000).NumItems,1) + String.IsEqual(Container(4000).ListItem.Property(WidgetStyle),poster)">SetProperty(ForceViewType,poster,Home)</onright>
				<onright condition="!Control.IsVisible(91) + String.IsEqual(Container(99).ListItem.Property(ftvWidget),widget4) + !Integer.IsGreater(Container(4000).NumItems,1) + !String.IsEmpty(Container(4000).ListItem.Property(InfoLabel1))">$INFO[Skin.String(4000-WidgetAction-1)]</onright>
				<!-- #5 -->
				<onright condition="!Control.IsVisible(91) + String.IsEqual(Container(99).ListItem.Property(ftvWidget),widget5) + Integer.IsGreater(Container(5009).NumItems,0) + String.IsEqual(Container(5000).CurrentItem,1) + !String.IsEmpty(Skin.String(5000-WidgetAd))">Control.Move(5000,1)</onright>
				<onright condition="!Control.IsVisible(91) + String.IsEqual(Container(99).ListItem.Property(ftvWidget),widget5) + Integer.IsGreater(Container(5000).NumItems,1)">SetFocus(5000)</onright>
				<onright condition="!Control.IsVisible(91) + String.IsEqual(Container(99).ListItem.Property(ftvWidget),widget5) + !Integer.IsGreater(Container(5000).NumItems,1) + String.IsEqual(Container(5000).ListItem.Property(WidgetStyle),wide)">SetProperty(ForceViewType,wide,Home)</onright>
				<onright condition="!Control.IsVisible(91) + String.IsEqual(Container(99).ListItem.Property(ftvWidget),widget5) + !Integer.IsGreater(Container(5000).NumItems,1) + String.IsEqual(Container(5000).ListItem.Property(WidgetStyle),poster)">SetProperty(ForceViewType,poster,Home)</onright>
				<onright condition="!Control.IsVisible(91) + String.IsEqual(Container(99).ListItem.Property(ftvWidget),widget5) + !Integer.IsGreater(Container(5000).NumItems,1) + !String.IsEmpty(Container(5000).ListItem.Property(InfoLabel1))">$INFO[Skin.String(5000-WidgetAction-1)]</onright>
				<!-- #6 -->
				<onright condition="!Control.IsVisible(91) + String.IsEqual(Container(99).ListItem.Property(ftvWidget),widget6) + Integer.IsGreater(Container(6009).NumItems,0) + String.IsEqual(Container(6000).CurrentItem,1) + !String.IsEmpty(Skin.String(6000-WidgetAd))">Control.Move(6000,1)</onright>
				<onright condition="!Control.IsVisible(91) + String.IsEqual(Container(99).ListItem.Property(ftvWidget),widget6) + Integer.IsGreater(Container(6000).NumItems,1)">SetFocus(6000)</onright>
				<onright condition="!Control.IsVisible(91) + String.IsEqual(Container(99).ListItem.Property(ftvWidget),widget6) + !Integer.IsGreater(Container(6000).NumItems,1) + String.IsEqual(Container(6000).ListItem.Property(WidgetStyle),wide)">SetProperty(ForceViewType,wide,Home)</onright>
				<onright condition="!Control.IsVisible(91) + String.IsEqual(Container(99).ListItem.Property(ftvWidget),widget6) + !Integer.IsGreater(Container(6000).NumItems,1) + String.IsEqual(Container(6000).ListItem.Property(WidgetStyle),poster)">SetProperty(ForceViewType,poster,Home)</onright>
				<onright condition="!Control.IsVisible(91) + String.IsEqual(Container(99).ListItem.Property(ftvWidget),widget6) + !Integer.IsGreater(Container(6000).NumItems,1) + !String.IsEmpty(Container(6000).ListItem.Property(InfoLabel1))">$INFO[Skin.String(6000-WidgetAction-1)]</onright>
				<!-- #7 -->
				<onright condition="!Control.IsVisible(91) + String.IsEqual(Container(99).ListItem.Property(ftvWidget),widget7) + Integer.IsGreater(Container(7009).NumItems,0) + String.IsEqual(Container(7000).CurrentItem,1) + !String.IsEmpty(Skin.String(7000-WidgetAd))">Control.Move(7000,1)</onright>
				<onright condition="!Control.IsVisible(91) + String.IsEqual(Container(99).ListItem.Property(ftvWidget),widget7) + Integer.IsGreater(Container(7000).NumItems,1)">SetFocus(7000)</onright>
				<onright condition="!Control.IsVisible(91) + String.IsEqual(Container(99).ListItem.Property(ftvWidget),widget7) + !Integer.IsGreater(Container(7000).NumItems,1) + String.IsEqual(Container(7000).ListItem.Property(WidgetStyle),wide)">SetProperty(ForceViewType,wide,Home)</onright>
				<onright condition="!Control.IsVisible(91) + String.IsEqual(Container(99).ListItem.Property(ftvWidget),widget7) + !Integer.IsGreater(Container(7000).NumItems,1) + String.IsEqual(Container(7000).ListItem.Property(WidgetStyle),poster)">SetProperty(ForceViewType,poster,Home)</onright>
				<onright condition="!Control.IsVisible(91) + String.IsEqual(Container(99).ListItem.Property(ftvWidget),widget7) + !Integer.IsGreater(Container(7000).NumItems,1) + !String.IsEmpty(Container(7000).ListItem.Property(InfoLabel1))">$INFO[Skin.String(7000-WidgetAction-1)]</onright>
				<!-- #8 -->
				<onright condition="!Control.IsVisible(91) + String.IsEqual(Container(99).ListItem.Property(ftvWidget),widget8) + Integer.IsGreater(Container(8009).NumItems,0) + String.IsEqual(Container(8000).CurrentItem,1) + !String.IsEmpty(Skin.String(8000-WidgetAd))">Control.Move(8000,1)</onright>
				<onright condition="!Control.IsVisible(91) + String.IsEqual(Container(99).ListItem.Property(ftvWidget),widget8) + Integer.IsGreater(Container(8000).NumItems,1)">SetFocus(8000)</onright>
				<onright condition="!Control.IsVisible(91) + String.IsEqual(Container(99).ListItem.Property(ftvWidget),widget8) + !Integer.IsGreater(Container(8000).NumItems,1) + String.IsEqual(Container(8000).ListItem.Property(WidgetStyle),wide)">SetProperty(ForceViewType,wide,Home)</onright>
				<onright condition="!Control.IsVisible(91) + String.IsEqual(Container(99).ListItem.Property(ftvWidget),widget8) + !Integer.IsGreater(Container(8000).NumItems,1) + String.IsEqual(Container(8000).ListItem.Property(WidgetStyle),poster)">SetProperty(ForceViewType,poster,Home)</onright>
				<onright condition="!Control.IsVisible(91) + String.IsEqual(Container(99).ListItem.Property(ftvWidget),widget8) + !Integer.IsGreater(Container(8000).NumItems,1) + !String.IsEmpty(Container(8000).ListItem.Property(InfoLabel1))">$INFO[Skin.String(8000-WidgetAction-1)]</onright>
				<!-- #9 -->
				<onright condition="!Control.IsVisible(91) + String.IsEqual(Container(99).ListItem.Property(ftvWidget),widget9) + Integer.IsGreater(Container(9009).NumItems,0) + String.IsEqual(Container(9000).CurrentItem,1) + !String.IsEmpty(Skin.String(9000-WidgetAd))">Control.Move(9000,1)</onright>
				<onright condition="!Control.IsVisible(91) + String.IsEqual(Container(99).ListItem.Property(ftvWidget),widget9) + Integer.IsGreater(Container(9000).NumItems,1)">SetFocus(9000)</onright>
				<onright condition="!Control.IsVisible(91) + String.IsEqual(Container(99).ListItem.Property(ftvWidget),widget9) + !Integer.IsGreater(Container(9000).NumItems,1) + String.IsEqual(Container(9000).ListItem.Property(WidgetStyle),wide)">SetProperty(ForceViewType,wide,Home)</onright>
				<onright condition="!Control.IsVisible(91) + String.IsEqual(Container(99).ListItem.Property(ftvWidget),widget9) + !Integer.IsGreater(Container(9000).NumItems,1) + String.IsEqual(Container(9000).ListItem.Property(WidgetStyle),poster)">SetProperty(ForceViewType,poster,Home)</onright>
				<onright condition="!Control.IsVisible(91) + String.IsEqual(Container(99).ListItem.Property(ftvWidget),widget9) + !Integer.IsGreater(Container(9000).NumItems,1) + !String.IsEmpty(Container(9000).ListItem.Property(InfoLabel1))">$INFO[Skin.String(9000-WidgetAction-1)]</onright>
				<!-- #10 -->
				<onright condition="!Control.IsVisible(91) + String.IsEqual(Container(99).ListItem.Property(ftvWidget),widget10) + Integer.IsGreater(Container(10009).NumItems,0) + String.IsEqual(Container(10000).CurrentItem,1) + !String.IsEmpty(Skin.String(10000-WidgetAd))">Control.Move(10000,1)</onright>
				<onright condition="!Control.IsVisible(91) + String.IsEqual(Container(99).ListItem.Property(ftvWidget),widget10) + Integer.IsGreater(Container(10000).NumItems,1)">SetFocus(10000)</onright>
				<onright condition="!Control.IsVisible(91) + String.IsEqual(Container(99).ListItem.Property(ftvWidget),widget10) + !Integer.IsGreater(Container(10000).NumItems,1) + String.IsEqual(Container(10000).ListItem.Property(WidgetStyle),wide)">SetProperty(ForceViewType,wide,Home)</onright>
				<onright condition="!Control.IsVisible(91) + String.IsEqual(Container(99).ListItem.Property(ftvWidget),widget10) + !Integer.IsGreater(Container(10000).NumItems,1) + String.IsEqual(Container(10000).ListItem.Property(WidgetStyle),poster)">SetProperty(ForceViewType,poster,Home)</onright>
				<onright condition="!Control.IsVisible(91) + String.IsEqual(Container(99).ListItem.Property(ftvWidget),widget10) + !Integer.IsGreater(Container(10000).NumItems,1) + !String.IsEmpty(Container(10000).ListItem.Property(InfoLabel1))">$INFO[Skin.String(10000-WidgetAction-1)]</onright>
				<!-- #11 -->
				<onright condition="!Control.IsVisible(91) + String.IsEqual(Container(99).ListItem.Property(ftvWidget),widget11) + Integer.IsGreater(Container(11009).NumItems,0) + String.IsEqual(Container(11000).CurrentItem,1) + !String.IsEmpty(Skin.String(11000-WidgetAd))">Control.Move(11000,1)</onright>
				<onright condition="!Control.IsVisible(91) + String.IsEqual(Container(99).ListItem.Property(ftvWidget),widget11) + Integer.IsGreater(Container(11000).NumItems,1)">SetFocus(11000)</onright>
				<onright condition="!Control.IsVisible(91) + String.IsEqual(Container(99).ListItem.Property(ftvWidget),widget11) + !Integer.IsGreater(Container(11000).NumItems,1) + String.IsEqual(Container(11000).ListItem.Property(WidgetStyle),wide)">SetProperty(ForceViewType,wide,Home)</onright>
				<onright condition="!Control.IsVisible(91) + String.IsEqual(Container(99).ListItem.Property(ftvWidget),widget11) + !Integer.IsGreater(Container(11000).NumItems,1) + String.IsEqual(Container(11000).ListItem.Property(WidgetStyle),poster)">SetProperty(ForceViewType,poster,Home)</onright>
				<onright condition="!Control.IsVisible(91) + String.IsEqual(Container(99).ListItem.Property(ftvWidget),widget11) + !Integer.IsGreater(Container(11000).NumItems,1) + !String.IsEmpty(Container(11000).ListItem.Property(InfoLabel1))">$INFO[Skin.String(11000-WidgetAction-1)]</onright>
				<!-- #12 -->
				<onright condition="!Control.IsVisible(91) + String.IsEqual(Container(99).ListItem.Property(ftvWidget),widget12) + Integer.IsGreater(Container(12009).NumItems,0) + String.IsEqual(Container(12000).CurrentItem,1) + !String.IsEmpty(Skin.String(12000-WidgetAd))">Control.Move(12000,1)</onright>
				<onright condition="!Control.IsVisible(91) + String.IsEqual(Container(99).ListItem.Property(ftvWidget),widget12) + Integer.IsGreater(Container(12000).NumItems,1)">SetFocus(12000)</onright>
				<onright condition="!Control.IsVisible(91) + String.IsEqual(Container(99).ListItem.Property(ftvWidget),widget12) + !Integer.IsGreater(Container(12000).NumItems,1) + String.IsEqual(Container(12000).ListItem.Property(WidgetStyle),wide)">SetProperty(ForceViewType,wide,Home)</onright>
				<onright condition="!Control.IsVisible(91) + String.IsEqual(Container(99).ListItem.Property(ftvWidget),widget12) + !Integer.IsGreater(Container(12000).NumItems,1) + String.IsEqual(Container(12000).ListItem.Property(WidgetStyle),poster)">SetProperty(ForceViewType,poster,Home)</onright>
				<onright condition="!Control.IsVisible(91) + String.IsEqual(Container(99).ListItem.Property(ftvWidget),widget12) + !Integer.IsGreater(Container(12000).NumItems,1) + !String.IsEmpty(Container(12000).ListItem.Property(InfoLabel1))">$INFO[Skin.String(12000-WidgetAction-1)]</onright>
				<!-- Other -->
				<onright condition="!Control.IsVisible(91) + String.IsEqual(Container(99).ListItem.Property(ftvWidget),livetv) + Integer.IsGreater(Container(301).NumItems,0)">ActivateWindow(1106)</onright>
				<onright condition="!Control.IsVisible(91) + String.IsEqual(Container(99).ListItem.Property(ftvWidget),livetv) + !Integer.IsGreater(Container(301).NumItems,0)">Select</onright>
				<onright condition="!Control.IsVisible(91) + String.IsEqual(Container(99).ListItem.Property(ftvWidget),favourites) + Integer.IsGreater(Container(201).NumItems,0)">ActivateWindow(favourites)</onright>
				<onright condition="!Control.IsVisible(91) + String.IsEqual(Container(99).ListItem.Property(ftvWidget),favourites) + !Integer.IsGreater(Container(201).NumItems,0)">Select</onright>
				<onright condition="!Control.IsVisible(91) + String.IsEqual(Container(99).ListItem.Property(ftvWidget),weather) + !String.IsEmpty(Window(Weather).Property(Day0.Outlook))">ActivateWindow(weather)</onright>
				<onright condition="!Control.IsVisible(91) + String.IsEqual(Container(99).ListItem.Property(defaultID),settings)">Select</onright>
				<onright condition="!Control.IsVisible(91) + Control.IsVisible(999)">SetFocus(9991)</onright>
				<itemlayout height="74" width="284">
					<control type="label">
						<width>284</width>
						<height>74</height>
						<align>right</align>
						<label>$INFO[ListItem.Label]</label>
						<font>LightMenu38</font>
						<textcolor>ff5b6064</textcolor>
						<animation condition="!Control.HasFocus(99)" easing="in" effect="fade" end="40" reversible="true" start="100" time="600" tween="linear">Conditional</animation>
					</control>
				</itemlayout>
				<focusedlayout height="128" width="284">
					<control type="button">
						<texturefocus>-</texturefocus>
						<texturenofocus>-</texturenofocus>
						<onfocus>ClearProperty(WidgetHasFocus,Home)</onfocus>
						<onfocus>SetProperty(MainMenuFocus,1,home)</onfocus>
						<onfocus>ClearProperty(Fade,Home)</onfocus>
						<onfocus>SetProperty(Fade,1,home)</onfocus>
						<onfocus condition="String.Contains(Container(99).ListItem.Property(path),favourites) + String.IsEqual(Container(99).ListItem.Property(ftvWidget),favourites) + Integer.IsGreater(Container(201).NumItems,0)">ClearProperty(MainMenuFocus)</onfocus>
						<onfocus condition="!String.IsEqual(Container(99).ListItem.Property(defaultID),Window(home).Property(MainFocus))">ClearProperty(MainFocus)</onfocus>
						<onfocus condition="!String.IsEqual(Container(99).ListItem.Property(defaultID),Window(home).Property(MainFocus))">ClearProperty(FocusRow)</onfocus>
						<onfocus condition="!Control.IsVisible(1000) + String.IsEqual(Container(1000).CurrentItem,2)">Control.Move(1000,-1)</onfocus>
						<onfocus condition="!Control.IsVisible(1000) + String.IsEqual(Container(1000).CurrentItem,3)">Control.Move(1000,-2)</onfocus>
						<onfocus condition="!Control.IsVisible(1000) + String.IsEqual(Container(1000).CurrentItem,4)">Control.Move(1000,-3)</onfocus>
						<onfocus condition="!Control.IsVisible(1000) + String.IsEqual(Container(1000).CurrentItem,5)">Control.Move(1000,-4)</onfocus>
						<onfocus condition="!Control.IsVisible(1000) + String.IsEqual(Container(1000).CurrentItem,6)">Control.Move(1000,-5)</onfocus>
						<onfocus condition="!Control.IsVisible(1000) + String.IsEqual(Container(1000).CurrentItem,7)">Control.Move(1000,-6)</onfocus>
						<onfocus condition="!Control.IsVisible(1000) + String.IsEqual(Container(1000).CurrentItem,8)">Control.Move(1000,-7)</onfocus>
						<onfocus condition="!Control.IsVisible(1000) + String.IsEqual(Container(1000).CurrentItem,9)">Control.Move(1000,-8)</onfocus>
						<onfocus condition="!Control.IsVisible(2000) + String.IsEqual(Container(2000).CurrentItem,2)">Control.Move(2000,-1)</onfocus>
						<onfocus condition="!Control.IsVisible(2000) + String.IsEqual(Container(2000).CurrentItem,3)">Control.Move(2000,-2)</onfocus>
						<onfocus condition="!Control.IsVisible(2000) + String.IsEqual(Container(2000).CurrentItem,4)">Control.Move(2000,-3)</onfocus>
						<onfocus condition="!Control.IsVisible(2000) + String.IsEqual(Container(2000).CurrentItem,5)">Control.Move(2000,-4)</onfocus>
						<onfocus condition="!Control.IsVisible(2000) + String.IsEqual(Container(2000).CurrentItem,6)">Control.Move(2000,-5)</onfocus>
						<onfocus condition="!Control.IsVisible(2000) + String.IsEqual(Container(2000).CurrentItem,7)">Control.Move(2000,-6)</onfocus>
						<onfocus condition="!Control.IsVisible(2000) + String.IsEqual(Container(2000).CurrentItem,8)">Control.Move(2000,-7)</onfocus>
						<onfocus condition="!Control.IsVisible(2000) + String.IsEqual(Container(2000).CurrentItem,9)">Control.Move(2000,-8)</onfocus>
						<onfocus condition="!Control.IsVisible(3000) + String.IsEqual(Container(3000).CurrentItem,2)">Control.Move(3000,-1)</onfocus>
						<onfocus condition="!Control.IsVisible(3000) + String.IsEqual(Container(3000).CurrentItem,3)">Control.Move(3000,-2)</onfocus>
						<onfocus condition="!Control.IsVisible(3000) + String.IsEqual(Container(3000).CurrentItem,4)">Control.Move(3000,-3)</onfocus>
						<onfocus condition="!Control.IsVisible(3000) + String.IsEqual(Container(3000).CurrentItem,5)">Control.Move(3000,-4)</onfocus>
						<onfocus condition="!Control.IsVisible(3000) + String.IsEqual(Container(3000).CurrentItem,6)">Control.Move(3000,-5)</onfocus>
						<onfocus condition="!Control.IsVisible(3000) + String.IsEqual(Container(3000).CurrentItem,7)">Control.Move(3000,-6)</onfocus>
						<onfocus condition="!Control.IsVisible(3000) + String.IsEqual(Container(3000).CurrentItem,8)">Control.Move(3000,-7)</onfocus>
						<onfocus condition="!Control.IsVisible(3000) + String.IsEqual(Container(3000).CurrentItem,9)">Control.Move(3000,-8)</onfocus>
						<onfocus condition="!Control.IsVisible(4000) + String.IsEqual(Container(4000).CurrentItem,2)">Control.Move(4000,-1)</onfocus>
						<onfocus condition="!Control.IsVisible(4000) + String.IsEqual(Container(4000).CurrentItem,3)">Control.Move(4000,-2)</onfocus>
						<onfocus condition="!Control.IsVisible(4000) + String.IsEqual(Container(4000).CurrentItem,4)">Control.Move(4000,-3)</onfocus>
						<onfocus condition="!Control.IsVisible(4000) + String.IsEqual(Container(4000).CurrentItem,5)">Control.Move(4000,-4)</onfocus>
						<onfocus condition="!Control.IsVisible(4000) + String.IsEqual(Container(4000).CurrentItem,6)">Control.Move(4000,-5)</onfocus>
						<onfocus condition="!Control.IsVisible(4000) + String.IsEqual(Container(4000).CurrentItem,7)">Control.Move(4000,-6)</onfocus>
						<onfocus condition="!Control.IsVisible(4000) + String.IsEqual(Container(4000).CurrentItem,8)">Control.Move(4000,-7)</onfocus>
						<onfocus condition="!Control.IsVisible(4000) + String.IsEqual(Container(4000).CurrentItem,9)">Control.Move(4000,-8)</onfocus>
						<onfocus condition="!Control.IsVisible(5000) + String.IsEqual(Container(5000).CurrentItem,2)">Control.Move(5000,-1)</onfocus>
						<onfocus condition="!Control.IsVisible(5000) + String.IsEqual(Container(5000).CurrentItem,3)">Control.Move(5000,-2)</onfocus>
						<onfocus condition="!Control.IsVisible(5000) + String.IsEqual(Container(5000).CurrentItem,4)">Control.Move(5000,-3)</onfocus>
						<onfocus condition="!Control.IsVisible(5000) + String.IsEqual(Container(5000).CurrentItem,5)">Control.Move(5000,-4)</onfocus>
						<onfocus condition="!Control.IsVisible(5000) + String.IsEqual(Container(5000).CurrentItem,6)">Control.Move(5000,-5)</onfocus>
						<onfocus condition="!Control.IsVisible(5000) + String.IsEqual(Container(5000).CurrentItem,7)">Control.Move(5000,-6)</onfocus>
						<onfocus condition="!Control.IsVisible(5000) + String.IsEqual(Container(5000).CurrentItem,8)">Control.Move(5000,-7)</onfocus>
						<onfocus condition="!Control.IsVisible(5000) + String.IsEqual(Container(5000).CurrentItem,9)">Control.Move(5000,-8)</onfocus>
						<onfocus condition="!Control.IsVisible(6000) + String.IsEqual(Container(6000).CurrentItem,2)">Control.Move(6000,-1)</onfocus>
						<onfocus condition="!Control.IsVisible(6000) + String.IsEqual(Container(6000).CurrentItem,3)">Control.Move(6000,-2)</onfocus>
						<onfocus condition="!Control.IsVisible(6000) + String.IsEqual(Container(6000).CurrentItem,4)">Control.Move(6000,-3)</onfocus>
						<onfocus condition="!Control.IsVisible(6000) + String.IsEqual(Container(6000).CurrentItem,5)">Control.Move(6000,-4)</onfocus>
						<onfocus condition="!Control.IsVisible(6000) + String.IsEqual(Container(6000).CurrentItem,6)">Control.Move(6000,-5)</onfocus>
						<onfocus condition="!Control.IsVisible(6000) + String.IsEqual(Container(6000).CurrentItem,7)">Control.Move(6000,-6)</onfocus>
						<onfocus condition="!Control.IsVisible(6000) + String.IsEqual(Container(6000).CurrentItem,8)">Control.Move(6000,-7)</onfocus>
						<onfocus condition="!Control.IsVisible(6000) + String.IsEqual(Container(6000).CurrentItem,9)">Control.Move(6000,-8)</onfocus>
						<onfocus condition="!Control.IsVisible(7000) + String.IsEqual(Container(7000).CurrentItem,2)">Control.Move(7000,-1)</onfocus>
						<onfocus condition="!Control.IsVisible(7000) + String.IsEqual(Container(7000).CurrentItem,3)">Control.Move(7000,-2)</onfocus>
						<onfocus condition="!Control.IsVisible(7000) + String.IsEqual(Container(7000).CurrentItem,4)">Control.Move(7000,-3)</onfocus>
						<onfocus condition="!Control.IsVisible(7000) + String.IsEqual(Container(7000).CurrentItem,5)">Control.Move(7000,-4)</onfocus>
						<onfocus condition="!Control.IsVisible(7000) + String.IsEqual(Container(7000).CurrentItem,6)">Control.Move(7000,-5)</onfocus>
						<onfocus condition="!Control.IsVisible(7000) + String.IsEqual(Container(7000).CurrentItem,7)">Control.Move(7000,-6)</onfocus>
						<onfocus condition="!Control.IsVisible(7000) + String.IsEqual(Container(7000).CurrentItem,8)">Control.Move(7000,-7)</onfocus>
						<onfocus condition="!Control.IsVisible(7000) + String.IsEqual(Container(7000).CurrentItem,9)">Control.Move(7000,-8)</onfocus>
						<onfocus condition="!Control.IsVisible(8000) + String.IsEqual(Container(8000).CurrentItem,2)">Control.Move(8000,-1)</onfocus>
						<onfocus condition="!Control.IsVisible(8000) + String.IsEqual(Container(8000).CurrentItem,3)">Control.Move(8000,-2)</onfocus>
						<onfocus condition="!Control.IsVisible(8000) + String.IsEqual(Container(8000).CurrentItem,4)">Control.Move(8000,-3)</onfocus>
						<onfocus condition="!Control.IsVisible(8000) + String.IsEqual(Container(8000).CurrentItem,5)">Control.Move(8000,-4)</onfocus>
						<onfocus condition="!Control.IsVisible(8000) + String.IsEqual(Container(8000).CurrentItem,6)">Control.Move(8000,-5)</onfocus>
						<onfocus condition="!Control.IsVisible(8000) + String.IsEqual(Container(8000).CurrentItem,7)">Control.Move(8000,-6)</onfocus>
						<onfocus condition="!Control.IsVisible(8000) + String.IsEqual(Container(8000).CurrentItem,8)">Control.Move(8000,-7)</onfocus>
						<onfocus condition="!Control.IsVisible(8000) + String.IsEqual(Container(8000).CurrentItem,9)">Control.Move(8000,-8)</onfocus>
						<onfocus condition="!Control.IsVisible(9000) + String.IsEqual(Container(9000).CurrentItem,2)">Control.Move(9000,-1)</onfocus>
						<onfocus condition="!Control.IsVisible(9000) + String.IsEqual(Container(9000).CurrentItem,3)">Control.Move(9000,-2)</onfocus>
						<onfocus condition="!Control.IsVisible(9000) + String.IsEqual(Container(9000).CurrentItem,4)">Control.Move(9000,-3)</onfocus>
						<onfocus condition="!Control.IsVisible(9000) + String.IsEqual(Container(9000).CurrentItem,5)">Control.Move(9000,-4)</onfocus>
						<onfocus condition="!Control.IsVisible(9000) + String.IsEqual(Container(9000).CurrentItem,6)">Control.Move(9000,-5)</onfocus>
						<onfocus condition="!Control.IsVisible(9000) + String.IsEqual(Container(9000).CurrentItem,7)">Control.Move(9000,-6)</onfocus>
						<onfocus condition="!Control.IsVisible(9000) + String.IsEqual(Container(9000).CurrentItem,8)">Control.Move(9000,-7)</onfocus>
						<onfocus condition="!Control.IsVisible(9000) + String.IsEqual(Container(9000).CurrentItem,9)">Control.Move(9000,-8)</onfocus>
						<onfocus condition="!Control.IsVisible(10000) + String.IsEqual(Container(10000).CurrentItem,2)">Control.Move(10000,-1)</onfocus>
						<onfocus condition="!Control.IsVisible(10000) + String.IsEqual(Container(10000).CurrentItem,3)">Control.Move(10000,-2)</onfocus>
						<onfocus condition="!Control.IsVisible(10000) + String.IsEqual(Container(10000).CurrentItem,4)">Control.Move(10000,-3)</onfocus>
						<onfocus condition="!Control.IsVisible(10000) + String.IsEqual(Container(10000).CurrentItem,5)">Control.Move(10000,-4)</onfocus>
						<onfocus condition="!Control.IsVisible(10000) + String.IsEqual(Container(10000).CurrentItem,6)">Control.Move(10000,-5)</onfocus>
						<onfocus condition="!Control.IsVisible(10000) + String.IsEqual(Container(10000).CurrentItem,7)">Control.Move(10000,-6)</onfocus>
						<onfocus condition="!Control.IsVisible(10000) + String.IsEqual(Container(10000).CurrentItem,8)">Control.Move(10000,-7)</onfocus>
						<onfocus condition="!Control.IsVisible(10000) + String.IsEqual(Container(10000).CurrentItem,9)">Control.Move(10000,-8)</onfocus>
						<onfocus condition="!Control.IsVisible(11000) + String.IsEqual(Container(11000).CurrentItem,2)">Control.Move(11000,-1)</onfocus>
						<onfocus condition="!Control.IsVisible(11000) + String.IsEqual(Container(11000).CurrentItem,3)">Control.Move(11000,-2)</onfocus>
						<onfocus condition="!Control.IsVisible(11000) + String.IsEqual(Container(11000).CurrentItem,4)">Control.Move(11000,-3)</onfocus>
						<onfocus condition="!Control.IsVisible(11000) + String.IsEqual(Container(11000).CurrentItem,5)">Control.Move(11000,-4)</onfocus>
						<onfocus condition="!Control.IsVisible(11000) + String.IsEqual(Container(11000).CurrentItem,6)">Control.Move(11000,-5)</onfocus>
						<onfocus condition="!Control.IsVisible(11000) + String.IsEqual(Container(11000).CurrentItem,7)">Control.Move(11000,-6)</onfocus>
						<onfocus condition="!Control.IsVisible(11000) + String.IsEqual(Container(11000).CurrentItem,8)">Control.Move(11000,-7)</onfocus>
						<onfocus condition="!Control.IsVisible(11000) + String.IsEqual(Container(11000).CurrentItem,9)">Control.Move(11000,-8)</onfocus>
						<onfocus condition="!Control.IsVisible(12000) + String.IsEqual(Container(12000).CurrentItem,2)">Control.Move(12000,-1)</onfocus>
						<onfocus condition="!Control.IsVisible(12000) + String.IsEqual(Container(12000).CurrentItem,3)">Control.Move(12000,-2)</onfocus>
						<onfocus condition="!Control.IsVisible(12000) + String.IsEqual(Container(12000).CurrentItem,4)">Control.Move(12000,-3)</onfocus>
						<onfocus condition="!Control.IsVisible(12000) + String.IsEqual(Container(12000).CurrentItem,5)">Control.Move(12000,-4)</onfocus>
						<onfocus condition="!Control.IsVisible(12000) + String.IsEqual(Container(12000).CurrentItem,6)">Control.Move(12000,-5)</onfocus>
						<onfocus condition="!Control.IsVisible(12000) + String.IsEqual(Container(12000).CurrentItem,7)">Control.Move(12000,-6)</onfocus>
						<onfocus condition="!Control.IsVisible(12000) + String.IsEqual(Container(12000).CurrentItem,8)">Control.Move(12000,-7)</onfocus>
						<onfocus condition="!Control.IsVisible(12000) + String.IsEqual(Container(12000).CurrentItem,9)">Control.Move(12000,-8)</onfocus>
					</control>
					<control type="label">
						<width>284</width>
						<height>128</height>
						<align>right</align>
						<label>$INFO[ListItem.Label]</label>
						<font>LightMenu38</font>
						<textcolor>ff5b6064</textcolor>
						<animation condition="Container(99).OnNext" reversible="false" type="UnFocus">
							<effect easing="out" end="0,-28" start="0,0" time="200" tween="circle" type="slide" />
							<effect end="100" start="0" time="0" type="fade" />
						</animation>
						<animation condition="Container(99).OnPrevious" reversible="false" type="UnFocus">
							<effect easing="out" end="0,-28" start="0,-56" time="200" tween="circle" type="slide" />
							<effect end="100" start="0" time="0" type="fade" />
						</animation>
						<animation reversible="false" type="Focus">
							<effect end="0" start="0" time="0" type="fade" />
						</animation>
						<visible>Control.HasFocus(99)</visible>
					</control>
					<control type="label">
						<width>284</width>
						<height>128</height>
						<align>right</align>
						<label>$INFO[ListItem.Label]</label>
						<font>LightMenu48</font>
						<textcolor>ffffc24b</textcolor>
						<animation reversible="false" type="UnFocus">
							<effect end="0" start="100" time="0" type="fade" />
						</animation>
						<visible>Control.HasFocus(99)</visible>
					</control>
					<control type="label">
						<width>284</width>
						<height>128</height>
						<align>right</align>
						<label>$INFO[ListItem.Label]</label>
						<font>LightMenu48</font>
						<textcolor>ffffffff</textcolor>
						<visible>!Control.HasFocus(99)</visible>
					</control>
				</focusedlayout>
				<content>
					<include>skinshortcuts-mainmenu</include>
				</content>
			</control>
			<!-- Menu diffuse -->
			<control type="image">
				<left>0</left>
				<top>-706</top>
				<width>418</width>
				<height>1858</height>
				<aspectratio>stretch</aspectratio>
				<texture border="2" diffuse="special://skin/extras/backgrounds/diffuse.png">special://skin/extras/backgrounds/default.png</texture>
				<animation condition="Container(99).Row(0)" effect="slide" end="0,0" time="200">Conditional</animation>
				<animation condition="Container(99).Row(1)" effect="slide" end="0,65" time="200">Conditional</animation>
				<animation condition="Container(99).Row(2)" effect="slide" end="0,130" time="200">Conditional</animation>
				<animation condition="Container(99).Row(3)" effect="slide" end="0,195" time="200">Conditional</animation>
				<animation condition="Container(99).Row(4)" effect="slide" end="0,260" time="200">Conditional</animation>
				<animation condition="Container(99).Row(5)" effect="slide" end="0,325" time="200">Conditional</animation>
				<animation condition="Container(99).Row(6)" effect="slide" end="0,390" time="200">Conditional</animation>
				<animation condition="Container(99).Row(7)" effect="slide" end="0,455" time="200">Conditional</animation>
				<animation condition="Container(99).Row(8)" effect="slide" end="0,520" time="200">Conditional</animation>
				<animation condition="Container(99).Row(9)" effect="slide" end="0,585" time="200">Conditional</animation>
				<animation condition="Container(99).Row(10)" effect="slide" end="0,650" time="200">Conditional</animation>
				<animation condition="Container(99).Row(11)" effect="slide" end="0,715" time="200">Conditional</animation>
				<animation condition="String.IsEqual(Container(99).NumItems,10)" effect="slide" end="0,33" time="0">Conditional</animation>
				<animation condition="String.IsEqual(Container(99).NumItems,9)" effect="slide" end="0,66" time="0">Conditional</animation>
				<animation condition="String.IsEqual(Container(99).NumItems,8)" effect="slide" end="0,99" time="0">Conditional</animation>
				<animation condition="String.IsEqual(Container(99).NumItems,7)" effect="slide" end="0,132" time="0">Conditional</animation>
				<animation condition="String.IsEqual(Container(99).NumItems,6)" effect="slide" end="0,165" time="0">Conditional</animation>
				<animation condition="String.IsEqual(Container(99).NumItems,5)" effect="slide" end="0,198" time="0">Conditional</animation>
				<animation condition="String.IsEqual(Container(99).NumItems,4)" effect="slide" end="0,231" time="0">Conditional</animation>
				<animation condition="String.IsEqual(Container(99).NumItems,3)" effect="slide" end="0,264" time="0">Conditional</animation>
				<animation condition="String.IsEqual(Container(99).NumItems,2)" effect="slide" end="0,297" time="0">Conditional</animation>
				<animation condition="String.IsEqual(Container(99).NumItems,1)" effect="slide" end="0,330" time="0">Conditional</animation>
			</control>
			<!-- Widgets -->
			<include>HomeWidgets</include>
			<include>EmptyMessages</include>
		</control>
		<!-- Loading Splash -->
		<control type="group">
			<visible>Control.IsVisible(91)</visible>
			<control type="image">
				<left>408</left>
				<width>1512</width>
				<height>1080</height>
				<texture>special://skin/extras/backgrounds/default.png</texture>
			</control>
			<control type="grouplist">
				<bottom>118</bottom>
				<right>125</right>
				<align>right</align>
				<height>46</height>
				<orientation>horizontal</orientation>
				<itemgap>10</itemgap>
				<control type="label">
					<font>Bold32</font>
					<textcolor>ffffffff</textcolor>
					<width>auto</width>
					<height>41</height>
					<label>$LOCALIZE[31326]</label>
				</control>
			</control>
			<control type="image">
				<bottom>93</bottom>
				<right>380</right>
				<height>100</height>
				<width>89</width>
				<aspectratio>keep</aspectratio>
				<colordiffuse>ffffffff</colordiffuse>
				<texture>dialogs/gradient_animation.png</texture>
				<animation effect="slide" time="3000" tween="sine" easing="inout" start="0,0" end="340,0" loop="true" condition="true">Conditional</animation>
			</control>
		</control>
	</controls>
</window>