<?xml version="1.0" encoding="UTF-8"?>
<window>
	<allowoverlay>true</allowoverlay>
	<visible>Window.IsActive(Visualisation) + Player.HasAudio + !Player.IsInternetStream</visible>
	<onload condition="Window.IsVisible(MusicOSD)">Dialog.Close(MusicOSD)</onload>
	<onload condition="Player.IsInternetStream">Dialog.Close</onload>
	<controls>
		<control type="group">
			<visible>!Player.IsInternetStream + !Window.IsVisible(AddonSettings) + !Window.IsVisible(SelectDialog) + !Window.IsVisible(VisualisationPresetList) + !Window.IsVisible(musicosd) + !Window.IsActive(ShutdownMenu) + !Window.IsActive(favourites)</visible>
			<visible>Control.IsVisible(110) + ![Player.Paused | Player.Forwarding | Player.Rewinding]</visible>
			<!-- ** Required ** Do not change <id> or <type> -->
			<control type="list" id="110">
				<visible>Window.IsActive(Visualisation) + Player.HasAudio</visible>				
				<top>310</top>
				<left>198</left>
				<width>1524</width>
				<height>430</height>
				<onleft>110</onleft>
				<onright>110</onright>
				<onup>110</onup>
				<ondown>110</ondown>
				<pagecontrol>111</pagecontrol>
				<scrolltime easing="out" tween="sine">180</scrolltime>
				<itemlayout width="1524" height="54">
					<control type="label">
						<width>1524</width>
						<height>54</height>
						<label>$INFO[ListItem.Label]</label>
						<font>Med26</font>
						<textcolor>ffbebebe</textcolor>
						<shadowcolor>ff000000</shadowcolor>
					</control>
				</itemlayout>
				<focusedlayout width="1524"  height="54">
					<control type="label">
						<width>1524</width>
						<height>54</height>
						<label>$INFO[ListItem.Label]</label>
						<font>Med26</font>
						<textcolor>ffffc24b</textcolor>
						<shadowcolor>ff000000</shadowcolor>
					</control>
				</focusedlayout>
			</control>
			<!-- ** Required ** Do not change <id> or <type> -->
			<control type="spincontrol" id="111">				
				<visible>false</visible>
			</control>		
			<control type="list" id="120">
				<visible>false</visible>
			</control>
			<control type="spincontrol" id="121">
				<visible>false</visible>
			</control>			
			<control type="label" id="200">
				<description>Scraper Label</description>				
				<label>-</label>
				<visible>false</visible>					
			</control>
		</control>
	</controls>
</window>